Type,SKU,Name,Published,Is featured?,Visibility in catalog,Short description,Description,Regular price,Sale price,Tax status,In stock?,Stock,Backorders allowed?,Sold individually?,Allow customer reviews?,Categories,Tags,Images,Parent,Position,Attribute 1 name,Attribute 1 value(s),Attribute 1 visible,Attribute 1 global,Attribute 1 default,Attribute 2 name,Attribute 2 value(s),Attribute 2 visible,Attribute 2 global,Attribute 2 default,Attribute 3 name,Attribute 3 value(s),Attribute 3 visible,Attribute 3 global,Attribute 3 default,Attribute 4 name,Attribute 4 value(s),Attribute 4 visible,Attribute 4 global,Attribute 4 default,Attribute 5 name,Attribute 5 value(s),Attribute 5 visible,Attribute 5 global,Attribute 5 default,Attribute 6 name,Attribute 6 value(s),Attribute 6 visible,Attribute 6 global,Attribute 6 default,Attribute 7 name,Attribute 7 value(s),Attribute 7 visible,Attribute 7 global,Attribute 7 default,Attribute 8 name,Attribute 8 value(s),Attribute 8 visible,Attribute 8 global,Attribute 8 default,Attribute 9 name,Attribute 9 value(s),Attribute 9 visible,Attribute 9 global,Attribute 9 default,Attribute 10 name,Attribute 10 value(s),Attribute 10 visible,Attribute 10 global,Attribute 10 default,Dilamco base model,Dilamco product family,Dilamco category path,,Door count,Dilamco width in,Dilamco width B in,Dilamco depth in,Dilamco height in,Dilamco ceiling height,Dilamco corner type,Dilamco color,Dilamco moulding,Dilamco variant label,Dilamco source page
variable,UC-09-12-30,Armoire murale - 9 x 12 x 30 po,0,0,visible,"Armoire murale Dilamco, dimensions 9 x 12 x 30 po. Finition Shaker disponible selon les variantes.","Module Dilamco armoire murale (U8-09-12-30), dimensions 9 x 12 x 30 po. Cabinet en contreplaqué avec fini intérieur en placage de bouleau. Porte HDF avec moulure en bouleau. Fini extérieur assorti à la porte selon la finition choisie. Prix, disponibilité, panneaux de finition, fillers et installation à confirmer avant publication.",,,taxable,1,,0,0,0,Armoires de cuisine > Armoires murales,"Dilamco, armoires, Shaker, catalogue technique",,,0,Type de module,Armoire murale,1,0,,Largeur,9,1,0,,Largeur B,,0,0,,Profondeur,12,1,0,,Hauteur,30,1,0,,Hauteur de plafond,8 pi,1,0,,Type de coin,Non,1,0,,Style de porte,Shaker,1,0,Shaker,Moulure,1 po | 3 po,1,0,1 po,Couleur,Blanc Pur,1,0,Blanc Pur,U8-09-12-30,Armoire murale,Armoires de cuisine > Armoires murales > Plafond 8 pi,,1,9,,12,30,8 pi,Non,,,,Trousse Design p.3
variation,UC-09-12-30-BP1,Armoire murale - 9 x 12 x 30 po - Shaker 1 po - Blanc Pur,0,0,visible,"Armoire murale Dilamco, dimensions 9 x 12 x 30 po. Finition Shaker disponible selon les variantes.","Module Dilamco armoire murale (U8-09-12-30), dimensions 9 x 12 x 30 po. Cabinet en contreplaqué avec fini intérieur en placage de bouleau. Porte HDF avec moulure en bouleau. Fini extérieur assorti à la porte selon la finition choisie. Prix, disponibilité, panneaux de finition, fillers et installation à confirmer avant publication.",,,taxable,1,,0,0,0,Armoires de cuisine > Armoires murales,"Dilamco, armoires, Shaker, catalogue technique",,sku:U8-09-12-30,1,Type de module,Armoire murale,1,0,,Largeur,9,1,0,,Largeur B,,0,0,,Profondeur,12,1,0,,Hauteur,30,1,0,,Hauteur de plafond,8 pi,1,0,,Type de coin,Non,1,0,,Style de porte,Shaker,1,0,,Moulure,1 po,1,0,,Couleur,Blanc Pur,1,0,,U8-09-12-30,Armoire murale,Armoires de cuisine > Armoires murales > Plafond 8 pi,,1,9,,12,30,8 pi,Non,Blanc Pur,1 po,Shaker 1 po - Blanc Pur,Trousse Design p.3
variation,UC-09-12-30-BP3,Armoire murale - 9 x 12 x 30 po - Shaker 3 po - Blanc Pur,0,0,visible,"Armoire murale Dilamco, dimensions 9 x 12 x 30 po. Finition Shaker disponible selon les variantes.","Module Dilamco armoire murale (U8-09-12-30), dimensions 9 x 12 x 30 po. Cabinet en contreplaqué avec fini intérieur en placage de bouleau. Porte HDF avec moulure en bouleau. Fini extérieur assorti à la porte selon la finition choisie. Prix, disponibilité, panneaux de finition, fillers et installation à confirmer avant publication.",,,taxable,1,,0,0,0,Armoires de cuisine > Armoires murales,"Dilamco, armoires, Shaker, catalogue technique",,sku:U8-09-12-30,2,Type de module,Armoire murale,1,0,,Largeur,9,1,0,,Largeur B,,0,0,,Profondeur,12,1,0,,Hauteur,30,1,0,,Hauteur de plafond,8 pi,1,0,,Type de coin,Non,1,0,,Style de porte,Shaker,1,0,,Moulure,3 po,1,0,,Couleur,Blanc Pur,1,0,,U8-09-12-30,Armoire murale,Armoires de cuisine > Armoires murales > Plafond 8 pi,,1,9,,12,30,8 pi,Non,Blanc Pur,3 po,Shaker 3 po - Blanc Pur,Trousse Design p.3
variable,UC-12-12-30,Armoire murale - 12 x 12 x 30 po,0,0,visible,"Armoire murale Dilamco, dimensions 12 x 12 x 30 po. Finition Shaker disponible selon les variantes.","Module Dilamco armoire murale (U8-12-12-30), dimensions 12 x 12 x 30 po. Cabinet en contreplaqué avec fini intérieur en placage de bouleau. Porte HDF avec moulure en bouleau. Fini extérieur assorti à la porte selon la finition choisie. Prix, disponibilité, panneaux de finition, fillers et installation à confirmer avant publication.",,,taxable,1,,0,0,0,Armoires de cuisine > Armoires murales,"Dilamco, armoires, Shaker, catalogue technique",,,0,Type de module,Armoire murale,1,0,,Largeur,12,1,0,,Largeur B,,0,0,,Profondeur,12,1,0,,Hauteur,30,1,0,,Hauteur de plafond,8 pi,1,0,,Type de coin,Non,1,0,,Style de porte,Shaker,1,0,Shaker,Moulure,1 po | 3 po,1,0,1 po,Couleur,Blanc Pur,1,0,Blanc Pur,U8-12-12-30,Armoire murale,Armoires de cuisine > Armoires murales > Plafond 8 pi,,1,12,,12,30,8 pi,Non,,,,Trousse Design p.3
variation,UC-12-12-30-BP1,Armoire murale - 12 x 12 x 30 po - Shaker 1 po - Blanc Pur,0,0,visible,"Armoire murale Dilamco, dimensions 12 x 12 x 30 po. Finition Shaker disponible selon les variantes.","Module Dilamco armoire murale (U8-12-12-30), dimensions 12 x 12 x 30 po. Cabinet en contreplaqué avec fini intérieur en placage de bouleau. Porte HDF avec moulure en bouleau. Fini extérieur assorti à la porte selon la finition choisie. Prix, disponibilité, panneaux de finition, fillers et installation à confirmer avant publication.",,,taxable,1,,0,0,0,Armoires de cuisine > Armoires murales,"Dilamco, armoires, Shaker, catalogue technique",,sku:U8-12-12-30,1,Type de module,Armoire murale,1,0,,Largeur,12,1,0,,Largeur B,,0,0,,Profondeur,12,1,0,,Hauteur,30,1,0,,Hauteur de plafond,8 pi,1,0,,Type de coin,Non,1,0,,Style de porte,Shaker,1,0,,Moulure,1 po,1,0,,Couleur,Blanc Pur,1,0,,U8-12-12-30,Armoire murale,Armoires de cuisine > Armoires murales > Plafond 8 pi,,1,12,,12,30,8 pi,Non,Blanc Pur,1 po,Shaker 1 po - Blanc Pur,Trousse Design p.3
variation,UC-12-12-30-BP3,Armoire murale - 12 x 12 x 30 po - Shaker 3 po - Blanc Pur,0,0,visible,"Armoire murale Dilamco, dimensions 12 x 12 x 30 po. Finition Shaker disponible selon les variantes.","Module Dilamco armoire murale (U8-12-12-30), dimensions 12 x 12 x 30 po. Cabinet en contreplaqué avec fini intérieur en placage de bouleau. Porte HDF avec moulure en bouleau. Fini extérieur assorti à la porte selon la finition choisie. Prix, disponibilité, panneaux de finition, fillers et installation à confirmer avant publication.",,,taxable,1,,0,0,0,Armoires de cuisine > Armoires murales,"Dilamco, armoires, Shaker, catalogue technique",,sku:U8-12-12-30,2,Type de module,Armoire murale,1,0,,Largeur,12,1,0,,Largeur B,,0,0,,Profondeur,12,1,0,,Hauteur,30,1,0,,Hauteur de plafond,8 pi,1,0,,Type de coin,Non,1,0,,Style de porte,Shaker,1,0,,Moulure,3 po,1,0,,Couleur,Blanc Pur,1,0,,U8-12-12-30,Armoire murale,Armoires de cuisine > Armoires murales > Plafond 8 pi,,1,12,,12,30,8 pi,Non,Blanc Pur,3 po,Shaker 3 po - Blanc Pur,Trousse Design p.3
variable,UC-15-12-30,Armoire murale - 15 x 12 x 30 po,0,0,visible,"Armoire murale Dilamco, dimensions 15 x 12 x 30 po. Finition Shaker disponible selon les variantes.","Module Dilamco armoire murale (U8-15-12-30), dimensions 15 x 12 x 30 po. Cabinet en contreplaqué avec fini intérieur en placage de bouleau. Porte HDF avec moulure en bouleau. Fini extérieur assorti à la porte selon la finition choisie. Prix, disponibilité, panneaux de finition, fillers et installation à confirmer avant publication.",,,taxable,1,,0,0,0,Armoires de cuisine > Armoires murales,"Dilamco, armoires, Shaker, catalogue technique",,,0,Type de module,Armoire murale,1,0,,Largeur,15,1,0,,Largeur B,,0,0,,Profondeur,12,1,0,,Hauteur,30,1,0,,Hauteur de plafond,8 pi,1,0,,Type de coin,Non,1,0,,Style de porte,Shaker,1,0,Shaker,Moulure,1 po | 3 po,1,0,1 po,Couleur,Blanc Pur,1,0,Blanc Pur,U8-15-12-30,Armoire murale,Armoires de cuisine > Armoires murales > Plafond 8 pi,,1,15,,12,30,8 pi,Non,,,,Trousse Design p.3
variation,UC-15-12-30-BP1,Armoire murale - 15 x 12 x 30 po - Shaker 1 po - Blanc Pur,0,0,visible,"Armoire murale Dilamco, dimensions 15 x 12 x 30 po. Finition Shaker disponible selon les variantes.","Module Dilamco armoire murale (U8-15-12-30), dimensions 15 x 12 x 30 po. Cabinet en contreplaqué avec fini intérieur en placage de bouleau. Porte HDF avec moulure en bouleau. Fini extérieur assorti à la porte selon la finition choisie. Prix, disponibilité, panneaux de finition, fillers et installation à confirmer avant publication.",,,taxable,1,,0,0,0,Armoires de cuisine > Armoires murales,"Dilamco, armoires, Shaker, catalogue technique",,sku:U8-15-12-30,1,Type de module,Armoire murale,1,0,,Largeur,15,1,0,,Largeur B,,0,0,,Profondeur,12,1,0,,Hauteur,30,1,0,,Hauteur de plafond,8 pi,1,0,,Type de coin,Non,1,0,,Style de porte,Shaker,1,0,,Moulure,1 po,1,0,,Couleur,Blanc Pur,1,0,,U8-15-12-30,Armoire murale,Armoires de cuisine > Armoires murales > Plafond 8 pi,,1,15,,12,30,8 pi,Non,Blanc Pur,1 po,Shaker 1 po - Blanc Pur,Trousse Design p.3
variation,UC-15-12-30-BP3,Armoire murale - 15 x 12 x 30 po - Shaker 3 po - Blanc Pur,0,0,visible,"Armoire murale Dilamco, dimensions 15 x 12 x 30 po. Finition Shaker disponible selon les variantes.","Module Dilamco armoire murale (U8-15-12-30), dimensions 15 x 12 x 30 po. Cabinet en contreplaqué avec fini intérieur en placage de bouleau. Porte HDF avec moulure en bouleau. Fini extérieur assorti à la porte selon la finition choisie. Prix, disponibilité, panneaux de finition, fillers et installation à confirmer avant publication.",,,taxable,1,,0,0,0,Armoires de cuisine > Armoires murales,"Dilamco, armoires, Shaker, catalogue technique",,sku:U8-15-12-30,2,Type de module,Armoire murale,1,0,,Largeur,15,1,0,,Largeur B,,0,0,,Profondeur,12,1,0,,Hauteur,30,1,0,,Hauteur de plafond,8 pi,1,0,,Type de coin,Non,1,0,,Style de porte,Shaker,1,0,,Moulure,3 po,1,0,,Couleur,Blanc Pur,1,0,,U8-15-12-30,Armoire murale,Armoires de cuisine > Armoires murales > Plafond 8 pi,,1,15,,12,30,8 pi,Non,Blanc Pur,3 po,Shaker 3 po - Blanc Pur,Trousse Design p.3
variable,UC-18-12-30,Armoire murale - 18 x 12 x 30 po,0,0,visible,"Armoire murale Dilamco, dimensions 18 x 12 x 30 po. Finition Shaker disponible selon les variantes.","Module Dilamco armoire murale (U8-18-12-30), dimensions 18 x 12 x 30 po. Cabinet en contreplaqué avec fini intérieur en placage de bouleau. Porte HDF avec moulure en bouleau. Fini extérieur assorti à la porte selon la finition choisie. Prix, disponibilité, panneaux de finition, fillers et installation à confirmer avant publication.",,,taxable,1,,0,0,0,Armoires de cuisine > Armoires murales,"Dilamco, armoires, Shaker, catalogue technique",,,0,Type de module,Armoire murale,1,0,,Largeur,18,1,0,,Largeur B,,0,0,,Profondeur,12,1,0,,Hauteur,30,1,0,,Hauteur de plafond,8 pi,1,0,,Type de coin,Non,1,0,,Style de porte,Shaker,1,0,Shaker,Moulure,1 po | 3 po,1,0,1 po,Couleur,Blanc Pur,1,0,Blanc Pur,U8-18-12-30,Armoire murale,Armoires de cuisine > Armoires murales > Plafond 8 pi,,1,18,,12,30,8 pi,Non,,,,Trousse Design p.3
variation,UC-18-12-30-BP1,Armoire murale - 18 x 12 x 30 po - Shaker 1 po - Blanc Pur,0,0,visible,"Armoire murale Dilamco, dimensions 18 x 12 x 30 po. Finition Shaker disponible selon les variantes.","Module Dilamco armoire murale (U8-18-12-30), dimensions 18 x 12 x 30 po. Cabinet en contreplaqué avec fini intérieur en placage de bouleau. Porte HDF avec moulure en bouleau. Fini extérieur assorti à la porte selon la finition choisie. Prix, disponibilité, panneaux de finition, fillers et installation à confirmer avant publication.",,,taxable,1,,0,0,0,Armoires de cuisine > Armoires murales,"Dilamco, armoires, Shaker, catalogue technique",,sku:U8-18-12-30,1,Type de module,Armoire murale,1,0,,Largeur,18,1,0,,Largeur B,,0,0,,Profondeur,12,1,0,,Hauteur,30,1,0,,Hauteur de plafond,8 pi,1,0,,Type de coin,Non,1,0,,Style de porte,Shaker,1,0,,Moulure,1 po,1,0,,Couleur,Blanc Pur,1,0,,U8-18-12-30,Armoire murale,Armoires de cuisine > Armoires murales > Plafond 8 pi,,1,18,,12,30,8 pi,Non,Blanc Pur,1 po,Shaker 1 po - Blanc Pur,Trousse Design p.3
variation,UC-18-12-30-BP3,Armoire murale - 18 x 12 x 30 po - Shaker 3 po - Blanc Pur,0,0,visible,"Armoire murale Dilamco, dimensions 18 x 12 x 30 po. Finition Shaker disponible selon les variantes.","Module Dilamco armoire murale (U8-18-12-30), dimensions 18 x 12 x 30 po. Cabinet en contreplaqué avec fini intérieur en placage de bouleau. Porte HDF avec moulure en bouleau. Fini extérieur assorti à la porte selon la finition choisie. Prix, disponibilité, panneaux de finition, fillers et installation à confirmer avant publication.",,,taxable,1,,0,0,0,Armoires de cuisine > Armoires murales,"Dilamco, armoires, Shaker, catalogue technique",,sku:U8-18-12-30,2,Type de module,Armoire murale,1,0,,Largeur,18,1,0,,Largeur B,,0,0,,Profondeur,12,1,0,,Hauteur,30,1,0,,Hauteur de plafond,8 pi,1,0,,Type de coin,Non,1,0,,Style de porte,Shaker,1,0,,Moulure,3 po,1,0,,Couleur,Blanc Pur,1,0,,U8-18-12-30,Armoire murale,Armoires de cuisine > Armoires murales > Plafond 8 pi,,1,18,,12,30,8 pi,Non,Blanc Pur,3 po,Shaker 3 po - Blanc Pur,Trousse Design p.3
variable,UC-21-12-30,Armoire murale - 21 x 12 x 30 po,0,0,visible,"Armoire murale Dilamco, dimensions 21 x 12 x 30 po. Finition Shaker disponible selon les variantes.","Module Dilamco armoire murale (U8-21-12-30), dimensions 21 x 12 x 30 po. Cabinet en contreplaqué avec fini intérieur en placage de bouleau. Porte HDF avec moulure en bouleau. Fini extérieur assorti à la porte selon la finition choisie. Prix, disponibilité, panneaux de finition, fillers et installation à confirmer avant publication.",,,taxable,1,,0,0,0,Armoires de cuisine > Armoires murales,"Dilamco, armoires, Shaker, catalogue technique",,,0,Type de module,Armoire murale,1,0,,Largeur,21,1,0,,Largeur B,,0,0,,Profondeur,12,1,0,,Hauteur,30,1,0,,Hauteur de plafond,8 pi,1,0,,Type de coin,Non,1,0,,Style de porte,Shaker,1,0,Shaker,Moulure,1 po | 3 po,1,0,1 po,Couleur,Blanc Pur,1,0,Blanc Pur,U8-21-12-30,Armoire murale,Armoires de cuisine > Armoires murales > Plafond 8 pi,,1,21,,12,30,8 pi,Non,,,,Trousse Design p.3
variation,UC-21-12-30-BP1,Armoire murale - 21 x 12 x 30 po - Shaker 1 po - Blanc Pur,0,0,visible,"Armoire murale Dilamco, dimensions 21 x 12 x 30 po. Finition Shaker disponible selon les variantes.","Module Dilamco armoire murale (U8-21-12-30), dimensions 21 x 12 x 30 po. Cabinet en contreplaqué avec fini intérieur en placage de bouleau. Porte HDF avec moulure en bouleau. Fini extérieur assorti à la porte selon la finition choisie. Prix, disponibilité, panneaux de finition, fillers et installation à confirmer avant publication.",,,taxable,1,,0,0,0,Armoires de cuisine > Armoires murales,"Dilamco, armoires, Shaker, catalogue technique",,sku:U8-21-12-30,1,Type de module,Armoire murale,1,0,,Largeur,21,1,0,,Largeur B,,0,0,,Profondeur,12,1,0,,Hauteur,30,1,0,,Hauteur de plafond,8 pi,1,0,,Type de coin,Non,1,0,,Style de porte,Shaker,1,0,,Moulure,1 po,1,0,,Couleur,Blanc Pur,1,0,,U8-21-12-30,Armoire murale,Armoires de cuisine > Armoires murales > Plafond 8 pi,,1,21,,12,30,8 pi,Non,Blanc Pur,1 po,Shaker 1 po - Blanc Pur,Trousse Design p.3
variation,UC-21-12-30-BP3,Armoire murale - 21 x 12 x 30 po - Shaker 3 po - Blanc Pur,0,0,visible,"Armoire murale Dilamco, dimensions 21 x 12 x 30 po. Finition Shaker disponible selon les variantes.","Module Dilamco armoire murale (U8-21-12-30), dimensions 21 x 12 x 30 po. Cabinet en contreplaqué avec fini intérieur en placage de bouleau. Porte HDF avec moulure en bouleau. Fini extérieur assorti à la porte selon la finition choisie. Prix, disponibilité, panneaux de finition, fillers et installation à confirmer avant publication.",,,taxable,1,,0,0,0,Armoires de cuisine > Armoires murales,"Dilamco, armoires, Shaker, catalogue technique",,sku:U8-21-12-30,2,Type de module,Armoire murale,1,0,,Largeur,21,1,0,,Largeur B,,0,0,,Profondeur,12,1,0,,Hauteur,30,1,0,,Hauteur de plafond,8 pi,1,0,,Type de coin,Non,1,0,,Style de porte,Shaker,1,0,,Moulure,3 po,1,0,,Couleur,Blanc Pur,1,0,,U8-21-12-30,Armoire murale,Armoires de cuisine > Armoires murales > Plafond 8 pi,,1,21,,12,30,8 pi,Non,Blanc Pur,3 po,Shaker 3 po - Blanc Pur,Trousse Design p.3
variable,UC-24-12-30,Armoire murale - 24 x 12 x 30 po,0,0,visible,"Armoire murale Dilamco, dimensions 24 x 12 x 30 po. Finition Shaker disponible selon les variantes.","Module Dilamco armoire murale (U8-24-12-30), dimensions 24 x 12 x 30 po. Cabinet en contreplaqué avec fini intérieur en placage de bouleau. Porte HDF avec moulure en bouleau. Fini extérieur assorti à la porte selon la finition choisie. Prix, disponibilité, panneaux de finition, fillers et installation à confirmer avant publication.",,,taxable,1,,0,0,0,Armoires de cuisine > Armoires murales,"Dilamco, armoires, Shaker, catalogue technique",,,0,Type de module,Armoire murale,1,0,,Largeur,24,1,0,,Largeur B,,0,0,,Profondeur,12,1,0,,Hauteur,30,1,0,,Hauteur de plafond,8 pi,1,0,,Type de coin,Non,1,0,,Style de porte,Shaker,1,0,Shaker,Moulure,1 po | 3 po,1,0,1 po,Couleur,Blanc Pur,1,0,Blanc Pur,U8-24-12-30,Armoire murale,Armoires de cuisine > Armoires murales > Plafond 8 pi,,2,24,,12,30,8 pi,Non,,,,Trousse Design p.3
variation,UC-24-12-30-BP1,Armoire murale - 24 x 12 x 30 po - Shaker 1 po - Blanc Pur,0,0,visible,"Armoire murale Dilamco, dimensions 24 x 12 x 30 po. Finition Shaker disponible selon les variantes.","Module Dilamco armoire murale (U8-24-12-30), dimensions 24 x 12 x 30 po. Cabinet en contreplaqué avec fini intérieur en placage de bouleau. Porte HDF avec moulure en bouleau. Fini extérieur assorti à la porte selon la finition choisie. Prix, disponibilité, panneaux de finition, fillers et installation à confirmer avant publication.",,,taxable,1,,0,0,0,Armoires de cuisine > Armoires murales,"Dilamco, armoires, Shaker, catalogue technique",,sku:U8-24-12-30,1,Type de module,Armoire murale,1,0,,Largeur,24,1,0,,Largeur B,,0,0,,Profondeur,12,1,0,,Hauteur,30,1,0,,Hauteur de plafond,8 pi,1,0,,Type de coin,Non,1,0,,Style de porte,Shaker,1,0,,Moulure,1 po,1,0,,Couleur,Blanc Pur,1,0,,U8-24-12-30,Armoire murale,Armoires de cuisine > Armoires murales > Plafond 8 pi,,2,24,,12,30,8 pi,Non,Blanc Pur,1 po,Shaker 1 po - Blanc Pur,Trousse Design p.3
variation,UC-24-12-30-BP3,Armoire murale - 24 x 12 x 30 po - Shaker 3 po - Blanc Pur,0,0,visible,"Armoire murale Dilamco, dimensions 24 x 12 x 30 po. Finition Shaker disponible selon les variantes.","Module Dilamco armoire murale (U8-24-12-30), dimensions 24 x 12 x 30 po. Cabinet en contreplaqué avec fini intérieur en placage de bouleau. Porte HDF avec moulure en bouleau. Fini extérieur assorti à la porte selon la finition choisie. Prix, disponibilité, panneaux de finition, fillers et installation à confirmer avant publication.",,,taxable,1,,0,0,0,Armoires de cuisine > Armoires murales,"Dilamco, armoires, Shaker, catalogue technique",,sku:U8-24-12-30,2,Type de module,Armoire murale,1,0,,Largeur,24,1,0,,Largeur B,,0,0,,Profondeur,12,1,0,,Hauteur,30,1,0,,Hauteur de plafond,8 pi,1,0,,Type de coin,Non,1,0,,Style de porte,Shaker,1,0,,Moulure,3 po,1,0,,Couleur,Blanc Pur,1,0,,U8-24-12-30,Armoire murale,Armoires de cuisine > Armoires murales > Plafond 8 pi,,2,24,,12,30,8 pi,Non,Blanc Pur,3 po,Shaker 3 po - Blanc Pur,Trousse Design p.3
variable,UC-27-12-30,Armoire murale - 27 x 12 x 30 po,0,0,visible,"Armoire murale Dilamco, dimensions 27 x 12 x 30 po. Finition Shaker disponible selon les variantes.","Module Dilamco armoire murale (U8-27-12-30), dimensions 27 x 12 x 30 po. Cabinet en contreplaqué avec fini intérieur en placage de bouleau. Porte HDF avec moulure en bouleau. Fini extérieur assorti à la porte selon la finition choisie. Prix, disponibilité, panneaux de finition, fillers et installation à confirmer avant publication.",,,taxable,1,,0,0,0,Armoires de cuisine > Armoires murales,"Dilamco, armoires, Shaker, catalogue technique",,,0,Type de module,Armoire murale,1,0,,Largeur,27,1,0,,Largeur B,,0,0,,Profondeur,12,1,0,,Hauteur,30,1,0,,Hauteur de plafond,8 pi,1,0,,Type de coin,Non,1,0,,Style de porte,Shaker,1,0,Shaker,Moulure,1 po | 3 po,1,0,1 po,Couleur,Blanc Pur,1,0,Blanc Pur,U8-27-12-30,Armoire murale,Armoires de cuisine > Armoires murales > Plafond 8 pi,,2,27,,12,30,8 pi,Non,,,,Trousse Design p.3
variation,UC-27-12-30-BP1,Armoire murale - 27 x 12 x 30 po - Shaker 1 po - Blanc Pur,0,0,visible,"Armoire murale Dilamco, dimensions 27 x 12 x 30 po. Finition Shaker disponible selon les variantes.","Module Dilamco armoire murale (U8-27-12-30), dimensions 27 x 12 x 30 po. Cabinet en contreplaqué avec fini intérieur en placage de bouleau. Porte HDF avec moulure en bouleau. Fini extérieur assorti à la porte selon la finition choisie. Prix, disponibilité, panneaux de finition, fillers et installation à confirmer avant publication.",,,taxable,1,,0,0,0,Armoires de cuisine > Armoires murales,"Dilamco, armoires, Shaker, catalogue technique",,sku:U8-27-12-30,1,Type de module,Armoire murale,1,0,,Largeur,27,1,0,,Largeur B,,0,0,,Profondeur,12,1,0,,Hauteur,30,1,0,,Hauteur de plafond,8 pi,1,0,,Type de coin,Non,1,0,,Style de porte,Shaker,1,0,,Moulure,1 po,1,0,,Couleur,Blanc Pur,1,0,,U8-27-12-30,Armoire murale,Armoires de cuisine > Armoires murales > Plafond 8 pi,,2,27,,12,30,8 pi,Non,Blanc Pur,1 po,Shaker 1 po - Blanc Pur,Trousse Design p.3
variation,UC-27-12-30-BP3,Armoire murale - 27 x 12 x 30 po - Shaker 3 po - Blanc Pur,0,0,visible,"Armoire murale Dilamco, dimensions 27 x 12 x 30 po. Finition Shaker disponible selon les variantes.","Module Dilamco armoire murale (U8-27-12-30), dimensions 27 x 12 x 30 po. Cabinet en contreplaqué avec fini intérieur en placage de bouleau. Porte HDF avec moulure en bouleau. Fini extérieur assorti à la porte selon la finition choisie. Prix, disponibilité, panneaux de finition, fillers et installation à confirmer avant publication.",,,taxable,1,,0,0,0,Armoires de cuisine > Armoires murales,"Dilamco, armoires, Shaker, catalogue technique",,sku:U8-27-12-30,2,Type de module,Armoire murale,1,0,,Largeur,27,1,0,,Largeur B,,0,0,,Profondeur,12,1,0,,Hauteur,30,1,0,,Hauteur de plafond,8 pi,1,0,,Type de coin,Non,1,0,,Style de porte,Shaker,1,0,,Moulure,3 po,1,0,,Couleur,Blanc Pur,1,0,,U8-27-12-30,Armoire murale,Armoires de cuisine > Armoires murales > Plafond 8 pi,,2,27,,12,30,8 pi,Non,Blanc Pur,3 po,Shaker 3 po - Blanc Pur,Trousse Design p.3
variable,UC-30-12-30,Armoire murale - 30 x 12 x 30 po,0,0,visible,"Armoire murale Dilamco, dimensions 30 x 12 x 30 po. Finition Shaker disponible selon les variantes.","Module Dilamco armoire murale (U8-30-12-30), dimensions 30 x 12 x 30 po. Cabinet en contreplaqué avec fini intérieur en placage de bouleau. Porte HDF avec moulure en bouleau. Fini extérieur assorti à la porte selon la finition choisie. Prix, disponibilité, panneaux de finition, fillers et installation à confirmer avant publication.",,,taxable,1,,0,0,0,Armoires de cuisine > Armoires murales,"Dilamco, armoires, Shaker, catalogue technique",,,0,Type de module,Armoire murale,1,0,,Largeur,30,1,0,,Largeur B,,0,0,,Profondeur,12,1,0,,Hauteur,30,1,0,,Hauteur de plafond,8 pi,1,0,,Type de coin,Non,1,0,,Style de porte,Shaker,1,0,Shaker,Moulure,1 po | 3 po,1,0,1 po,Couleur,Blanc Pur,1,0,Blanc Pur,U8-30-12-30,Armoire murale,Armoires de cuisine > Armoires murales > Plafond 8 pi,,2,30,,12,30,8 pi,Non,,,,Trousse Design p.3
variation,UC-30-12-30-BP1,Armoire murale - 30 x 12 x 30 po - Shaker 1 po - Blanc Pur,0,0,visible,"Armoire murale Dilamco, dimensions 30 x 12 x 30 po. Finition Shaker disponible selon les variantes.","Module Dilamco armoire murale (U8-30-12-30), dimensions 30 x 12 x 30 po. Cabinet en contreplaqué avec fini intérieur en placage de bouleau. Porte HDF avec moulure en bouleau. Fini extérieur assorti à la porte selon la finition choisie. Prix, disponibilité, panneaux de finition, fillers et installation à confirmer avant publication.",,,taxable,1,,0,0,0,Armoires de cuisine > Armoires murales,"Dilamco, armoires, Shaker, catalogue technique",,sku:U8-30-12-30,1,Type de module,Armoire murale,1,0,,Largeur,30,1,0,,Largeur B,,0,0,,Profondeur,12,1,0,,Hauteur,30,1,0,,Hauteur de plafond,8 pi,1,0,,Type de coin,Non,1,0,,Style de porte,Shaker,1,0,,Moulure,1 po,1,0,,Couleur,Blanc Pur,1,0,,U8-30-12-30,Armoire murale,Armoires de cuisine > Armoires murales > Plafond 8 pi,,2,30,,12,30,8 pi,Non,Blanc Pur,1 po,Shaker 1 po - Blanc Pur,Trousse Design p.3
variation,UC-30-12-30-BP3,Armoire murale - 30 x 12 x 30 po - Shaker 3 po - Blanc Pur,0,0,visible,"Armoire murale Dilamco, dimensions 30 x 12 x 30 po. Finition Shaker disponible selon les variantes.","Module Dilamco armoire murale (U8-30-12-30), dimensions 30 x 12 x 30 po. Cabinet en contreplaqué avec fini intérieur en placage de bouleau. Porte HDF avec moulure en bouleau. Fini extérieur assorti à la porte selon la finition choisie. Prix, disponibilité, panneaux de finition, fillers et installation à confirmer avant publication.",,,taxable,1,,0,0,0,Armoires de cuisine > Armoires murales,"Dilamco, armoires, Shaker, catalogue technique",,sku:U8-30-12-30,2,Type de module,Armoire murale,1,0,,Largeur,30,1,0,,Largeur B,,0,0,,Profondeur,12,1,0,,Hauteur,30,1,0,,Hauteur de plafond,8 pi,1,0,,Type de coin,Non,1,0,,Style de porte,Shaker,1,0,,Moulure,3 po,1,0,,Couleur,Blanc Pur,1,0,,U8-30-12-30,Armoire murale,Armoires de cuisine > Armoires murales > Plafond 8 pi,,2,30,,12,30,8 pi,Non,Blanc Pur,3 po,Shaker 3 po - Blanc Pur,Trousse Design p.3
variable,UC-33-12-30,Armoire murale - 33 x 12 x 30 po,0,0,visible,"Armoire murale Dilamco, dimensions 33 x 12 x 30 po. Finition Shaker disponible selon les variantes.","Module Dilamco armoire murale (U8-33-12-30), dimensions 33 x 12 x 30 po. Cabinet en contreplaqué avec fini intérieur en placage de bouleau. Porte HDF avec moulure en bouleau. Fini extérieur assorti à la porte selon la finition choisie. Prix, disponibilité, panneaux de finition, fillers et installation à confirmer avant publication.",,,taxable,1,,0,0,0,Armoires de cuisine > Armoires murales,"Dilamco, armoires, Shaker, catalogue technique",,,0,Type de module,Armoire murale,1,0,,Largeur,33,1,0,,Largeur B,,0,0,,Profondeur,12,1,0,,Hauteur,30,1,0,,Hauteur de plafond,8 pi,1,0,,Type de coin,Non,1,0,,Style de porte,Shaker,1,0,Shaker,Moulure,1 po | 3 po,1,0,1 po,Couleur,Blanc Pur,1,0,Blanc Pur,U8-33-12-30,Armoire murale,Armoires de cuisine > Armoires murales > Plafond 8 pi,,2,33,,12,30,8 pi,Non,,,,Trousse Design p.3
variation,UC-33-12-30-BP1,Armoire murale - 33 x 12 x 30 po - Shaker 1 po - Blanc Pur,0,0,visible,"Armoire murale Dilamco, dimensions 33 x 12 x 30 po. Finition Shaker disponible selon les variantes.","Module Dilamco armoire murale (U8-33-12-30), dimensions 33 x 12 x 30 po. Cabinet en contreplaqué avec fini intérieur en placage de bouleau. Porte HDF avec moulure en bouleau. Fini extérieur assorti à la porte selon la finition choisie. Prix, disponibilité, panneaux de finition, fillers et installation à confirmer avant publication.",,,taxable,1,,0,0,0,Armoires de cuisine > Armoires murales,"Dilamco, armoires, Shaker, catalogue technique",,sku:U8-33-12-30,1,Type de module,Armoire murale,1,0,,Largeur,33,1,0,,Largeur B,,0,0,,Profondeur,12,1,0,,Hauteur,30,1,0,,Hauteur de plafond,8 pi,1,0,,Type de coin,Non,1,0,,Style de porte,Shaker,1,0,,Moulure,1 po,1,0,,Couleur,Blanc Pur,1,0,,U8-33-12-30,Armoire murale,Armoires de cuisine > Armoires murales > Plafond 8 pi,,2,33,,12,30,8 pi,Non,Blanc Pur,1 po,Shaker 1 po - Blanc Pur,Trousse Design p.3
variation,UC-33-12-30-BP3,Armoire murale - 33 x 12 x 30 po - Shaker 3 po - Blanc Pur,0,0,visible,"Armoire murale Dilamco, dimensions 33 x 12 x 30 po. Finition Shaker disponible selon les variantes.","Module Dilamco armoire murale (U8-33-12-30), dimensions 33 x 12 x 30 po. Cabinet en contreplaqué avec fini intérieur en placage de bouleau. Porte HDF avec moulure en bouleau. Fini extérieur assorti à la porte selon la finition choisie. Prix, disponibilité, panneaux de finition, fillers et installation à confirmer avant publication.",,,taxable,1,,0,0,0,Armoires de cuisine > Armoires murales,"Dilamco, armoires, Shaker, catalogue technique",,sku:U8-33-12-30,2,Type de module,Armoire murale,1,0,,Largeur,33,1,0,,Largeur B,,0,0,,Profondeur,12,1,0,,Hauteur,30,1,0,,Hauteur de plafond,8 pi,1,0,,Type de coin,Non,1,0,,Style de porte,Shaker,1,0,,Moulure,3 po,1,0,,Couleur,Blanc Pur,1,0,,U8-33-12-30,Armoire murale,Armoires de cuisine > Armoires murales > Plafond 8 pi,,2,33,,12,30,8 pi,Non,Blanc Pur,3 po,Shaker 3 po - Blanc Pur,Trousse Design p.3
variable,UC-36-12-30,Armoire murale - 36 x 12 x 30 po,0,0,visible,"Armoire murale Dilamco, dimensions 36 x 12 x 30 po. Finition Shaker disponible selon les variantes.","Module Dilamco armoire murale (U8-36-12-30), dimensions 36 x 12 x 30 po. Cabinet en contreplaqué avec fini intérieur en placage de bouleau. Porte HDF avec moulure en bouleau. Fini extérieur assorti à la porte selon la finition choisie. Prix, disponibilité, panneaux de finition, fillers et installation à confirmer avant publication.",,,taxable,1,,0,0,0,Armoires de cuisine > Armoires murales,"Dilamco, armoires, Shaker, catalogue technique",,,0,Type de module,Armoire murale,1,0,,Largeur,36,1,0,,Largeur B,,0,0,,Profondeur,12,1,0,,Hauteur,30,1,0,,Hauteur de plafond,8 pi,1,0,,Type de coin,Non,1,0,,Style de porte,Shaker,1,0,Shaker,Moulure,1 po | 3 po,1,0,1 po,Couleur,Blanc Pur,1,0,Blanc Pur,U8-36-12-30,Armoire murale,Armoires de cuisine > Armoires murales > Plafond 8 pi,,2,36,,12,30,8 pi,Non,,,,Trousse Design p.3
variation,UC-36-12-30-BP1,Armoire murale - 36 x 12 x 30 po - Shaker 1 po - Blanc Pur,0,0,visible,"Armoire murale Dilamco, dimensions 36 x 12 x 30 po. Finition Shaker disponible selon les variantes.","Module Dilamco armoire murale (U8-36-12-30), dimensions 36 x 12 x 30 po. Cabinet en contreplaqué avec fini intérieur en placage de bouleau. Porte HDF avec moulure en bouleau. Fini extérieur assorti à la porte selon la finition choisie. Prix, disponibilité, panneaux de finition, fillers et installation à confirmer avant publication.",,,taxable,1,,0,0,0,Armoires de cuisine > Armoires murales,"Dilamco, armoires, Shaker, catalogue technique",,sku:U8-36-12-30,1,Type de module,Armoire murale,1,0,,Largeur,36,1,0,,Largeur B,,0,0,,Profondeur,12,1,0,,Hauteur,30,1,0,,Hauteur de plafond,8 pi,1,0,,Type de coin,Non,1,0,,Style de porte,Shaker,1,0,,Moulure,1 po,1,0,,Couleur,Blanc Pur,1,0,,U8-36-12-30,Armoire murale,Armoires de cuisine > Armoires murales > Plafond 8 pi,,2,36,,12,30,8 pi,Non,Blanc Pur,1 po,Shaker 1 po - Blanc Pur,Trousse Design p.3
variation,UC-36-12-30-BP3,Armoire murale - 36 x 12 x 30 po - Shaker 3 po - Blanc Pur,0,0,visible,"Armoire murale Dilamco, dimensions 36 x 12 x 30 po. Finition Shaker disponible selon les variantes.","Module Dilamco armoire murale (U8-36-12-30), dimensions 36 x 12 x 30 po. Cabinet en contreplaqué avec fini intérieur en placage de bouleau. Porte HDF avec moulure en bouleau. Fini extérieur assorti à la porte selon la finition choisie. Prix, disponibilité, panneaux de finition, fillers et installation à confirmer avant publication.",,,taxable,1,,0,0,0,Armoires de cuisine > Armoires murales,"Dilamco, armoires, Shaker, catalogue technique",,sku:U8-36-12-30,2,Type de module,Armoire murale,1,0,,Largeur,36,1,0,,Largeur B,,0,0,,Profondeur,12,1,0,,Hauteur,30,1,0,,Hauteur de plafond,8 pi,1,0,,Type de coin,Non,1,0,,Style de porte,Shaker,1,0,,Moulure,3 po,1,0,,Couleur,Blanc Pur,1,0,,U8-36-12-30,Armoire murale,Armoires de cuisine > Armoires murales > Plafond 8 pi,,2,36,,12,30,8 pi,Non,Blanc Pur,3 po,Shaker 3 po - Blanc Pur,Trousse Design p.3
variable,UC-09-12-36,Armoire murale - 9 x 12 x 36 po,0,0,visible,"Armoire murale Dilamco, dimensions 9 x 12 x 36 po. Finition Shaker disponible selon les variantes.","Module Dilamco armoire murale (U8-09-12-36), dimensions 9 x 12 x 36 po. Cabinet en contreplaqué avec fini intérieur en placage de bouleau. Porte HDF avec moulure en bouleau. Fini extérieur assorti à la porte selon la finition choisie. Prix, disponibilité, panneaux de finition, fillers et installation à confirmer avant publication.",,,taxable,1,,0,0,0,Armoires de cuisine > Armoires murales,"Dilamco, armoires, Shaker, catalogue technique",,,0,Type de module,Armoire murale,1,0,,Largeur,9,1,0,,Largeur B,,0,0,,Profondeur,12,1,0,,Hauteur,36,1,0,,Hauteur de plafond,8 pi,1,0,,Type de coin,Non,1,0,,Style de porte,Shaker,1,0,Shaker,Moulure,1 po | 3 po,1,0,1 po,Couleur,Blanc Pur,1,0,Blanc Pur,U8-09-12-36,Armoire murale,Armoires de cuisine > Armoires murales > Plafond 8 pi,,1,9,,12,36,8 pi,Non,,,,Trousse Design p.3
variation,UC-09-12-36-BP1,Armoire murale - 9 x 12 x 36 po - Shaker 1 po - Blanc Pur,0,0,visible,"Armoire murale Dilamco, dimensions 9 x 12 x 36 po. Finition Shaker disponible selon les variantes.","Module Dilamco armoire murale (U8-09-12-36), dimensions 9 x 12 x 36 po. Cabinet en contreplaqué avec fini intérieur en placage de bouleau. Porte HDF avec moulure en bouleau. Fini extérieur assorti à la porte selon la finition choisie. Prix, disponibilité, panneaux de finition, fillers et installation à confirmer avant publication.",,,taxable,1,,0,0,0,Armoires de cuisine > Armoires murales,"Dilamco, armoires, Shaker, catalogue technique",,sku:U8-09-12-36,1,Type de module,Armoire murale,1,0,,Largeur,9,1,0,,Largeur B,,0,0,,Profondeur,12,1,0,,Hauteur,36,1,0,,Hauteur de plafond,8 pi,1,0,,Type de coin,Non,1,0,,Style de porte,Shaker,1,0,,Moulure,1 po,1,0,,Couleur,Blanc Pur,1,0,,U8-09-12-36,Armoire murale,Armoires de cuisine > Armoires murales > Plafond 8 pi,,1,9,,12,36,8 pi,Non,Blanc Pur,1 po,Shaker 1 po - Blanc Pur,Trousse Design p.3
variation,UC-09-12-36-BP3,Armoire murale - 9 x 12 x 36 po - Shaker 3 po - Blanc Pur,0,0,visible,"Armoire murale Dilamco, dimensions 9 x 12 x 36 po. Finition Shaker disponible selon les variantes.","Module Dilamco armoire murale (U8-09-12-36), dimensions 9 x 12 x 36 po. Cabinet en contreplaqué avec fini intérieur en placage de bouleau. Porte HDF avec moulure en bouleau. Fini extérieur assorti à la porte selon la finition choisie. Prix, disponibilité, panneaux de finition, fillers et installation à confirmer avant publication.",,,taxable,1,,0,0,0,Armoires de cuisine > Armoires murales,"Dilamco, armoires, Shaker, catalogue technique",,sku:U8-09-12-36,2,Type de module,Armoire murale,1,0,,Largeur,9,1,0,,Largeur B,,0,0,,Profondeur,12,1,0,,Hauteur,36,1,0,,Hauteur de plafond,8 pi,1,0,,Type de coin,Non,1,0,,Style de porte,Shaker,1,0,,Moulure,3 po,1,0,,Couleur,Blanc Pur,1,0,,U8-09-12-36,Armoire murale,Armoires de cuisine > Armoires murales > Plafond 8 pi,,1,9,,12,36,8 pi,Non,Blanc Pur,3 po,Shaker 3 po - Blanc Pur,Trousse Design p.3
variable,UC-12-12-36,Armoire murale - 12 x 12 x 36 po,0,0,visible,"Armoire murale Dilamco, dimensions 12 x 12 x 36 po. Finition Shaker disponible selon les variantes.","Module Dilamco armoire murale (U8-12-12-36), dimensions 12 x 12 x 36 po. Cabinet en contreplaqué avec fini intérieur en placage de bouleau. Porte HDF avec moulure en bouleau. Fini extérieur assorti à la porte selon la finition choisie. Prix, disponibilité, panneaux de finition, fillers et installation à confirmer avant publication.",,,taxable,1,,0,0,0,Armoires de cuisine > Armoires murales,"Dilamco, armoires, Shaker, catalogue technique",,,0,Type de module,Armoire murale,1,0,,Largeur,12,1,0,,Largeur B,,0,0,,Profondeur,12,1,0,,Hauteur,36,1,0,,Hauteur de plafond,8 pi,1,0,,Type de coin,Non,1,0,,Style de porte,Shaker,1,0,Shaker,Moulure,1 po | 3 po,1,0,1 po,Couleur,Blanc Pur,1,0,Blanc Pur,U8-12-12-36,Armoire murale,Armoires de cuisine > Armoires murales > Plafond 8 pi,,1,12,,12,36,8 pi,Non,,,,Trousse Design p.3
variation,UC-12-12-36-BP1,Armoire murale - 12 x 12 x 36 po - Shaker 1 po - Blanc Pur,0,0,visible,"Armoire murale Dilamco, dimensions 12 x 12 x 36 po. Finition Shaker disponible selon les variantes.","Module Dilamco armoire murale (U8-12-12-36), dimensions 12 x 12 x 36 po. Cabinet en contreplaqué avec fini intérieur en placage de bouleau. Porte HDF avec moulure en bouleau. Fini extérieur assorti à la porte selon la finition choisie. Prix, disponibilité, panneaux de finition, fillers et installation à confirmer avant publication.",,,taxable,1,,0,0,0,Armoires de cuisine > Armoires murales,"Dilamco, armoires, Shaker, catalogue technique",,sku:U8-12-12-36,1,Type de module,Armoire murale,1,0,,Largeur,12,1,0,,Largeur B,,0,0,,Profondeur,12,1,0,,Hauteur,36,1,0,,Hauteur de plafond,8 pi,1,0,,Type de coin,Non,1,0,,Style de porte,Shaker,1,0,,Moulure,1 po,1,0,,Couleur,Blanc Pur,1,0,,U8-12-12-36,Armoire murale,Armoires de cuisine > Armoires murales > Plafond 8 pi,,1,12,,12,36,8 pi,Non,Blanc Pur,1 po,Shaker 1 po - Blanc Pur,Trousse Design p.3
variation,UC-12-12-36-BP3,Armoire murale - 12 x 12 x 36 po - Shaker 3 po - Blanc Pur,0,0,visible,"Armoire murale Dilamco, dimensions 12 x 12 x 36 po. Finition Shaker disponible selon les variantes.","Module Dilamco armoire murale (U8-12-12-36), dimensions 12 x 12 x 36 po. Cabinet en contreplaqué avec fini intérieur en placage de bouleau. Porte HDF avec moulure en bouleau. Fini extérieur assorti à la porte selon la finition choisie. Prix, disponibilité, panneaux de finition, fillers et installation à confirmer avant publication.",,,taxable,1,,0,0,0,Armoires de cuisine > Armoires murales,"Dilamco, armoires, Shaker, catalogue technique",,sku:U8-12-12-36,2,Type de module,Armoire murale,1,0,,Largeur,12,1,0,,Largeur B,,0,0,,Profondeur,12,1,0,,Hauteur,36,1,0,,Hauteur de plafond,8 pi,1,0,,Type de coin,Non,1,0,,Style de porte,Shaker,1,0,,Moulure,3 po,1,0,,Couleur,Blanc Pur,1,0,,U8-12-12-36,Armoire murale,Armoires de cuisine > Armoires murales > Plafond 8 pi,,1,12,,12,36,8 pi,Non,Blanc Pur,3 po,Shaker 3 po - Blanc Pur,Trousse Design p.3
variable,UC-15-12-36,Armoire murale - 15 x 12 x 36 po,0,0,visible,"Armoire murale Dilamco, dimensions 15 x 12 x 36 po. Finition Shaker disponible selon les variantes.","Module Dilamco armoire murale (U8-15-12-36), dimensions 15 x 12 x 36 po. Cabinet en contreplaqué avec fini intérieur en placage de bouleau. Porte HDF avec moulure en bouleau. Fini extérieur assorti à la porte selon la finition choisie. Prix, disponibilité, panneaux de finition, fillers et installation à confirmer avant publication.",,,taxable,1,,0,0,0,Armoires de cuisine > Armoires murales,"Dilamco, armoires, Shaker, catalogue technique",,,0,Type de module,Armoire murale,1,0,,Largeur,15,1,0,,Largeur B,,0,0,,Profondeur,12,1,0,,Hauteur,36,1,0,,Hauteur de plafond,8 pi,1,0,,Type de coin,Non,1,0,,Style de porte,Shaker,1,0,Shaker,Moulure,1 po | 3 po,1,0,1 po,Couleur,Blanc Pur,1,0,Blanc Pur,U8-15-12-36,Armoire murale,Armoires de cuisine > Armoires murales > Plafond 8 pi,,1,15,,12,36,8 pi,Non,,,,Trousse Design p.3
variation,UC-15-12-36-BP1,Armoire murale - 15 x 12 x 36 po - Shaker 1 po - Blanc Pur,0,0,visible,"Armoire murale Dilamco, dimensions 15 x 12 x 36 po. Finition Shaker disponible selon les variantes.","Module Dilamco armoire murale (U8-15-12-36), dimensions 15 x 12 x 36 po. Cabinet en contreplaqué avec fini intérieur en placage de bouleau. Porte HDF avec moulure en bouleau. Fini extérieur assorti à la porte selon la finition choisie. Prix, disponibilité, panneaux de finition, fillers et installation à confirmer avant publication.",,,taxable,1,,0,0,0,Armoires de cuisine > Armoires murales,"Dilamco, armoires, Shaker, catalogue technique",,sku:U8-15-12-36,1,Type de module,Armoire murale,1,0,,Largeur,15,1,0,,Largeur B,,0,0,,Profondeur,12,1,0,,Hauteur,36,1,0,,Hauteur de plafond,8 pi,1,0,,Type de coin,Non,1,0,,Style de porte,Shaker,1,0,,Moulure,1 po,1,0,,Couleur,Blanc Pur,1,0,,U8-15-12-36,Armoire murale,Armoires de cuisine > Armoires murales > Plafond 8 pi,,1,15,,12,36,8 pi,Non,Blanc Pur,1 po,Shaker 1 po - Blanc Pur,Trousse Design p.3
variation,UC-15-12-36-BP3,Armoire murale - 15 x 12 x 36 po - Shaker 3 po - Blanc Pur,0,0,visible,"Armoire murale Dilamco, dimensions 15 x 12 x 36 po. Finition Shaker disponible selon les variantes.","Module Dilamco armoire murale (U8-15-12-36), dimensions 15 x 12 x 36 po. Cabinet en contreplaqué avec fini intérieur en placage de bouleau. Porte HDF avec moulure en bouleau. Fini extérieur assorti à la porte selon la finition choisie. Prix, disponibilité, panneaux de finition, fillers et installation à confirmer avant publication.",,,taxable,1,,0,0,0,Armoires de cuisine > Armoires murales,"Dilamco, armoires, Shaker, catalogue technique",,sku:U8-15-12-36,2,Type de module,Armoire murale,1,0,,Largeur,15,1,0,,Largeur B,,0,0,,Profondeur,12,1,0,,Hauteur,36,1,0,,Hauteur de plafond,8 pi,1,0,,Type de coin,Non,1,0,,Style de porte,Shaker,1,0,,Moulure,3 po,1,0,,Couleur,Blanc Pur,1,0,,U8-15-12-36,Armoire murale,Armoires de cuisine > Armoires murales > Plafond 8 pi,,1,15,,12,36,8 pi,Non,Blanc Pur,3 po,Shaker 3 po - Blanc Pur,Trousse Design p.3
variable,UC-18-12-36,Armoire murale - 18 x 12 x 36 po,0,0,visible,"Armoire murale Dilamco, dimensions 18 x 12 x 36 po. Finition Shaker disponible selon les variantes.","Module Dilamco armoire murale (U8-18-12-36), dimensions 18 x 12 x 36 po. Cabinet en contreplaqué avec fini intérieur en placage de bouleau. Porte HDF avec moulure en bouleau. Fini extérieur assorti à la porte selon la finition choisie. Prix, disponibilité, panneaux de finition, fillers et installation à confirmer avant publication.",,,taxable,1,,0,0,0,Armoires de cuisine > Armoires murales,"Dilamco, armoires, Shaker, catalogue technique",,,0,Type de module,Armoire murale,1,0,,Largeur,18,1,0,,Largeur B,,0,0,,Profondeur,12,1,0,,Hauteur,36,1,0,,Hauteur de plafond,8 pi,1,0,,Type de coin,Non,1,0,,Style de porte,Shaker,1,0,Shaker,Moulure,1 po | 3 po,1,0,1 po,Couleur,Blanc Pur,1,0,Blanc Pur,U8-18-12-36,Armoire murale,Armoires de cuisine > Armoires murales > Plafond 8 pi,,1,18,,12,36,8 pi,Non,,,,Trousse Design p.3
variation,UC-18-12-36-BP1,Armoire murale - 18 x 12 x 36 po - Shaker 1 po - Blanc Pur,0,0,visible,"Armoire murale Dilamco, dimensions 18 x 12 x 36 po. Finition Shaker disponible selon les variantes.","Module Dilamco armoire murale (U8-18-12-36), dimensions 18 x 12 x 36 po. Cabinet en contreplaqué avec fini intérieur en placage de bouleau. Porte HDF avec moulure en bouleau. Fini extérieur assorti à la porte selon la finition choisie. Prix, disponibilité, panneaux de finition, fillers et installation à confirmer avant publication.",,,taxable,1,,0,0,0,Armoires de cuisine > Armoires murales,"Dilamco, armoires, Shaker, catalogue technique",,sku:U8-18-12-36,1,Type de module,Armoire murale,1,0,,Largeur,18,1,0,,Largeur B,,0,0,,Profondeur,12,1,0,,Hauteur,36,1,0,,Hauteur de plafond,8 pi,1,0,,Type de coin,Non,1,0,,Style de porte,Shaker,1,0,,Moulure,1 po,1,0,,Couleur,Blanc Pur,1,0,,U8-18-12-36,Armoire murale,Armoires de cuisine > Armoires murales > Plafond 8 pi,,1,18,,12,36,8 pi,Non,Blanc Pur,1 po,Shaker 1 po - Blanc Pur,Trousse Design p.3
variation,UC-18-12-36-BP3,Armoire murale - 18 x 12 x 36 po - Shaker 3 po - Blanc Pur,0,0,visible,"Armoire murale Dilamco, dimensions 18 x 12 x 36 po. Finition Shaker disponible selon les variantes.","Module Dilamco armoire murale (U8-18-12-36), dimensions 18 x 12 x 36 po. Cabinet en contreplaqué avec fini intérieur en placage de bouleau. Porte HDF avec moulure en bouleau. Fini extérieur assorti à la porte selon la finition choisie. Prix, disponibilité, panneaux de finition, fillers et installation à confirmer avant publication.",,,taxable,1,,0,0,0,Armoires de cuisine > Armoires murales,"Dilamco, armoires, Shaker, catalogue technique",,sku:U8-18-12-36,2,Type de module,Armoire murale,1,0,,Largeur,18,1,0,,Largeur B,,0,0,,Profondeur,12,1,0,,Hauteur,36,1,0,,Hauteur de plafond,8 pi,1,0,,Type de coin,Non,1,0,,Style de porte,Shaker,1,0,,Moulure,3 po,1,0,,Couleur,Blanc Pur,1,0,,U8-18-12-36,Armoire murale,Armoires de cuisine > Armoires murales > Plafond 8 pi,,1,18,,12,36,8 pi,Non,Blanc Pur,3 po,Shaker 3 po - Blanc Pur,Trousse Design p.3
variable,UC-21-12-36,Armoire murale - 21 x 12 x 36 po,0,0,visible,"Armoire murale Dilamco, dimensions 21 x 12 x 36 po. Finition Shaker disponible selon les variantes.","Module Dilamco armoire murale (U8-21-12-36), dimensions 21 x 12 x 36 po. Cabinet en contreplaqué avec fini intérieur en placage de bouleau. Porte HDF avec moulure en bouleau. Fini extérieur assorti à la porte selon la finition choisie. Prix, disponibilité, panneaux de finition, fillers et installation à confirmer avant publication.",,,taxable,1,,0,0,0,Armoires de cuisine > Armoires murales,"Dilamco, armoires, Shaker, catalogue technique",,,0,Type de module,Armoire murale,1,0,,Largeur,21,1,0,,Largeur B,,0,0,,Profondeur,12,1,0,,Hauteur,36,1,0,,Hauteur de plafond,8 pi,1,0,,Type de coin,Non,1,0,,Style de porte,Shaker,1,0,Shaker,Moulure,1 po | 3 po,1,0,1 po,Couleur,Blanc Pur,1,0,Blanc Pur,U8-21-12-36,Armoire murale,Armoires de cuisine > Armoires murales > Plafond 8 pi,,1,21,,12,36,8 pi,Non,,,,Trousse Design p.3
variation,UC-21-12-36-BP1,Armoire murale - 21 x 12 x 36 po - Shaker 1 po - Blanc Pur,0,0,visible,"Armoire murale Dilamco, dimensions 21 x 12 x 36 po. Finition Shaker disponible selon les variantes.","Module Dilamco armoire murale (U8-21-12-36), dimensions 21 x 12 x 36 po. Cabinet en contreplaqué avec fini intérieur en placage de bouleau. Porte HDF avec moulure en bouleau. Fini extérieur assorti à la porte selon la finition choisie. Prix, disponibilité, panneaux de finition, fillers et installation à confirmer avant publication.",,,taxable,1,,0,0,0,Armoires de cuisine > Armoires murales,"Dilamco, armoires, Shaker, catalogue technique",,sku:U8-21-12-36,1,Type de module,Armoire murale,1,0,,Largeur,21,1,0,,Largeur B,,0,0,,Profondeur,12,1,0,,Hauteur,36,1,0,,Hauteur de plafond,8 pi,1,0,,Type de coin,Non,1,0,,Style de porte,Shaker,1,0,,Moulure,1 po,1,0,,Couleur,Blanc Pur,1,0,,U8-21-12-36,Armoire murale,Armoires de cuisine > Armoires murales > Plafond 8 pi,,1,21,,12,36,8 pi,Non,Blanc Pur,1 po,Shaker 1 po - Blanc Pur,Trousse Design p.3
variation,UC-21-12-36-BP3,Armoire murale - 21 x 12 x 36 po - Shaker 3 po - Blanc Pur,0,0,visible,"Armoire murale Dilamco, dimensions 21 x 12 x 36 po. Finition Shaker disponible selon les variantes.","Module Dilamco armoire murale (U8-21-12-36), dimensions 21 x 12 x 36 po. Cabinet en contreplaqué avec fini intérieur en placage de bouleau. Porte HDF avec moulure en bouleau. Fini extérieur assorti à la porte selon la finition choisie. Prix, disponibilité, panneaux de finition, fillers et installation à confirmer avant publication.",,,taxable,1,,0,0,0,Armoires de cuisine > Armoires murales,"Dilamco, armoires, Shaker, catalogue technique",,sku:U8-21-12-36,2,Type de module,Armoire murale,1,0,,Largeur,21,1,0,,Largeur B,,0,0,,Profondeur,12,1,0,,Hauteur,36,1,0,,Hauteur de plafond,8 pi,1,0,,Type de coin,Non,1,0,,Style de porte,Shaker,1,0,,Moulure,3 po,1,0,,Couleur,Blanc Pur,1,0,,U8-21-12-36,Armoire murale,Armoires de cuisine > Armoires murales > Plafond 8 pi,,1,21,,12,36,8 pi,Non,Blanc Pur,3 po,Shaker 3 po - Blanc Pur,Trousse Design p.3
variable,UC-24-12-36,Armoire murale - 24 x 12 x 36 po,0,0,visible,"Armoire murale Dilamco, dimensions 24 x 12 x 36 po. Finition Shaker disponible selon les variantes.","Module Dilamco armoire murale (U8-24-12-36), dimensions 24 x 12 x 36 po. Cabinet en contreplaqué avec fini intérieur en placage de bouleau. Porte HDF avec moulure en bouleau. Fini extérieur assorti à la porte selon la finition choisie. Prix, disponibilité, panneaux de finition, fillers et installation à confirmer avant publication.",,,taxable,1,,0,0,0,Armoires de cuisine > Armoires murales,"Dilamco, armoires, Shaker, catalogue technique",,,0,Type de module,Armoire murale,1,0,,Largeur,24,1,0,,Largeur B,,0,0,,Profondeur,12,1,0,,Hauteur,36,1,0,,Hauteur de plafond,8 pi,1,0,,Type de coin,Non,1,0,,Style de porte,Shaker,1,0,Shaker,Moulure,1 po | 3 po,1,0,1 po,Couleur,Blanc Pur,1,0,Blanc Pur,U8-24-12-36,Armoire murale,Armoires de cuisine > Armoires murales > Plafond 8 pi,,2,24,,12,36,8 pi,Non,,,,Trousse Design p.3
variation,UC-24-12-36-BP1,Armoire murale - 24 x 12 x 36 po - Shaker 1 po - Blanc Pur,0,0,visible,"Armoire murale Dilamco, dimensions 24 x 12 x 36 po. Finition Shaker disponible selon les variantes.","Module Dilamco armoire murale (U8-24-12-36), dimensions 24 x 12 x 36 po. Cabinet en contreplaqué avec fini intérieur en placage de bouleau. Porte HDF avec moulure en bouleau. Fini extérieur assorti à la porte selon la finition choisie. Prix, disponibilité, panneaux de finition, fillers et installation à confirmer avant publication.",,,taxable,1,,0,0,0,Armoires de cuisine > Armoires murales,"Dilamco, armoires, Shaker, catalogue technique",,sku:U8-24-12-36,1,Type de module,Armoire murale,1,0,,Largeur,24,1,0,,Largeur B,,0,0,,Profondeur,12,1,0,,Hauteur,36,1,0,,Hauteur de plafond,8 pi,1,0,,Type de coin,Non,1,0,,Style de porte,Shaker,1,0,,Moulure,1 po,1,0,,Couleur,Blanc Pur,1,0,,U8-24-12-36,Armoire murale,Armoires de cuisine > Armoires murales > Plafond 8 pi,,2,24,,12,36,8 pi,Non,Blanc Pur,1 po,Shaker 1 po - Blanc Pur,Trousse Design p.3
variation,UC-24-12-36-BP3,Armoire murale - 24 x 12 x 36 po - Shaker 3 po - Blanc Pur,0,0,visible,"Armoire murale Dilamco, dimensions 24 x 12 x 36 po. Finition Shaker disponible selon les variantes.","Module Dilamco armoire murale (U8-24-12-36), dimensions 24 x 12 x 36 po. Cabinet en contreplaqué avec fini intérieur en placage de bouleau. Porte HDF avec moulure en bouleau. Fini extérieur assorti à la porte selon la finition choisie. Prix, disponibilité, panneaux de finition, fillers et installation à confirmer avant publication.",,,taxable,1,,0,0,0,Armoires de cuisine > Armoires murales,"Dilamco, armoires, Shaker, catalogue technique",,sku:U8-24-12-36,2,Type de module,Armoire murale,1,0,,Largeur,24,1,0,,Largeur B,,0,0,,Profondeur,12,1,0,,Hauteur,36,1,0,,Hauteur de plafond,8 pi,1,0,,Type de coin,Non,1,0,,Style de porte,Shaker,1,0,,Moulure,3 po,1,0,,Couleur,Blanc Pur,1,0,,U8-24-12-36,Armoire murale,Armoires de cuisine > Armoires murales > Plafond 8 pi,,2,24,,12,36,8 pi,Non,Blanc Pur,3 po,Shaker 3 po - Blanc Pur,Trousse Design p.3
variable,UC-27-12-36,Armoire murale - 27 x 12 x 36 po,0,0,visible,"Armoire murale Dilamco, dimensions 27 x 12 x 36 po. Finition Shaker disponible selon les variantes.","Module Dilamco armoire murale (U8-27-12-36), dimensions 27 x 12 x 36 po. Cabinet en contreplaqué avec fini intérieur en placage de bouleau. Porte HDF avec moulure en bouleau. Fini extérieur assorti à la porte selon la finition choisie. Prix, disponibilité, panneaux de finition, fillers et installation à confirmer avant publication.",,,taxable,1,,0,0,0,Armoires de cuisine > Armoires murales,"Dilamco, armoires, Shaker, catalogue technique",,,0,Type de module,Armoire murale,1,0,,Largeur,27,1,0,,Largeur B,,0,0,,Profondeur,12,1,0,,Hauteur,36,1,0,,Hauteur de plafond,8 pi,1,0,,Type de coin,Non,1,0,,Style de porte,Shaker,1,0,Shaker,Moulure,1 po | 3 po,1,0,1 po,Couleur,Blanc Pur,1,0,Blanc Pur,U8-27-12-36,Armoire murale,Armoires de cuisine > Armoires murales > Plafond 8 pi,,2,27,,12,36,8 pi,Non,,,,Trousse Design p.3
variation,UC-27-12-36-BP1,Armoire murale - 27 x 12 x 36 po - Shaker 1 po - Blanc Pur,0,0,visible,"Armoire murale Dilamco, dimensions 27 x 12 x 36 po. Finition Shaker disponible selon les variantes.","Module Dilamco armoire murale (U8-27-12-36), dimensions 27 x 12 x 36 po. Cabinet en contreplaqué avec fini intérieur en placage de bouleau. Porte HDF avec moulure en bouleau. Fini extérieur assorti à la porte selon la finition choisie. Prix, disponibilité, panneaux de finition, fillers et installation à confirmer avant publication.",,,taxable,1,,0,0,0,Armoires de cuisine > Armoires murales,"Dilamco, armoires, Shaker, catalogue technique",,sku:U8-27-12-36,1,Type de module,Armoire murale,1,0,,Largeur,27,1,0,,Largeur B,,0,0,,Profondeur,12,1,0,,Hauteur,36,1,0,,Hauteur de plafond,8 pi,1,0,,Type de coin,Non,1,0,,Style de porte,Shaker,1,0,,Moulure,1 po,1,0,,Couleur,Blanc Pur,1,0,,U8-27-12-36,Armoire murale,Armoires de cuisine > Armoires murales > Plafond 8 pi,,2,27,,12,36,8 pi,Non,Blanc Pur,1 po,Shaker 1 po - Blanc Pur,Trousse Design p.3
variation,UC-27-12-36-BP3,Armoire murale - 27 x 12 x 36 po - Shaker 3 po - Blanc Pur,0,0,visible,"Armoire murale Dilamco, dimensions 27 x 12 x 36 po. Finition Shaker disponible selon les variantes.","Module Dilamco armoire murale (U8-27-12-36), dimensions 27 x 12 x 36 po. Cabinet en contreplaqué avec fini intérieur en placage de bouleau. Porte HDF avec moulure en bouleau. Fini extérieur assorti à la porte selon la finition choisie. Prix, disponibilité, panneaux de finition, fillers et installation à confirmer avant publication.",,,taxable,1,,0,0,0,Armoires de cuisine > Armoires murales,"Dilamco, armoires, Shaker, catalogue technique",,sku:U8-27-12-36,2,Type de module,Armoire murale,1,0,,Largeur,27,1,0,,Largeur B,,0,0,,Profondeur,12,1,0,,Hauteur,36,1,0,,Hauteur de plafond,8 pi,1,0,,Type de coin,Non,1,0,,Style de porte,Shaker,1,0,,Moulure,3 po,1,0,,Couleur,Blanc Pur,1,0,,U8-27-12-36,Armoire murale,Armoires de cuisine > Armoires murales > Plafond 8 pi,,2,27,,12,36,8 pi,Non,Blanc Pur,3 po,Shaker 3 po - Blanc Pur,Trousse Design p.3
variable,UC-30-12-36,Armoire murale - 30 x 12 x 36 po,0,0,visible,"Armoire murale Dilamco, dimensions 30 x 12 x 36 po. Finition Shaker disponible selon les variantes.","Module Dilamco armoire murale (U8-30-12-36), dimensions 30 x 12 x 36 po. Cabinet en contreplaqué avec fini intérieur en placage de bouleau. Porte HDF avec moulure en bouleau. Fini extérieur assorti à la porte selon la finition choisie. Prix, disponibilité, panneaux de finition, fillers et installation à confirmer avant publication.",,,taxable,1,,0,0,0,Armoires de cuisine > Armoires murales,"Dilamco, armoires, Shaker, catalogue technique",,,0,Type de module,Armoire murale,1,0,,Largeur,30,1,0,,Largeur B,,0,0,,Profondeur,12,1,0,,Hauteur,36,1,0,,Hauteur de plafond,8 pi,1,0,,Type de coin,Non,1,0,,Style de porte,Shaker,1,0,Shaker,Moulure,1 po | 3 po,1,0,1 po,Couleur,Blanc Pur,1,0,Blanc Pur,U8-30-12-36,Armoire murale,Armoires de cuisine > Armoires murales > Plafond 8 pi,,2,30,,12,36,8 pi,Non,,,,Trousse Design p.3
variation,UC-30-12-36-BP1,Armoire murale - 30 x 12 x 36 po - Shaker 1 po - Blanc Pur,0,0,visible,"Armoire murale Dilamco, dimensions 30 x 12 x 36 po. Finition Shaker disponible selon les variantes.","Module Dilamco armoire murale (U8-30-12-36), dimensions 30 x 12 x 36 po. Cabinet en contreplaqué avec fini intérieur en placage de bouleau. Porte HDF avec moulure en bouleau. Fini extérieur assorti à la porte selon la finition choisie. Prix, disponibilité, panneaux de finition, fillers et installation à confirmer avant publication.",,,taxable,1,,0,0,0,Armoires de cuisine > Armoires murales,"Dilamco, armoires, Shaker, catalogue technique",,sku:U8-30-12-36,1,Type de module,Armoire murale,1,0,,Largeur,30,1,0,,Largeur B,,0,0,,Profondeur,12,1,0,,Hauteur,36,1,0,,Hauteur de plafond,8 pi,1,0,,Type de coin,Non,1,0,,Style de porte,Shaker,1,0,,Moulure,1 po,1,0,,Couleur,Blanc Pur,1,0,,U8-30-12-36,Armoire murale,Armoires de cuisine > Armoires murales > Plafond 8 pi,,2,30,,12,36,8 pi,Non,Blanc Pur,1 po,Shaker 1 po - Blanc Pur,Trousse Design p.3
variation,UC-30-12-36-BP3,Armoire murale - 30 x 12 x 36 po - Shaker 3 po - Blanc Pur,0,0,visible,"Armoire murale Dilamco, dimensions 30 x 12 x 36 po. Finition Shaker disponible selon les variantes.","Module Dilamco armoire murale (U8-30-12-36), dimensions 30 x 12 x 36 po. Cabinet en contreplaqué avec fini intérieur en placage de bouleau. Porte HDF avec moulure en bouleau. Fini extérieur assorti à la porte selon la finition choisie. Prix, disponibilité, panneaux de finition, fillers et installation à confirmer avant publication.",,,taxable,1,,0,0,0,Armoires de cuisine > Armoires murales,"Dilamco, armoires, Shaker, catalogue technique",,sku:U8-30-12-36,2,Type de module,Armoire murale,1,0,,Largeur,30,1,0,,Largeur B,,0,0,,Profondeur,12,1,0,,Hauteur,36,1,0,,Hauteur de plafond,8 pi,1,0,,Type de coin,Non,1,0,,Style de porte,Shaker,1,0,,Moulure,3 po,1,0,,Couleur,Blanc Pur,1,0,,U8-30-12-36,Armoire murale,Armoires de cuisine > Armoires murales > Plafond 8 pi,,2,30,,12,36,8 pi,Non,Blanc Pur,3 po,Shaker 3 po - Blanc Pur,Trousse Design p.3
variable,UC-33-12-36,Armoire murale - 33 x 12 x 36 po,0,0,visible,"Armoire murale Dilamco, dimensions 33 x 12 x 36 po. Finition Shaker disponible selon les variantes.","Module Dilamco armoire murale (U8-33-12-36), dimensions 33 x 12 x 36 po. Cabinet en contreplaqué avec fini intérieur en placage de bouleau. Porte HDF avec moulure en bouleau. Fini extérieur assorti à la porte selon la finition choisie. Prix, disponibilité, panneaux de finition, fillers et installation à confirmer avant publication.",,,taxable,1,,0,0,0,Armoires de cuisine > Armoires murales,"Dilamco, armoires, Shaker, catalogue technique",,,0,Type de module,Armoire murale,1,0,,Largeur,33,1,0,,Largeur B,,0,0,,Profondeur,12,1,0,,Hauteur,36,1,0,,Hauteur de plafond,8 pi,1,0,,Type de coin,Non,1,0,,Style de porte,Shaker,1,0,Shaker,Moulure,1 po | 3 po,1,0,1 po,Couleur,Blanc Pur,1,0,Blanc Pur,U8-33-12-36,Armoire murale,Armoires de cuisine > Armoires murales > Plafond 8 pi,,2,33,,12,36,8 pi,Non,,,,Trousse Design p.3
variation,UC-33-12-36-BP1,Armoire murale - 33 x 12 x 36 po - Shaker 1 po - Blanc Pur,0,0,visible,"Armoire murale Dilamco, dimensions 33 x 12 x 36 po. Finition Shaker disponible selon les variantes.","Module Dilamco armoire murale (U8-33-12-36), dimensions 33 x 12 x 36 po. Cabinet en contreplaqué avec fini intérieur en placage de bouleau. Porte HDF avec moulure en bouleau. Fini extérieur assorti à la porte selon la finition choisie. Prix, disponibilité, panneaux de finition, fillers et installation à confirmer avant publication.",,,taxable,1,,0,0,0,Armoires de cuisine > Armoires murales,"Dilamco, armoires, Shaker, catalogue technique",,sku:U8-33-12-36,1,Type de module,Armoire murale,1,0,,Largeur,33,1,0,,Largeur B,,0,0,,Profondeur,12,1,0,,Hauteur,36,1,0,,Hauteur de plafond,8 pi,1,0,,Type de coin,Non,1,0,,Style de porte,Shaker,1,0,,Moulure,1 po,1,0,,Couleur,Blanc Pur,1,0,,U8-33-12-36,Armoire murale,Armoires de cuisine > Armoires murales > Plafond 8 pi,,2,33,,12,36,8 pi,Non,Blanc Pur,1 po,Shaker 1 po - Blanc Pur,Trousse Design p.3
variation,UC-33-12-36-BP3,Armoire murale - 33 x 12 x 36 po - Shaker 3 po - Blanc Pur,0,0,visible,"Armoire murale Dilamco, dimensions 33 x 12 x 36 po. Finition Shaker disponible selon les variantes.","Module Dilamco armoire murale (U8-33-12-36), dimensions 33 x 12 x 36 po. Cabinet en contreplaqué avec fini intérieur en placage de bouleau. Porte HDF avec moulure en bouleau. Fini extérieur assorti à la porte selon la finition choisie. Prix, disponibilité, panneaux de finition, fillers et installation à confirmer avant publication.",,,taxable,1,,0,0,0,Armoires de cuisine > Armoires murales,"Dilamco, armoires, Shaker, catalogue technique",,sku:U8-33-12-36,2,Type de module,Armoire murale,1,0,,Largeur,33,1,0,,Largeur B,,0,0,,Profondeur,12,1,0,,Hauteur,36,1,0,,Hauteur de plafond,8 pi,1,0,,Type de coin,Non,1,0,,Style de porte,Shaker,1,0,,Moulure,3 po,1,0,,Couleur,Blanc Pur,1,0,,U8-33-12-36,Armoire murale,Armoires de cuisine > Armoires murales > Plafond 8 pi,,2,33,,12,36,8 pi,Non,Blanc Pur,3 po,Shaker 3 po - Blanc Pur,Trousse Design p.3
variable,UC-36-12-36,Armoire murale - 36 x 12 x 36 po,0,0,visible,"Armoire murale Dilamco, dimensions 36 x 12 x 36 po. Finition Shaker disponible selon les variantes.","Module Dilamco armoire murale (U8-36-12-36), dimensions 36 x 12 x 36 po. Cabinet en contreplaqué avec fini intérieur en placage de bouleau. Porte HDF avec moulure en bouleau. Fini extérieur assorti à la porte selon la finition choisie. Prix, disponibilité, panneaux de finition, fillers et installation à confirmer avant publication.",,,taxable,1,,0,0,0,Armoires de cuisine > Armoires murales,"Dilamco, armoires, Shaker, catalogue technique",,,0,Type de module,Armoire murale,1,0,,Largeur,36,1,0,,Largeur B,,0,0,,Profondeur,12,1,0,,Hauteur,36,1,0,,Hauteur de plafond,8 pi,1,0,,Type de coin,Non,1,0,,Style de porte,Shaker,1,0,Shaker,Moulure,1 po | 3 po,1,0,1 po,Couleur,Blanc Pur,1,0,Blanc Pur,U8-36-12-36,Armoire murale,Armoires de cuisine > Armoires murales > Plafond 8 pi,,2,36,,12,36,8 pi,Non,,,,Trousse Design p.3
variation,UC-36-12-36-BP1,Armoire murale - 36 x 12 x 36 po - Shaker 1 po - Blanc Pur,0,0,visible,"Armoire murale Dilamco, dimensions 36 x 12 x 36 po. Finition Shaker disponible selon les variantes.","Module Dilamco armoire murale (U8-36-12-36), dimensions 36 x 12 x 36 po. Cabinet en contreplaqué avec fini intérieur en placage de bouleau. Porte HDF avec moulure en bouleau. Fini extérieur assorti à la porte selon la finition choisie. Prix, disponibilité, panneaux de finition, fillers et installation à confirmer avant publication.",,,taxable,1,,0,0,0,Armoires de cuisine > Armoires murales,"Dilamco, armoires, Shaker, catalogue technique",,sku:U8-36-12-36,1,Type de module,Armoire murale,1,0,,Largeur,36,1,0,,Largeur B,,0,0,,Profondeur,12,1,0,,Hauteur,36,1,0,,Hauteur de plafond,8 pi,1,0,,Type de coin,Non,1,0,,Style de porte,Shaker,1,0,,Moulure,1 po,1,0,,Couleur,Blanc Pur,1,0,,U8-36-12-36,Armoire murale,Armoires de cuisine > Armoires murales > Plafond 8 pi,,2,36,,12,36,8 pi,Non,Blanc Pur,1 po,Shaker 1 po - Blanc Pur,Trousse Design p.3
variation,UC-36-12-36-BP3,Armoire murale - 36 x 12 x 36 po - Shaker 3 po - Blanc Pur,0,0,visible,"Armoire murale Dilamco, dimensions 36 x 12 x 36 po. Finition Shaker disponible selon les variantes.","Module Dilamco armoire murale (U8-36-12-36), dimensions 36 x 12 x 36 po. Cabinet en contreplaqué avec fini intérieur en placage de bouleau. Porte HDF avec moulure en bouleau. Fini extérieur assorti à la porte selon la finition choisie. Prix, disponibilité, panneaux de finition, fillers et installation à confirmer avant publication.",,,taxable,1,,0,0,0,Armoires de cuisine > Armoires murales,"Dilamco, armoires, Shaker, catalogue technique",,sku:U8-36-12-36,2,Type de module,Armoire murale,1,0,,Largeur,36,1,0,,Largeur B,,0,0,,Profondeur,12,1,0,,Hauteur,36,1,0,,Hauteur de plafond,8 pi,1,0,,Type de coin,Non,1,0,,Style de porte,Shaker,1,0,,Moulure,3 po,1,0,,Couleur,Blanc Pur,1,0,,U8-36-12-36,Armoire murale,Armoires de cuisine > Armoires murales > Plafond 8 pi,,2,36,,12,36,8 pi,Non,Blanc Pur,3 po,Shaker 3 po - Blanc Pur,Trousse Design p.3
variable,UC-09-12-39,Armoire murale - 9 x 12 x 39 po,0,0,visible,"Armoire murale Dilamco, dimensions 9 x 12 x 39 po. Finition Shaker disponible selon les variantes.","Module Dilamco armoire murale (U8-09-12-39), dimensions 9 x 12 x 39 po. Cabinet en contreplaqué avec fini intérieur en placage de bouleau. Porte HDF avec moulure en bouleau. Fini extérieur assorti à la porte selon la finition choisie. Prix, disponibilité, panneaux de finition, fillers et installation à confirmer avant publication.",,,taxable,1,,0,0,0,Armoires de cuisine > Armoires murales,"Dilamco, armoires, Shaker, catalogue technique",,,0,Type de module,Armoire murale,1,0,,Largeur,9,1,0,,Largeur B,,0,0,,Profondeur,12,1,0,,Hauteur,39,1,0,,Hauteur de plafond,8 pi,1,0,,Type de coin,Non,1,0,,Style de porte,Shaker,1,0,Shaker,Moulure,1 po | 3 po,1,0,1 po,Couleur,Blanc Pur,1,0,Blanc Pur,U8-09-12-39,Armoire murale,Armoires de cuisine > Armoires murales > Plafond 8 pi,,1,9,,12,39,8 pi,Non,,,,Trousse Design p.3
variation,UC-09-12-39-BP1,Armoire murale - 9 x 12 x 39 po - Shaker 1 po - Blanc Pur,0,0,visible,"Armoire murale Dilamco, dimensions 9 x 12 x 39 po. Finition Shaker disponible selon les variantes.","Module Dilamco armoire murale (U8-09-12-39), dimensions 9 x 12 x 39 po. Cabinet en contreplaqué avec fini intérieur en placage de bouleau. Porte HDF avec moulure en bouleau. Fini extérieur assorti à la porte selon la finition choisie. Prix, disponibilité, panneaux de finition, fillers et installation à confirmer avant publication.",,,taxable,1,,0,0,0,Armoires de cuisine > Armoires murales,"Dilamco, armoires, Shaker, catalogue technique",,sku:U8-09-12-39,1,Type de module,Armoire murale,1,0,,Largeur,9,1,0,,Largeur B,,0,0,,Profondeur,12,1,0,,Hauteur,39,1,0,,Hauteur de plafond,8 pi,1,0,,Type de coin,Non,1,0,,Style de porte,Shaker,1,0,,Moulure,1 po,1,0,,Couleur,Blanc Pur,1,0,,U8-09-12-39,Armoire murale,Armoires de cuisine > Armoires murales > Plafond 8 pi,,1,9,,12,39,8 pi,Non,Blanc Pur,1 po,Shaker 1 po - Blanc Pur,Trousse Design p.3
variation,UC-09-12-39-BP3,Armoire murale - 9 x 12 x 39 po - Shaker 3 po - Blanc Pur,0,0,visible,"Armoire murale Dilamco, dimensions 9 x 12 x 39 po. Finition Shaker disponible selon les variantes.","Module Dilamco armoire murale (U8-09-12-39), dimensions 9 x 12 x 39 po. Cabinet en contreplaqué avec fini intérieur en placage de bouleau. Porte HDF avec moulure en bouleau. Fini extérieur assorti à la porte selon la finition choisie. Prix, disponibilité, panneaux de finition, fillers et installation à confirmer avant publication.",,,taxable,1,,0,0,0,Armoires de cuisine > Armoires murales,"Dilamco, armoires, Shaker, catalogue technique",,sku:U8-09-12-39,2,Type de module,Armoire murale,1,0,,Largeur,9,1,0,,Largeur B,,0,0,,Profondeur,12,1,0,,Hauteur,39,1,0,,Hauteur de plafond,8 pi,1,0,,Type de coin,Non,1,0,,Style de porte,Shaker,1,0,,Moulure,3 po,1,0,,Couleur,Blanc Pur,1,0,,U8-09-12-39,Armoire murale,Armoires de cuisine > Armoires murales > Plafond 8 pi,,1,9,,12,39,8 pi,Non,Blanc Pur,3 po,Shaker 3 po - Blanc Pur,Trousse Design p.3
variable,UC-12-12-39,Armoire murale - 12 x 12 x 39 po,0,0,visible,"Armoire murale Dilamco, dimensions 12 x 12 x 39 po. Finition Shaker disponible selon les variantes.","Module Dilamco armoire murale (U8-12-12-39), dimensions 12 x 12 x 39 po. Cabinet en contreplaqué avec fini intérieur en placage de bouleau. Porte HDF avec moulure en bouleau. Fini extérieur assorti à la porte selon la finition choisie. Prix, disponibilité, panneaux de finition, fillers et installation à confirmer avant publication.",,,taxable,1,,0,0,0,Armoires de cuisine > Armoires murales,"Dilamco, armoires, Shaker, catalogue technique",,,0,Type de module,Armoire murale,1,0,,Largeur,12,1,0,,Largeur B,,0,0,,Profondeur,12,1,0,,Hauteur,39,1,0,,Hauteur de plafond,8 pi,1,0,,Type de coin,Non,1,0,,Style de porte,Shaker,1,0,Shaker,Moulure,1 po | 3 po,1,0,1 po,Couleur,Blanc Pur,1,0,Blanc Pur,U8-12-12-39,Armoire murale,Armoires de cuisine > Armoires murales > Plafond 8 pi,,1,12,,12,39,8 pi,Non,,,,Trousse Design p.3
variation,UC-12-12-39-BP1,Armoire murale - 12 x 12 x 39 po - Shaker 1 po - Blanc Pur,0,0,visible,"Armoire murale Dilamco, dimensions 12 x 12 x 39 po. Finition Shaker disponible selon les variantes.","Module Dilamco armoire murale (U8-12-12-39), dimensions 12 x 12 x 39 po. Cabinet en contreplaqué avec fini intérieur en placage de bouleau. Porte HDF avec moulure en bouleau. Fini extérieur assorti à la porte selon la finition choisie. Prix, disponibilité, panneaux de finition, fillers et installation à confirmer avant publication.",,,taxable,1,,0,0,0,Armoires de cuisine > Armoires murales,"Dilamco, armoires, Shaker, catalogue technique",,sku:U8-12-12-39,1,Type de module,Armoire murale,1,0,,Largeur,12,1,0,,Largeur B,,0,0,,Profondeur,12,1,0,,Hauteur,39,1,0,,Hauteur de plafond,8 pi,1,0,,Type de coin,Non,1,0,,Style de porte,Shaker,1,0,,Moulure,1 po,1,0,,Couleur,Blanc Pur,1,0,,U8-12-12-39,Armoire murale,Armoires de cuisine > Armoires murales > Plafond 8 pi,,1,12,,12,39,8 pi,Non,Blanc Pur,1 po,Shaker 1 po - Blanc Pur,Trousse Design p.3
variation,UC-12-12-39-BP3,Armoire murale - 12 x 12 x 39 po - Shaker 3 po - Blanc Pur,0,0,visible,"Armoire murale Dilamco, dimensions 12 x 12 x 39 po. Finition Shaker disponible selon les variantes.","Module Dilamco armoire murale (U8-12-12-39), dimensions 12 x 12 x 39 po. Cabinet en contreplaqué avec fini intérieur en placage de bouleau. Porte HDF avec moulure en bouleau. Fini extérieur assorti à la porte selon la finition choisie. Prix, disponibilité, panneaux de finition, fillers et installation à confirmer avant publication.",,,taxable,1,,0,0,0,Armoires de cuisine > Armoires murales,"Dilamco, armoires, Shaker, catalogue technique",,sku:U8-12-12-39,2,Type de module,Armoire murale,1,0,,Largeur,12,1,0,,Largeur B,,0,0,,Profondeur,12,1,0,,Hauteur,39,1,0,,Hauteur de plafond,8 pi,1,0,,Type de coin,Non,1,0,,Style de porte,Shaker,1,0,,Moulure,3 po,1,0,,Couleur,Blanc Pur,1,0,,U8-12-12-39,Armoire murale,Armoires de cuisine > Armoires murales > Plafond 8 pi,,1,12,,12,39,8 pi,Non,Blanc Pur,3 po,Shaker 3 po - Blanc Pur,Trousse Design p.3
variable,UC-15-12-39,Armoire murale - 15 x 12 x 39 po,0,0,visible,"Armoire murale Dilamco, dimensions 15 x 12 x 39 po. Finition Shaker disponible selon les variantes.","Module Dilamco armoire murale (U8-15-12-39), dimensions 15 x 12 x 39 po. Cabinet en contreplaqué avec fini intérieur en placage de bouleau. Porte HDF avec moulure en bouleau. Fini extérieur assorti à la porte selon la finition choisie. Prix, disponibilité, panneaux de finition, fillers et installation à confirmer avant publication.",,,taxable,1,,0,0,0,Armoires de cuisine > Armoires murales,"Dilamco, armoires, Shaker, catalogue technique",,,0,Type de module,Armoire murale,1,0,,Largeur,15,1,0,,Largeur B,,0,0,,Profondeur,12,1,0,,Hauteur,39,1,0,,Hauteur de plafond,8 pi,1,0,,Type de coin,Non,1,0,,Style de porte,Shaker,1,0,Shaker,Moulure,1 po | 3 po,1,0,1 po,Couleur,Blanc Pur,1,0,Blanc Pur,U8-15-12-39,Armoire murale,Armoires de cuisine > Armoires murales > Plafond 8 pi,,1,15,,12,39,8 pi,Non,,,,Trousse Design p.3
variation,UC-15-12-39-BP1,Armoire murale - 15 x 12 x 39 po - Shaker 1 po - Blanc Pur,0,0,visible,"Armoire murale Dilamco, dimensions 15 x 12 x 39 po. Finition Shaker disponible selon les variantes.","Module Dilamco armoire murale (U8-15-12-39), dimensions 15 x 12 x 39 po. Cabinet en contreplaqué avec fini intérieur en placage de bouleau. Porte HDF avec moulure en bouleau. Fini extérieur assorti à la porte selon la finition choisie. Prix, disponibilité, panneaux de finition, fillers et installation à confirmer avant publication.",,,taxable,1,,0,0,0,Armoires de cuisine > Armoires murales,"Dilamco, armoires, Shaker, catalogue technique",,sku:U8-15-12-39,1,Type de module,Armoire murale,1,0,,Largeur,15,1,0,,Largeur B,,0,0,,Profondeur,12,1,0,,Hauteur,39,1,0,,Hauteur de plafond,8 pi,1,0,,Type de coin,Non,1,0,,Style de porte,Shaker,1,0,,Moulure,1 po,1,0,,Couleur,Blanc Pur,1,0,,U8-15-12-39,Armoire murale,Armoires de cuisine > Armoires murales > Plafond 8 pi,,1,15,,12,39,8 pi,Non,Blanc Pur,1 po,Shaker 1 po - Blanc Pur,Trousse Design p.3
variation,UC-15-12-39-BP3,Armoire murale - 15 x 12 x 39 po - Shaker 3 po - Blanc Pur,0,0,visible,"Armoire murale Dilamco, dimensions 15 x 12 x 39 po. Finition Shaker disponible selon les variantes.","Module Dilamco armoire murale (U8-15-12-39), dimensions 15 x 12 x 39 po. Cabinet en contreplaqué avec fini intérieur en placage de bouleau. Porte HDF avec moulure en bouleau. Fini extérieur assorti à la porte selon la finition choisie. Prix, disponibilité, panneaux de finition, fillers et installation à confirmer avant publication.",,,taxable,1,,0,0,0,Armoires de cuisine > Armoires murales,"Dilamco, armoires, Shaker, catalogue technique",,sku:U8-15-12-39,2,Type de module,Armoire murale,1,0,,Largeur,15,1,0,,Largeur B,,0,0,,Profondeur,12,1,0,,Hauteur,39,1,0,,Hauteur de plafond,8 pi,1,0,,Type de coin,Non,1,0,,Style de porte,Shaker,1,0,,Moulure,3 po,1,0,,Couleur,Blanc Pur,1,0,,U8-15-12-39,Armoire murale,Armoires de cuisine > Armoires murales > Plafond 8 pi,,1,15,,12,39,8 pi,Non,Blanc Pur,3 po,Shaker 3 po - Blanc Pur,Trousse Design p.3
variable,UC-18-12-39,Armoire murale - 18 x 12 x 39 po,0,0,visible,"Armoire murale Dilamco, dimensions 18 x 12 x 39 po. Finition Shaker disponible selon les variantes.","Module Dilamco armoire murale (U8-18-12-39), dimensions 18 x 12 x 39 po. Cabinet en contreplaqué avec fini intérieur en placage de bouleau. Porte HDF avec moulure en bouleau. Fini extérieur assorti à la porte selon la finition choisie. Prix, disponibilité, panneaux de finition, fillers et installation à confirmer avant publication.",,,taxable,1,,0,0,0,Armoires de cuisine > Armoires murales,"Dilamco, armoires, Shaker, catalogue technique",,,0,Type de module,Armoire murale,1,0,,Largeur,18,1,0,,Largeur B,,0,0,,Profondeur,12,1,0,,Hauteur,39,1,0,,Hauteur de plafond,8 pi,1,0,,Type de coin,Non,1,0,,Style de porte,Shaker,1,0,Shaker,Moulure,1 po | 3 po,1,0,1 po,Couleur,Blanc Pur,1,0,Blanc Pur,U8-18-12-39,Armoire murale,Armoires de cuisine > Armoires murales > Plafond 8 pi,,1,18,,12,39,8 pi,Non,,,,Trousse Design p.3
variation,UC-18-12-39-BP1,Armoire murale - 18 x 12 x 39 po - Shaker 1 po - Blanc Pur,0,0,visible,"Armoire murale Dilamco, dimensions 18 x 12 x 39 po. Finition Shaker disponible selon les variantes.","Module Dilamco armoire murale (U8-18-12-39), dimensions 18 x 12 x 39 po. Cabinet en contreplaqué avec fini intérieur en placage de bouleau. Porte HDF avec moulure en bouleau. Fini extérieur assorti à la porte selon la finition choisie. Prix, disponibilité, panneaux de finition, fillers et installation à confirmer avant publication.",,,taxable,1,,0,0,0,Armoires de cuisine > Armoires murales,"Dilamco, armoires, Shaker, catalogue technique",,sku:U8-18-12-39,1,Type de module,Armoire murale,1,0,,Largeur,18,1,0,,Largeur B,,0,0,,Profondeur,12,1,0,,Hauteur,39,1,0,,Hauteur de plafond,8 pi,1,0,,Type de coin,Non,1,0,,Style de porte,Shaker,1,0,,Moulure,1 po,1,0,,Couleur,Blanc Pur,1,0,,U8-18-12-39,Armoire murale,Armoires de cuisine > Armoires murales > Plafond 8 pi,,1,18,,12,39,8 pi,Non,Blanc Pur,1 po,Shaker 1 po - Blanc Pur,Trousse Design p.3
variation,UC-18-12-39-BP3,Armoire murale - 18 x 12 x 39 po - Shaker 3 po - Blanc Pur,0,0,visible,"Armoire murale Dilamco, dimensions 18 x 12 x 39 po. Finition Shaker disponible selon les variantes.","Module Dilamco armoire murale (U8-18-12-39), dimensions 18 x 12 x 39 po. Cabinet en contreplaqué avec fini intérieur en placage de bouleau. Porte HDF avec moulure en bouleau. Fini extérieur assorti à la porte selon la finition choisie. Prix, disponibilité, panneaux de finition, fillers et installation à confirmer avant publication.",,,taxable,1,,0,0,0,Armoires de cuisine > Armoires murales,"Dilamco, armoires, Shaker, catalogue technique",,sku:U8-18-12-39,2,Type de module,Armoire murale,1,0,,Largeur,18,1,0,,Largeur B,,0,0,,Profondeur,12,1,0,,Hauteur,39,1,0,,Hauteur de plafond,8 pi,1,0,,Type de coin,Non,1,0,,Style de porte,Shaker,1,0,,Moulure,3 po,1,0,,Couleur,Blanc Pur,1,0,,U8-18-12-39,Armoire murale,Armoires de cuisine > Armoires murales > Plafond 8 pi,,1,18,,12,39,8 pi,Non,Blanc Pur,3 po,Shaker 3 po - Blanc Pur,Trousse Design p.3
variable,UC-21-12-39,Armoire murale - 21 x 12 x 39 po,0,0,visible,"Armoire murale Dilamco, dimensions 21 x 12 x 39 po. Finition Shaker disponible selon les variantes.","Module Dilamco armoire murale (U8-21-12-39), dimensions 21 x 12 x 39 po. Cabinet en contreplaqué avec fini intérieur en placage de bouleau. Porte HDF avec moulure en bouleau. Fini extérieur assorti à la porte selon la finition choisie. Prix, disponibilité, panneaux de finition, fillers et installation à confirmer avant publication.",,,taxable,1,,0,0,0,Armoires de cuisine > Armoires murales,"Dilamco, armoires, Shaker, catalogue technique",,,0,Type de module,Armoire murale,1,0,,Largeur,21,1,0,,Largeur B,,0,0,,Profondeur,12,1,0,,Hauteur,39,1,0,,Hauteur de plafond,8 pi,1,0,,Type de coin,Non,1,0,,Style de porte,Shaker,1,0,Shaker,Moulure,1 po | 3 po,1,0,1 po,Couleur,Blanc Pur,1,0,Blanc Pur,U8-21-12-39,Armoire murale,Armoires de cuisine > Armoires murales > Plafond 8 pi,,1,21,,12,39,8 pi,Non,,,,Trousse Design p.3
variation,UC-21-12-39-BP1,Armoire murale - 21 x 12 x 39 po - Shaker 1 po - Blanc Pur,0,0,visible,"Armoire murale Dilamco, dimensions 21 x 12 x 39 po. Finition Shaker disponible selon les variantes.","Module Dilamco armoire murale (U8-21-12-39), dimensions 21 x 12 x 39 po. Cabinet en contreplaqué avec fini intérieur en placage de bouleau. Porte HDF avec moulure en bouleau. Fini extérieur assorti à la porte selon la finition choisie. Prix, disponibilité, panneaux de finition, fillers et installation à confirmer avant publication.",,,taxable,1,,0,0,0,Armoires de cuisine > Armoires murales,"Dilamco, armoires, Shaker, catalogue technique",,sku:U8-21-12-39,1,Type de module,Armoire murale,1,0,,Largeur,21,1,0,,Largeur B,,0,0,,Profondeur,12,1,0,,Hauteur,39,1,0,,Hauteur de plafond,8 pi,1,0,,Type de coin,Non,1,0,,Style de porte,Shaker,1,0,,Moulure,1 po,1,0,,Couleur,Blanc Pur,1,0,,U8-21-12-39,Armoire murale,Armoires de cuisine > Armoires murales > Plafond 8 pi,,1,21,,12,39,8 pi,Non,Blanc Pur,1 po,Shaker 1 po - Blanc Pur,Trousse Design p.3
variation,UC-21-12-39-BP3,Armoire murale - 21 x 12 x 39 po - Shaker 3 po - Blanc Pur,0,0,visible,"Armoire murale Dilamco, dimensions 21 x 12 x 39 po. Finition Shaker disponible selon les variantes.","Module Dilamco armoire murale (U8-21-12-39), dimensions 21 x 12 x 39 po. Cabinet en contreplaqué avec fini intérieur en placage de bouleau. Porte HDF avec moulure en bouleau. Fini extérieur assorti à la porte selon la finition choisie. Prix, disponibilité, panneaux de finition, fillers et installation à confirmer avant publication.",,,taxable,1,,0,0,0,Armoires de cuisine > Armoires murales,"Dilamco, armoires, Shaker, catalogue technique",,sku:U8-21-12-39,2,Type de module,Armoire murale,1,0,,Largeur,21,1,0,,Largeur B,,0,0,,Profondeur,12,1,0,,Hauteur,39,1,0,,Hauteur de plafond,8 pi,1,0,,Type de coin,Non,1,0,,Style de porte,Shaker,1,0,,Moulure,3 po,1,0,,Couleur,Blanc Pur,1,0,,U8-21-12-39,Armoire murale,Armoires de cuisine > Armoires murales > Plafond 8 pi,,1,21,,12,39,8 pi,Non,Blanc Pur,3 po,Shaker 3 po - Blanc Pur,Trousse Design p.3
variable,UC-24-12-39,Armoire murale - 24 x 12 x 39 po,0,0,visible,"Armoire murale Dilamco, dimensions 24 x 12 x 39 po. Finition Shaker disponible selon les variantes.","Module Dilamco armoire murale (U8-24-12-39), dimensions 24 x 12 x 39 po. Cabinet en contreplaqué avec fini intérieur en placage de bouleau. Porte HDF avec moulure en bouleau. Fini extérieur assorti à la porte selon la finition choisie. Prix, disponibilité, panneaux de finition, fillers et installation à confirmer avant publication.",,,taxable,1,,0,0,0,Armoires de cuisine > Armoires murales,"Dilamco, armoires, Shaker, catalogue technique",,,0,Type de module,Armoire murale,1,0,,Largeur,24,1,0,,Largeur B,,0,0,,Profondeur,12,1,0,,Hauteur,39,1,0,,Hauteur de plafond,8 pi,1,0,,Type de coin,Non,1,0,,Style de porte,Shaker,1,0,Shaker,Moulure,1 po | 3 po,1,0,1 po,Couleur,Blanc Pur,1,0,Blanc Pur,U8-24-12-39,Armoire murale,Armoires de cuisine > Armoires murales > Plafond 8 pi,,2,24,,12,39,8 pi,Non,,,,Trousse Design p.3
variation,UC-24-12-39-BP1,Armoire murale - 24 x 12 x 39 po - Shaker 1 po - Blanc Pur,0,0,visible,"Armoire murale Dilamco, dimensions 24 x 12 x 39 po. Finition Shaker disponible selon les variantes.","Module Dilamco armoire murale (U8-24-12-39), dimensions 24 x 12 x 39 po. Cabinet en contreplaqué avec fini intérieur en placage de bouleau. Porte HDF avec moulure en bouleau. Fini extérieur assorti à la porte selon la finition choisie. Prix, disponibilité, panneaux de finition, fillers et installation à confirmer avant publication.",,,taxable,1,,0,0,0,Armoires de cuisine > Armoires murales,"Dilamco, armoires, Shaker, catalogue technique",,sku:U8-24-12-39,1,Type de module,Armoire murale,1,0,,Largeur,24,1,0,,Largeur B,,0,0,,Profondeur,12,1,0,,Hauteur,39,1,0,,Hauteur de plafond,8 pi,1,0,,Type de coin,Non,1,0,,Style de porte,Shaker,1,0,,Moulure,1 po,1,0,,Couleur,Blanc Pur,1,0,,U8-24-12-39,Armoire murale,Armoires de cuisine > Armoires murales > Plafond 8 pi,,2,24,,12,39,8 pi,Non,Blanc Pur,1 po,Shaker 1 po - Blanc Pur,Trousse Design p.3
variation,UC-24-12-39-BP3,Armoire murale - 24 x 12 x 39 po - Shaker 3 po - Blanc Pur,0,0,visible,"Armoire murale Dilamco, dimensions 24 x 12 x 39 po. Finition Shaker disponible selon les variantes.","Module Dilamco armoire murale (U8-24-12-39), dimensions 24 x 12 x 39 po. Cabinet en contreplaqué avec fini intérieur en placage de bouleau. Porte HDF avec moulure en bouleau. Fini extérieur assorti à la porte selon la finition choisie. Prix, disponibilité, panneaux de finition, fillers et installation à confirmer avant publication.",,,taxable,1,,0,0,0,Armoires de cuisine > Armoires murales,"Dilamco, armoires, Shaker, catalogue technique",,sku:U8-24-12-39,2,Type de module,Armoire murale,1,0,,Largeur,24,1,0,,Largeur B,,0,0,,Profondeur,12,1,0,,Hauteur,39,1,0,,Hauteur de plafond,8 pi,1,0,,Type de coin,Non,1,0,,Style de porte,Shaker,1,0,,Moulure,3 po,1,0,,Couleur,Blanc Pur,1,0,,U8-24-12-39,Armoire murale,Armoires de cuisine > Armoires murales > Plafond 8 pi,,2,24,,12,39,8 pi,Non,Blanc Pur,3 po,Shaker 3 po - Blanc Pur,Trousse Design p.3
variable,UC-27-12-39,Armoire murale - 27 x 12 x 39 po,0,0,visible,"Armoire murale Dilamco, dimensions 27 x 12 x 39 po. Finition Shaker disponible selon les variantes.","Module Dilamco armoire murale (U8-27-12-39), dimensions 27 x 12 x 39 po. Cabinet en contreplaqué avec fini intérieur en placage de bouleau. Porte HDF avec moulure en bouleau. Fini extérieur assorti à la porte selon la finition choisie. Prix, disponibilité, panneaux de finition, fillers et installation à confirmer avant publication.",,,taxable,1,,0,0,0,Armoires de cuisine > Armoires murales,"Dilamco, armoires, Shaker, catalogue technique",,,0,Type de module,Armoire murale,1,0,,Largeur,27,1,0,,Largeur B,,0,0,,Profondeur,12,1,0,,Hauteur,39,1,0,,Hauteur de plafond,8 pi,1,0,,Type de coin,Non,1,0,,Style de porte,Shaker,1,0,Shaker,Moulure,1 po | 3 po,1,0,1 po,Couleur,Blanc Pur,1,0,Blanc Pur,U8-27-12-39,Armoire murale,Armoires de cuisine > Armoires murales > Plafond 8 pi,,2,27,,12,39,8 pi,Non,,,,Trousse Design p.3
variation,UC-27-12-39-BP1,Armoire murale - 27 x 12 x 39 po - Shaker 1 po - Blanc Pur,0,0,visible,"Armoire murale Dilamco, dimensions 27 x 12 x 39 po. Finition Shaker disponible selon les variantes.","Module Dilamco armoire murale (U8-27-12-39), dimensions 27 x 12 x 39 po. Cabinet en contreplaqué avec fini intérieur en placage de bouleau. Porte HDF avec moulure en bouleau. Fini extérieur assorti à la porte selon la finition choisie. Prix, disponibilité, panneaux de finition, fillers et installation à confirmer avant publication.",,,taxable,1,,0,0,0,Armoires de cuisine > Armoires murales,"Dilamco, armoires, Shaker, catalogue technique",,sku:U8-27-12-39,1,Type de module,Armoire murale,1,0,,Largeur,27,1,0,,Largeur B,,0,0,,Profondeur,12,1,0,,Hauteur,39,1,0,,Hauteur de plafond,8 pi,1,0,,Type de coin,Non,1,0,,Style de porte,Shaker,1,0,,Moulure,1 po,1,0,,Couleur,Blanc Pur,1,0,,U8-27-12-39,Armoire murale,Armoires de cuisine > Armoires murales > Plafond 8 pi,,2,27,,12,39,8 pi,Non,Blanc Pur,1 po,Shaker 1 po - Blanc Pur,Trousse Design p.3
variation,UC-27-12-39-BP3,Armoire murale - 27 x 12 x 39 po - Shaker 3 po - Blanc Pur,0,0,visible,"Armoire murale Dilamco, dimensions 27 x 12 x 39 po. Finition Shaker disponible selon les variantes.","Module Dilamco armoire murale (U8-27-12-39), dimensions 27 x 12 x 39 po. Cabinet en contreplaqué avec fini intérieur en placage de bouleau. Porte HDF avec moulure en bouleau. Fini extérieur assorti à la porte selon la finition choisie. Prix, disponibilité, panneaux de finition, fillers et installation à confirmer avant publication.",,,taxable,1,,0,0,0,Armoires de cuisine > Armoires murales,"Dilamco, armoires, Shaker, catalogue technique",,sku:U8-27-12-39,2,Type de module,Armoire murale,1,0,,Largeur,27,1,0,,Largeur B,,0,0,,Profondeur,12,1,0,,Hauteur,39,1,0,,Hauteur de plafond,8 pi,1,0,,Type de coin,Non,1,0,,Style de porte,Shaker,1,0,,Moulure,3 po,1,0,,Couleur,Blanc Pur,1,0,,U8-27-12-39,Armoire murale,Armoires de cuisine > Armoires murales > Plafond 8 pi,,2,27,,12,39,8 pi,Non,Blanc Pur,3 po,Shaker 3 po - Blanc Pur,Trousse Design p.3
variable,UC-30-12-39,Armoire murale - 30 x 12 x 39 po,0,0,visible,"Armoire murale Dilamco, dimensions 30 x 12 x 39 po. Finition Shaker disponible selon les variantes.","Module Dilamco armoire murale (U8-30-12-39), dimensions 30 x 12 x 39 po. Cabinet en contreplaqué avec fini intérieur en placage de bouleau. Porte HDF avec moulure en bouleau. Fini extérieur assorti à la porte selon la finition choisie. Prix, disponibilité, panneaux de finition, fillers et installation à confirmer avant publication.",,,taxable,1,,0,0,0,Armoires de cuisine > Armoires murales,"Dilamco, armoires, Shaker, catalogue technique",,,0,Type de module,Armoire murale,1,0,,Largeur,30,1,0,,Largeur B,,0,0,,Profondeur,12,1,0,,Hauteur,39,1,0,,Hauteur de plafond,8 pi,1,0,,Type de coin,Non,1,0,,Style de porte,Shaker,1,0,Shaker,Moulure,1 po | 3 po,1,0,1 po,Couleur,Blanc Pur,1,0,Blanc Pur,U8-30-12-39,Armoire murale,Armoires de cuisine > Armoires murales > Plafond 8 pi,,2,30,,12,39,8 pi,Non,,,,Trousse Design p.3
variation,UC-30-12-39-BP1,Armoire murale - 30 x 12 x 39 po - Shaker 1 po - Blanc Pur,0,0,visible,"Armoire murale Dilamco, dimensions 30 x 12 x 39 po. Finition Shaker disponible selon les variantes.","Module Dilamco armoire murale (U8-30-12-39), dimensions 30 x 12 x 39 po. Cabinet en contreplaqué avec fini intérieur en placage de bouleau. Porte HDF avec moulure en bouleau. Fini extérieur assorti à la porte selon la finition choisie. Prix, disponibilité, panneaux de finition, fillers et installation à confirmer avant publication.",,,taxable,1,,0,0,0,Armoires de cuisine > Armoires murales,"Dilamco, armoires, Shaker, catalogue technique",,sku:U8-30-12-39,1,Type de module,Armoire murale,1,0,,Largeur,30,1,0,,Largeur B,,0,0,,Profondeur,12,1,0,,Hauteur,39,1,0,,Hauteur de plafond,8 pi,1,0,,Type de coin,Non,1,0,,Style de porte,Shaker,1,0,,Moulure,1 po,1,0,,Couleur,Blanc Pur,1,0,,U8-30-12-39,Armoire murale,Armoires de cuisine > Armoires murales > Plafond 8 pi,,2,30,,12,39,8 pi,Non,Blanc Pur,1 po,Shaker 1 po - Blanc Pur,Trousse Design p.3
variation,UC-30-12-39-BP3,Armoire murale - 30 x 12 x 39 po - Shaker 3 po - Blanc Pur,0,0,visible,"Armoire murale Dilamco, dimensions 30 x 12 x 39 po. Finition Shaker disponible selon les variantes.","Module Dilamco armoire murale (U8-30-12-39), dimensions 30 x 12 x 39 po. Cabinet en contreplaqué avec fini intérieur en placage de bouleau. Porte HDF avec moulure en bouleau. Fini extérieur assorti à la porte selon la finition choisie. Prix, disponibilité, panneaux de finition, fillers et installation à confirmer avant publication.",,,taxable,1,,0,0,0,Armoires de cuisine > Armoires murales,"Dilamco, armoires, Shaker, catalogue technique",,sku:U8-30-12-39,2,Type de module,Armoire murale,1,0,,Largeur,30,1,0,,Largeur B,,0,0,,Profondeur,12,1,0,,Hauteur,39,1,0,,Hauteur de plafond,8 pi,1,0,,Type de coin,Non,1,0,,Style de porte,Shaker,1,0,,Moulure,3 po,1,0,,Couleur,Blanc Pur,1,0,,U8-30-12-39,Armoire murale,Armoires de cuisine > Armoires murales > Plafond 8 pi,,2,30,,12,39,8 pi,Non,Blanc Pur,3 po,Shaker 3 po - Blanc Pur,Trousse Design p.3
variable,UC-33-12-39,Armoire murale - 33 x 12 x 39 po,0,0,visible,"Armoire murale Dilamco, dimensions 33 x 12 x 39 po. Finition Shaker disponible selon les variantes.","Module Dilamco armoire murale (U8-33-12-39), dimensions 33 x 12 x 39 po. Cabinet en contreplaqué avec fini intérieur en placage de bouleau. Porte HDF avec moulure en bouleau. Fini extérieur assorti à la porte selon la finition choisie. Prix, disponibilité, panneaux de finition, fillers et installation à confirmer avant publication.",,,taxable,1,,0,0,0,Armoires de cuisine > Armoires murales,"Dilamco, armoires, Shaker, catalogue technique",,,0,Type de module,Armoire murale,1,0,,Largeur,33,1,0,,Largeur B,,0,0,,Profondeur,12,1,0,,Hauteur,39,1,0,,Hauteur de plafond,8 pi,1,0,,Type de coin,Non,1,0,,Style de porte,Shaker,1,0,Shaker,Moulure,1 po | 3 po,1,0,1 po,Couleur,Blanc Pur,1,0,Blanc Pur,U8-33-12-39,Armoire murale,Armoires de cuisine > Armoires murales > Plafond 8 pi,,2,33,,12,39,8 pi,Non,,,,Trousse Design p.3
variation,UC-33-12-39-BP1,Armoire murale - 33 x 12 x 39 po - Shaker 1 po - Blanc Pur,0,0,visible,"Armoire murale Dilamco, dimensions 33 x 12 x 39 po. Finition Shaker disponible selon les variantes.","Module Dilamco armoire murale (U8-33-12-39), dimensions 33 x 12 x 39 po. Cabinet en contreplaqué avec fini intérieur en placage de bouleau. Porte HDF avec moulure en bouleau. Fini extérieur assorti à la porte selon la finition choisie. Prix, disponibilité, panneaux de finition, fillers et installation à confirmer avant publication.",,,taxable,1,,0,0,0,Armoires de cuisine > Armoires murales,"Dilamco, armoires, Shaker, catalogue technique",,sku:U8-33-12-39,1,Type de module,Armoire murale,1,0,,Largeur,33,1,0,,Largeur B,,0,0,,Profondeur,12,1,0,,Hauteur,39,1,0,,Hauteur de plafond,8 pi,1,0,,Type de coin,Non,1,0,,Style de porte,Shaker,1,0,,Moulure,1 po,1,0,,Couleur,Blanc Pur,1,0,,U8-33-12-39,Armoire murale,Armoires de cuisine > Armoires murales > Plafond 8 pi,,2,33,,12,39,8 pi,Non,Blanc Pur,1 po,Shaker 1 po - Blanc Pur,Trousse Design p.3
variation,UC-33-12-39-BP3,Armoire murale - 33 x 12 x 39 po - Shaker 3 po - Blanc Pur,0,0,visible,"Armoire murale Dilamco, dimensions 33 x 12 x 39 po. Finition Shaker disponible selon les variantes.","Module Dilamco armoire murale (U8-33-12-39), dimensions 33 x 12 x 39 po. Cabinet en contreplaqué avec fini intérieur en placage de bouleau. Porte HDF avec moulure en bouleau. Fini extérieur assorti à la porte selon la finition choisie. Prix, disponibilité, panneaux de finition, fillers et installation à confirmer avant publication.",,,taxable,1,,0,0,0,Armoires de cuisine > Armoires murales,"Dilamco, armoires, Shaker, catalogue technique",,sku:U8-33-12-39,2,Type de module,Armoire murale,1,0,,Largeur,33,1,0,,Largeur B,,0,0,,Profondeur,12,1,0,,Hauteur,39,1,0,,Hauteur de plafond,8 pi,1,0,,Type de coin,Non,1,0,,Style de porte,Shaker,1,0,,Moulure,3 po,1,0,,Couleur,Blanc Pur,1,0,,U8-33-12-39,Armoire murale,Armoires de cuisine > Armoires murales > Plafond 8 pi,,2,33,,12,39,8 pi,Non,Blanc Pur,3 po,Shaker 3 po - Blanc Pur,Trousse Design p.3
variable,UC-36-12-39,Armoire murale - 36 x 12 x 39 po,0,0,visible,"Armoire murale Dilamco, dimensions 36 x 12 x 39 po. Finition Shaker disponible selon les variantes.","Module Dilamco armoire murale (U8-36-12-39), dimensions 36 x 12 x 39 po. Cabinet en contreplaqué avec fini intérieur en placage de bouleau. Porte HDF avec moulure en bouleau. Fini extérieur assorti à la porte selon la finition choisie. Prix, disponibilité, panneaux de finition, fillers et installation à confirmer avant publication.",,,taxable,1,,0,0,0,Armoires de cuisine > Armoires murales,"Dilamco, armoires, Shaker, catalogue technique",,,0,Type de module,Armoire murale,1,0,,Largeur,36,1,0,,Largeur B,,0,0,,Profondeur,12,1,0,,Hauteur,39,1,0,,Hauteur de plafond,8 pi,1,0,,Type de coin,Non,1,0,,Style de porte,Shaker,1,0,Shaker,Moulure,1 po | 3 po,1,0,1 po,Couleur,Blanc Pur,1,0,Blanc Pur,U8-36-12-39,Armoire murale,Armoires de cuisine > Armoires murales > Plafond 8 pi,,2,36,,12,39,8 pi,Non,,,,Trousse Design p.3
variation,UC-36-12-39-BP1,Armoire murale - 36 x 12 x 39 po - Shaker 1 po - Blanc Pur,0,0,visible,"Armoire murale Dilamco, dimensions 36 x 12 x 39 po. Finition Shaker disponible selon les variantes.","Module Dilamco armoire murale (U8-36-12-39), dimensions 36 x 12 x 39 po. Cabinet en contreplaqué avec fini intérieur en placage de bouleau. Porte HDF avec moulure en bouleau. Fini extérieur assorti à la porte selon la finition choisie. Prix, disponibilité, panneaux de finition, fillers et installation à confirmer avant publication.",,,taxable,1,,0,0,0,Armoires de cuisine > Armoires murales,"Dilamco, armoires, Shaker, catalogue technique",,sku:U8-36-12-39,1,Type de module,Armoire murale,1,0,,Largeur,36,1,0,,Largeur B,,0,0,,Profondeur,12,1,0,,Hauteur,39,1,0,,Hauteur de plafond,8 pi,1,0,,Type de coin,Non,1,0,,Style de porte,Shaker,1,0,,Moulure,1 po,1,0,,Couleur,Blanc Pur,1,0,,U8-36-12-39,Armoire murale,Armoires de cuisine > Armoires murales > Plafond 8 pi,,2,36,,12,39,8 pi,Non,Blanc Pur,1 po,Shaker 1 po - Blanc Pur,Trousse Design p.3
variation,UC-36-12-39-BP3,Armoire murale - 36 x 12 x 39 po - Shaker 3 po - Blanc Pur,0,0,visible,"Armoire murale Dilamco, dimensions 36 x 12 x 39 po. Finition Shaker disponible selon les variantes.","Module Dilamco armoire murale (U8-36-12-39), dimensions 36 x 12 x 39 po. Cabinet en contreplaqué avec fini intérieur en placage de bouleau. Porte HDF avec moulure en bouleau. Fini extérieur assorti à la porte selon la finition choisie. Prix, disponibilité, panneaux de finition, fillers et installation à confirmer avant publication.",,,taxable,1,,0,0,0,Armoires de cuisine > Armoires murales,"Dilamco, armoires, Shaker, catalogue technique",,sku:U8-36-12-39,2,Type de module,Armoire murale,1,0,,Largeur,36,1,0,,Largeur B,,0,0,,Profondeur,12,1,0,,Hauteur,39,1,0,,Hauteur de plafond,8 pi,1,0,,Type de coin,Non,1,0,,Style de porte,Shaker,1,0,,Moulure,3 po,1,0,,Couleur,Blanc Pur,1,0,,U8-36-12-39,Armoire murale,Armoires de cuisine > Armoires murales > Plafond 8 pi,,2,36,,12,39,8 pi,Non,Blanc Pur,3 po,Shaker 3 po - Blanc Pur,Trousse Design p.3
variable,UC-09-12-42,Armoire murale - 9 x 12 x 42 po,0,0,visible,"Armoire murale Dilamco, dimensions 9 x 12 x 42 po. Finition Shaker disponible selon les variantes.","Module Dilamco armoire murale (U9-09-12-42), dimensions 9 x 12 x 42 po. Cabinet en contreplaqué avec fini intérieur en placage de bouleau. Porte HDF avec moulure en bouleau. Fini extérieur assorti à la porte selon la finition choisie. Prix, disponibilité, panneaux de finition, fillers et installation à confirmer avant publication.",,,taxable,1,,0,0,0,Armoires de cuisine > Armoires murales,"Dilamco, armoires, Shaker, catalogue technique",,,0,Type de module,Armoire murale,1,0,,Largeur,9,1,0,,Largeur B,,0,0,,Profondeur,12,1,0,,Hauteur,42,1,0,,Hauteur de plafond,9 pi,1,0,,Type de coin,Non,1,0,,Style de porte,Shaker,1,0,Shaker,Moulure,1 po | 3 po,1,0,1 po,Couleur,Blanc Pur,1,0,Blanc Pur,U9-09-12-42,Armoire murale,Armoires de cuisine > Armoires murales,,1,9,,12,42,9 pi,Non,,,,Trousse Design p.4
variation,UC-09-12-42-BP1,Armoire murale - 9 x 12 x 42 po - Shaker 1 po - Blanc Pur,0,0,visible,"Armoire murale Dilamco, dimensions 9 x 12 x 42 po. Finition Shaker disponible selon les variantes.","Module Dilamco armoire murale (U9-09-12-42), dimensions 9 x 12 x 42 po. Cabinet en contreplaqué avec fini intérieur en placage de bouleau. Porte HDF avec moulure en bouleau. Fini extérieur assorti à la porte selon la finition choisie. Prix, disponibilité, panneaux de finition, fillers et installation à confirmer avant publication.",,,taxable,1,,0,0,0,Armoires de cuisine > Armoires murales,"Dilamco, armoires, Shaker, catalogue technique",,sku:U9-09-12-42,1,Type de module,Armoire murale,1,0,,Largeur,9,1,0,,Largeur B,,0,0,,Profondeur,12,1,0,,Hauteur,42,1,0,,Hauteur de plafond,9 pi,1,0,,Type de coin,Non,1,0,,Style de porte,Shaker,1,0,,Moulure,1 po,1,0,,Couleur,Blanc Pur,1,0,,U9-09-12-42,Armoire murale,Armoires de cuisine > Armoires murales,,1,9,,12,42,9 pi,Non,Blanc Pur,1 po,Shaker 1 po - Blanc Pur,Trousse Design p.4
variation,UC-09-12-42-BP3,Armoire murale - 9 x 12 x 42 po - Shaker 3 po - Blanc Pur,0,0,visible,"Armoire murale Dilamco, dimensions 9 x 12 x 42 po. Finition Shaker disponible selon les variantes.","Module Dilamco armoire murale (U9-09-12-42), dimensions 9 x 12 x 42 po. Cabinet en contreplaqué avec fini intérieur en placage de bouleau. Porte HDF avec moulure en bouleau. Fini extérieur assorti à la porte selon la finition choisie. Prix, disponibilité, panneaux de finition, fillers et installation à confirmer avant publication.",,,taxable,1,,0,0,0,Armoires de cuisine > Armoires murales,"Dilamco, armoires, Shaker, catalogue technique",,sku:U9-09-12-42,2,Type de module,Armoire murale,1,0,,Largeur,9,1,0,,Largeur B,,0,0,,Profondeur,12,1,0,,Hauteur,42,1,0,,Hauteur de plafond,9 pi,1,0,,Type de coin,Non,1,0,,Style de porte,Shaker,1,0,,Moulure,3 po,1,0,,Couleur,Blanc Pur,1,0,,U9-09-12-42,Armoire murale,Armoires de cuisine > Armoires murales,,1,9,,12,42,9 pi,Non,Blanc Pur,3 po,Shaker 3 po - Blanc Pur,Trousse Design p.4
variable,UC-12-12-42,Armoire murale - 12 x 12 x 42 po,0,0,visible,"Armoire murale Dilamco, dimensions 12 x 12 x 42 po. Finition Shaker disponible selon les variantes.","Module Dilamco armoire murale (U9-12-12-42), dimensions 12 x 12 x 42 po. Cabinet en contreplaqué avec fini intérieur en placage de bouleau. Porte HDF avec moulure en bouleau. Fini extérieur assorti à la porte selon la finition choisie. Prix, disponibilité, panneaux de finition, fillers et installation à confirmer avant publication.",,,taxable,1,,0,0,0,Armoires de cuisine > Armoires murales,"Dilamco, armoires, Shaker, catalogue technique",,,0,Type de module,Armoire murale,1,0,,Largeur,12,1,0,,Largeur B,,0,0,,Profondeur,12,1,0,,Hauteur,42,1,0,,Hauteur de plafond,9 pi,1,0,,Type de coin,Non,1,0,,Style de porte,Shaker,1,0,Shaker,Moulure,1 po | 3 po,1,0,1 po,Couleur,Blanc Pur,1,0,Blanc Pur,U9-12-12-42,Armoire murale,Armoires de cuisine > Armoires murales,,1,12,,12,42,9 pi,Non,,,,Trousse Design p.4
variation,UC-12-12-42-BP1,Armoire murale - 12 x 12 x 42 po - Shaker 1 po - Blanc Pur,0,0,visible,"Armoire murale Dilamco, dimensions 12 x 12 x 42 po. Finition Shaker disponible selon les variantes.","Module Dilamco armoire murale (U9-12-12-42), dimensions 12 x 12 x 42 po. Cabinet en contreplaqué avec fini intérieur en placage de bouleau. Porte HDF avec moulure en bouleau. Fini extérieur assorti à la porte selon la finition choisie. Prix, disponibilité, panneaux de finition, fillers et installation à confirmer avant publication.",,,taxable,1,,0,0,0,Armoires de cuisine > Armoires murales,"Dilamco, armoires, Shaker, catalogue technique",,sku:U9-12-12-42,1,Type de module,Armoire murale,1,0,,Largeur,12,1,0,,Largeur B,,0,0,,Profondeur,12,1,0,,Hauteur,42,1,0,,Hauteur de plafond,9 pi,1,0,,Type de coin,Non,1,0,,Style de porte,Shaker,1,0,,Moulure,1 po,1,0,,Couleur,Blanc Pur,1,0,,U9-12-12-42,Armoire murale,Armoires de cuisine > Armoires murales,,1,12,,12,42,9 pi,Non,Blanc Pur,1 po,Shaker 1 po - Blanc Pur,Trousse Design p.4
variation,UC-12-12-42-BP3,Armoire murale - 12 x 12 x 42 po - Shaker 3 po - Blanc Pur,0,0,visible,"Armoire murale Dilamco, dimensions 12 x 12 x 42 po. Finition Shaker disponible selon les variantes.","Module Dilamco armoire murale (U9-12-12-42), dimensions 12 x 12 x 42 po. Cabinet en contreplaqué avec fini intérieur en placage de bouleau. Porte HDF avec moulure en bouleau. Fini extérieur assorti à la porte selon la finition choisie. Prix, disponibilité, panneaux de finition, fillers et installation à confirmer avant publication.",,,taxable,1,,0,0,0,Armoires de cuisine > Armoires murales,"Dilamco, armoires, Shaker, catalogue technique",,sku:U9-12-12-42,2,Type de module,Armoire murale,1,0,,Largeur,12,1,0,,Largeur B,,0,0,,Profondeur,12,1,0,,Hauteur,42,1,0,,Hauteur de plafond,9 pi,1,0,,Type de coin,Non,1,0,,Style de porte,Shaker,1,0,,Moulure,3 po,1,0,,Couleur,Blanc Pur,1,0,,U9-12-12-42,Armoire murale,Armoires de cuisine > Armoires murales,,1,12,,12,42,9 pi,Non,Blanc Pur,3 po,Shaker 3 po - Blanc Pur,Trousse Design p.4
variable,UC-15-12-42,Armoire murale - 15 x 12 x 42 po,0,0,visible,"Armoire murale Dilamco, dimensions 15 x 12 x 42 po. Finition Shaker disponible selon les variantes.","Module Dilamco armoire murale (U9-15-12-42), dimensions 15 x 12 x 42 po. Cabinet en contreplaqué avec fini intérieur en placage de bouleau. Porte HDF avec moulure en bouleau. Fini extérieur assorti à la porte selon la finition choisie. Prix, disponibilité, panneaux de finition, fillers et installation à confirmer avant publication.",,,taxable,1,,0,0,0,Armoires de cuisine > Armoires murales,"Dilamco, armoires, Shaker, catalogue technique",,,0,Type de module,Armoire murale,1,0,,Largeur,15,1,0,,Largeur B,,0,0,,Profondeur,12,1,0,,Hauteur,42,1,0,,Hauteur de plafond,9 pi,1,0,,Type de coin,Non,1,0,,Style de porte,Shaker,1,0,Shaker,Moulure,1 po | 3 po,1,0,1 po,Couleur,Blanc Pur,1,0,Blanc Pur,U9-15-12-42,Armoire murale,Armoires de cuisine > Armoires murales,,1,15,,12,42,9 pi,Non,,,,Trousse Design p.4
variation,UC-15-12-42-BP1,Armoire murale - 15 x 12 x 42 po - Shaker 1 po - Blanc Pur,0,0,visible,"Armoire murale Dilamco, dimensions 15 x 12 x 42 po. Finition Shaker disponible selon les variantes.","Module Dilamco armoire murale (U9-15-12-42), dimensions 15 x 12 x 42 po. Cabinet en contreplaqué avec fini intérieur en placage de bouleau. Porte HDF avec moulure en bouleau. Fini extérieur assorti à la porte selon la finition choisie. Prix, disponibilité, panneaux de finition, fillers et installation à confirmer avant publication.",,,taxable,1,,0,0,0,Armoires de cuisine > Armoires murales,"Dilamco, armoires, Shaker, catalogue technique",,sku:U9-15-12-42,1,Type de module,Armoire murale,1,0,,Largeur,15,1,0,,Largeur B,,0,0,,Profondeur,12,1,0,,Hauteur,42,1,0,,Hauteur de plafond,9 pi,1,0,,Type de coin,Non,1,0,,Style de porte,Shaker,1,0,,Moulure,1 po,1,0,,Couleur,Blanc Pur,1,0,,U9-15-12-42,Armoire murale,Armoires de cuisine > Armoires murales,,1,15,,12,42,9 pi,Non,Blanc Pur,1 po,Shaker 1 po - Blanc Pur,Trousse Design p.4
variation,UC-15-12-42-BP3,Armoire murale - 15 x 12 x 42 po - Shaker 3 po - Blanc Pur,0,0,visible,"Armoire murale Dilamco, dimensions 15 x 12 x 42 po. Finition Shaker disponible selon les variantes.","Module Dilamco armoire murale (U9-15-12-42), dimensions 15 x 12 x 42 po. Cabinet en contreplaqué avec fini intérieur en placage de bouleau. Porte HDF avec moulure en bouleau. Fini extérieur assorti à la porte selon la finition choisie. Prix, disponibilité, panneaux de finition, fillers et installation à confirmer avant publication.",,,taxable,1,,0,0,0,Armoires de cuisine > Armoires murales,"Dilamco, armoires, Shaker, catalogue technique",,sku:U9-15-12-42,2,Type de module,Armoire murale,1,0,,Largeur,15,1,0,,Largeur B,,0,0,,Profondeur,12,1,0,,Hauteur,42,1,0,,Hauteur de plafond,9 pi,1,0,,Type de coin,Non,1,0,,Style de porte,Shaker,1,0,,Moulure,3 po,1,0,,Couleur,Blanc Pur,1,0,,U9-15-12-42,Armoire murale,Armoires de cuisine > Armoires murales,,1,15,,12,42,9 pi,Non,Blanc Pur,3 po,Shaker 3 po - Blanc Pur,Trousse Design p.4
variable,UC-18-12-42,Armoire murale - 18 x 12 x 42 po,0,0,visible,"Armoire murale Dilamco, dimensions 18 x 12 x 42 po. Finition Shaker disponible selon les variantes.","Module Dilamco armoire murale (U9-18-12-42), dimensions 18 x 12 x 42 po. Cabinet en contreplaqué avec fini intérieur en placage de bouleau. Porte HDF avec moulure en bouleau. Fini extérieur assorti à la porte selon la finition choisie. Prix, disponibilité, panneaux de finition, fillers et installation à confirmer avant publication.",,,taxable,1,,0,0,0,Armoires de cuisine > Armoires murales,"Dilamco, armoires, Shaker, catalogue technique",,,0,Type de module,Armoire murale,1,0,,Largeur,18,1,0,,Largeur B,,0,0,,Profondeur,12,1,0,,Hauteur,42,1,0,,Hauteur de plafond,9 pi,1,0,,Type de coin,Non,1,0,,Style de porte,Shaker,1,0,Shaker,Moulure,1 po | 3 po,1,0,1 po,Couleur,Blanc Pur,1,0,Blanc Pur,U9-18-12-42,Armoire murale,Armoires de cuisine > Armoires murales,,1,18,,12,42,9 pi,Non,,,,Trousse Design p.4
variation,UC-18-12-42-BP1,Armoire murale - 18 x 12 x 42 po - Shaker 1 po - Blanc Pur,0,0,visible,"Armoire murale Dilamco, dimensions 18 x 12 x 42 po. Finition Shaker disponible selon les variantes.","Module Dilamco armoire murale (U9-18-12-42), dimensions 18 x 12 x 42 po. Cabinet en contreplaqué avec fini intérieur en placage de bouleau. Porte HDF avec moulure en bouleau. Fini extérieur assorti à la porte selon la finition choisie. Prix, disponibilité, panneaux de finition, fillers et installation à confirmer avant publication.",,,taxable,1,,0,0,0,Armoires de cuisine > Armoires murales,"Dilamco, armoires, Shaker, catalogue technique",,sku:U9-18-12-42,1,Type de module,Armoire murale,1,0,,Largeur,18,1,0,,Largeur B,,0,0,,Profondeur,12,1,0,,Hauteur,42,1,0,,Hauteur de plafond,9 pi,1,0,,Type de coin,Non,1,0,,Style de porte,Shaker,1,0,,Moulure,1 po,1,0,,Couleur,Blanc Pur,1,0,,U9-18-12-42,Armoire murale,Armoires de cuisine > Armoires murales,,1,18,,12,42,9 pi,Non,Blanc Pur,1 po,Shaker 1 po - Blanc Pur,Trousse Design p.4
variation,UC-18-12-42-BP3,Armoire murale - 18 x 12 x 42 po - Shaker 3 po - Blanc Pur,0,0,visible,"Armoire murale Dilamco, dimensions 18 x 12 x 42 po. Finition Shaker disponible selon les variantes.","Module Dilamco armoire murale (U9-18-12-42), dimensions 18 x 12 x 42 po. Cabinet en contreplaqué avec fini intérieur en placage de bouleau. Porte HDF avec moulure en bouleau. Fini extérieur assorti à la porte selon la finition choisie. Prix, disponibilité, panneaux de finition, fillers et installation à confirmer avant publication.",,,taxable,1,,0,0,0,Armoires de cuisine > Armoires murales,"Dilamco, armoires, Shaker, catalogue technique",,sku:U9-18-12-42,2,Type de module,Armoire murale,1,0,,Largeur,18,1,0,,Largeur B,,0,0,,Profondeur,12,1,0,,Hauteur,42,1,0,,Hauteur de plafond,9 pi,1,0,,Type de coin,Non,1,0,,Style de porte,Shaker,1,0,,Moulure,3 po,1,0,,Couleur,Blanc Pur,1,0,,U9-18-12-42,Armoire murale,Armoires de cuisine > Armoires murales,,1,18,,12,42,9 pi,Non,Blanc Pur,3 po,Shaker 3 po - Blanc Pur,Trousse Design p.4
variable,UC-21-12-42,Armoire murale - 21 x 12 x 42 po,0,0,visible,"Armoire murale Dilamco, dimensions 21 x 12 x 42 po. Finition Shaker disponible selon les variantes.","Module Dilamco armoire murale (U9-21-12-42), dimensions 21 x 12 x 42 po. Cabinet en contreplaqué avec fini intérieur en placage de bouleau. Porte HDF avec moulure en bouleau. Fini extérieur assorti à la porte selon la finition choisie. Prix, disponibilité, panneaux de finition, fillers et installation à confirmer avant publication.",,,taxable,1,,0,0,0,Armoires de cuisine > Armoires murales,"Dilamco, armoires, Shaker, catalogue technique",,,0,Type de module,Armoire murale,1,0,,Largeur,21,1,0,,Largeur B,,0,0,,Profondeur,12,1,0,,Hauteur,42,1,0,,Hauteur de plafond,9 pi,1,0,,Type de coin,Non,1,0,,Style de porte,Shaker,1,0,Shaker,Moulure,1 po | 3 po,1,0,1 po,Couleur,Blanc Pur,1,0,Blanc Pur,U9-21-12-42,Armoire murale,Armoires de cuisine > Armoires murales,,1,21,,12,42,9 pi,Non,,,,Trousse Design p.4
variation,UC-21-12-42-BP1,Armoire murale - 21 x 12 x 42 po - Shaker 1 po - Blanc Pur,0,0,visible,"Armoire murale Dilamco, dimensions 21 x 12 x 42 po. Finition Shaker disponible selon les variantes.","Module Dilamco armoire murale (U9-21-12-42), dimensions 21 x 12 x 42 po. Cabinet en contreplaqué avec fini intérieur en placage de bouleau. Porte HDF avec moulure en bouleau. Fini extérieur assorti à la porte selon la finition choisie. Prix, disponibilité, panneaux de finition, fillers et installation à confirmer avant publication.",,,taxable,1,,0,0,0,Armoires de cuisine > Armoires murales,"Dilamco, armoires, Shaker, catalogue technique",,sku:U9-21-12-42,1,Type de module,Armoire murale,1,0,,Largeur,21,1,0,,Largeur B,,0,0,,Profondeur,12,1,0,,Hauteur,42,1,0,,Hauteur de plafond,9 pi,1,0,,Type de coin,Non,1,0,,Style de porte,Shaker,1,0,,Moulure,1 po,1,0,,Couleur,Blanc Pur,1,0,,U9-21-12-42,Armoire murale,Armoires de cuisine > Armoires murales,,1,21,,12,42,9 pi,Non,Blanc Pur,1 po,Shaker 1 po - Blanc Pur,Trousse Design p.4
variation,UC-21-12-42-BP3,Armoire murale - 21 x 12 x 42 po - Shaker 3 po - Blanc Pur,0,0,visible,"Armoire murale Dilamco, dimensions 21 x 12 x 42 po. Finition Shaker disponible selon les variantes.","Module Dilamco armoire murale (U9-21-12-42), dimensions 21 x 12 x 42 po. Cabinet en contreplaqué avec fini intérieur en placage de bouleau. Porte HDF avec moulure en bouleau. Fini extérieur assorti à la porte selon la finition choisie. Prix, disponibilité, panneaux de finition, fillers et installation à confirmer avant publication.",,,taxable,1,,0,0,0,Armoires de cuisine > Armoires murales,"Dilamco, armoires, Shaker, catalogue technique",,sku:U9-21-12-42,2,Type de module,Armoire murale,1,0,,Largeur,21,1,0,,Largeur B,,0,0,,Profondeur,12,1,0,,Hauteur,42,1,0,,Hauteur de plafond,9 pi,1,0,,Type de coin,Non,1,0,,Style de porte,Shaker,1,0,,Moulure,3 po,1,0,,Couleur,Blanc Pur,1,0,,U9-21-12-42,Armoire murale,Armoires de cuisine > Armoires murales,,1,21,,12,42,9 pi,Non,Blanc Pur,3 po,Shaker 3 po - Blanc Pur,Trousse Design p.4
variable,UC-24-12-42,Armoire murale - 24 x 12 x 42 po,0,0,visible,"Armoire murale Dilamco, dimensions 24 x 12 x 42 po. Finition Shaker disponible selon les variantes.","Module Dilamco armoire murale (U9-24-12-42), dimensions 24 x 12 x 42 po. Cabinet en contreplaqué avec fini intérieur en placage de bouleau. Porte HDF avec moulure en bouleau. Fini extérieur assorti à la porte selon la finition choisie. Prix, disponibilité, panneaux de finition, fillers et installation à confirmer avant publication.",,,taxable,1,,0,0,0,Armoires de cuisine > Armoires murales,"Dilamco, armoires, Shaker, catalogue technique",,,0,Type de module,Armoire murale,1,0,,Largeur,24,1,0,,Largeur B,,0,0,,Profondeur,12,1,0,,Hauteur,42,1,0,,Hauteur de plafond,9 pi,1,0,,Type de coin,Non,1,0,,Style de porte,Shaker,1,0,Shaker,Moulure,1 po | 3 po,1,0,1 po,Couleur,Blanc Pur,1,0,Blanc Pur,U9-24-12-42,Armoire murale,Armoires de cuisine > Armoires murales,,2,24,,12,42,9 pi,Non,,,,Trousse Design p.4
variation,UC-24-12-42-BP1,Armoire murale - 24 x 12 x 42 po - Shaker 1 po - Blanc Pur,0,0,visible,"Armoire murale Dilamco, dimensions 24 x 12 x 42 po. Finition Shaker disponible selon les variantes.","Module Dilamco armoire murale (U9-24-12-42), dimensions 24 x 12 x 42 po. Cabinet en contreplaqué avec fini intérieur en placage de bouleau. Porte HDF avec moulure en bouleau. Fini extérieur assorti à la porte selon la finition choisie. Prix, disponibilité, panneaux de finition, fillers et installation à confirmer avant publication.",,,taxable,1,,0,0,0,Armoires de cuisine > Armoires murales,"Dilamco, armoires, Shaker, catalogue technique",,sku:U9-24-12-42,1,Type de module,Armoire murale,1,0,,Largeur,24,1,0,,Largeur B,,0,0,,Profondeur,12,1,0,,Hauteur,42,1,0,,Hauteur de plafond,9 pi,1,0,,Type de coin,Non,1,0,,Style de porte,Shaker,1,0,,Moulure,1 po,1,0,,Couleur,Blanc Pur,1,0,,U9-24-12-42,Armoire murale,Armoires de cuisine > Armoires murales,,2,24,,12,42,9 pi,Non,Blanc Pur,1 po,Shaker 1 po - Blanc Pur,Trousse Design p.4
variation,UC-24-12-42-BP3,Armoire murale - 24 x 12 x 42 po - Shaker 3 po - Blanc Pur,0,0,visible,"Armoire murale Dilamco, dimensions 24 x 12 x 42 po. Finition Shaker disponible selon les variantes.","Module Dilamco armoire murale (U9-24-12-42), dimensions 24 x 12 x 42 po. Cabinet en contreplaqué avec fini intérieur en placage de bouleau. Porte HDF avec moulure en bouleau. Fini extérieur assorti à la porte selon la finition choisie. Prix, disponibilité, panneaux de finition, fillers et installation à confirmer avant publication.",,,taxable,1,,0,0,0,Armoires de cuisine > Armoires murales,"Dilamco, armoires, Shaker, catalogue technique",,sku:U9-24-12-42,2,Type de module,Armoire murale,1,0,,Largeur,24,1,0,,Largeur B,,0,0,,Profondeur,12,1,0,,Hauteur,42,1,0,,Hauteur de plafond,9 pi,1,0,,Type de coin,Non,1,0,,Style de porte,Shaker,1,0,,Moulure,3 po,1,0,,Couleur,Blanc Pur,1,0,,U9-24-12-42,Armoire murale,Armoires de cuisine > Armoires murales,,2,24,,12,42,9 pi,Non,Blanc Pur,3 po,Shaker 3 po - Blanc Pur,Trousse Design p.4
variable,UC-27-12-42,Armoire murale - 27 x 12 x 42 po,0,0,visible,"Armoire murale Dilamco, dimensions 27 x 12 x 42 po. Finition Shaker disponible selon les variantes.","Module Dilamco armoire murale (U9-27-12-42), dimensions 27 x 12 x 42 po. Cabinet en contreplaqué avec fini intérieur en placage de bouleau. Porte HDF avec moulure en bouleau. Fini extérieur assorti à la porte selon la finition choisie. Prix, disponibilité, panneaux de finition, fillers et installation à confirmer avant publication.",,,taxable,1,,0,0,0,Armoires de cuisine > Armoires murales,"Dilamco, armoires, Shaker, catalogue technique",,,0,Type de module,Armoire murale,1,0,,Largeur,27,1,0,,Largeur B,,0,0,,Profondeur,12,1,0,,Hauteur,42,1,0,,Hauteur de plafond,9 pi,1,0,,Type de coin,Non,1,0,,Style de porte,Shaker,1,0,Shaker,Moulure,1 po | 3 po,1,0,1 po,Couleur,Blanc Pur,1,0,Blanc Pur,U9-27-12-42,Armoire murale,Armoires de cuisine > Armoires murales,,2,27,,12,42,9 pi,Non,,,,Trousse Design p.4
variation,UC-27-12-42-BP1,Armoire murale - 27 x 12 x 42 po - Shaker 1 po - Blanc Pur,0,0,visible,"Armoire murale Dilamco, dimensions 27 x 12 x 42 po. Finition Shaker disponible selon les variantes.","Module Dilamco armoire murale (U9-27-12-42), dimensions 27 x 12 x 42 po. Cabinet en contreplaqué avec fini intérieur en placage de bouleau. Porte HDF avec moulure en bouleau. Fini extérieur assorti à la porte selon la finition choisie. Prix, disponibilité, panneaux de finition, fillers et installation à confirmer avant publication.",,,taxable,1,,0,0,0,Armoires de cuisine > Armoires murales,"Dilamco, armoires, Shaker, catalogue technique",,sku:U9-27-12-42,1,Type de module,Armoire murale,1,0,,Largeur,27,1,0,,Largeur B,,0,0,,Profondeur,12,1,0,,Hauteur,42,1,0,,Hauteur de plafond,9 pi,1,0,,Type de coin,Non,1,0,,Style de porte,Shaker,1,0,,Moulure,1 po,1,0,,Couleur,Blanc Pur,1,0,,U9-27-12-42,Armoire murale,Armoires de cuisine > Armoires murales,,2,27,,12,42,9 pi,Non,Blanc Pur,1 po,Shaker 1 po - Blanc Pur,Trousse Design p.4
variation,UC-27-12-42-BP3,Armoire murale - 27 x 12 x 42 po - Shaker 3 po - Blanc Pur,0,0,visible,"Armoire murale Dilamco, dimensions 27 x 12 x 42 po. Finition Shaker disponible selon les variantes.","Module Dilamco armoire murale (U9-27-12-42), dimensions 27 x 12 x 42 po. Cabinet en contreplaqué avec fini intérieur en placage de bouleau. Porte HDF avec moulure en bouleau. Fini extérieur assorti à la porte selon la finition choisie. Prix, disponibilité, panneaux de finition, fillers et installation à confirmer avant publication.",,,taxable,1,,0,0,0,Armoires de cuisine > Armoires murales,"Dilamco, armoires, Shaker, catalogue technique",,sku:U9-27-12-42,2,Type de module,Armoire murale,1,0,,Largeur,27,1,0,,Largeur B,,0,0,,Profondeur,12,1,0,,Hauteur,42,1,0,,Hauteur de plafond,9 pi,1,0,,Type de coin,Non,1,0,,Style de porte,Shaker,1,0,,Moulure,3 po,1,0,,Couleur,Blanc Pur,1,0,,U9-27-12-42,Armoire murale,Armoires de cuisine > Armoires murales,,2,27,,12,42,9 pi,Non,Blanc Pur,3 po,Shaker 3 po - Blanc Pur,Trousse Design p.4
variable,UC-30-12-42,Armoire murale - 30 x 12 x 42 po,0,0,visible,"Armoire murale Dilamco, dimensions 30 x 12 x 42 po. Finition Shaker disponible selon les variantes.","Module Dilamco armoire murale (U9-30-12-42), dimensions 30 x 12 x 42 po. Cabinet en contreplaqué avec fini intérieur en placage de bouleau. Porte HDF avec moulure en bouleau. Fini extérieur assorti à la porte selon la finition choisie. Prix, disponibilité, panneaux de finition, fillers et installation à confirmer avant publication.",,,taxable,1,,0,0,0,Armoires de cuisine > Armoires murales,"Dilamco, armoires, Shaker, catalogue technique",,,0,Type de module,Armoire murale,1,0,,Largeur,30,1,0,,Largeur B,,0,0,,Profondeur,12,1,0,,Hauteur,42,1,0,,Hauteur de plafond,9 pi,1,0,,Type de coin,Non,1,0,,Style de porte,Shaker,1,0,Shaker,Moulure,1 po | 3 po,1,0,1 po,Couleur,Blanc Pur,1,0,Blanc Pur,U9-30-12-42,Armoire murale,Armoires de cuisine > Armoires murales,,2,30,,12,42,9 pi,Non,,,,Trousse Design p.4
variation,UC-30-12-42-BP1,Armoire murale - 30 x 12 x 42 po - Shaker 1 po - Blanc Pur,0,0,visible,"Armoire murale Dilamco, dimensions 30 x 12 x 42 po. Finition Shaker disponible selon les variantes.","Module Dilamco armoire murale (U9-30-12-42), dimensions 30 x 12 x 42 po. Cabinet en contreplaqué avec fini intérieur en placage de bouleau. Porte HDF avec moulure en bouleau. Fini extérieur assorti à la porte selon la finition choisie. Prix, disponibilité, panneaux de finition, fillers et installation à confirmer avant publication.",,,taxable,1,,0,0,0,Armoires de cuisine > Armoires murales,"Dilamco, armoires, Shaker, catalogue technique",,sku:U9-30-12-42,1,Type de module,Armoire murale,1,0,,Largeur,30,1,0,,Largeur B,,0,0,,Profondeur,12,1,0,,Hauteur,42,1,0,,Hauteur de plafond,9 pi,1,0,,Type de coin,Non,1,0,,Style de porte,Shaker,1,0,,Moulure,1 po,1,0,,Couleur,Blanc Pur,1,0,,U9-30-12-42,Armoire murale,Armoires de cuisine > Armoires murales,,2,30,,12,42,9 pi,Non,Blanc Pur,1 po,Shaker 1 po - Blanc Pur,Trousse Design p.4
variation,UC-30-12-42-BP3,Armoire murale - 30 x 12 x 42 po - Shaker 3 po - Blanc Pur,0,0,visible,"Armoire murale Dilamco, dimensions 30 x 12 x 42 po. Finition Shaker disponible selon les variantes.","Module Dilamco armoire murale (U9-30-12-42), dimensions 30 x 12 x 42 po. Cabinet en contreplaqué avec fini intérieur en placage de bouleau. Porte HDF avec moulure en bouleau. Fini extérieur assorti à la porte selon la finition choisie. Prix, disponibilité, panneaux de finition, fillers et installation à confirmer avant publication.",,,taxable,1,,0,0,0,Armoires de cuisine > Armoires murales,"Dilamco, armoires, Shaker, catalogue technique",,sku:U9-30-12-42,2,Type de module,Armoire murale,1,0,,Largeur,30,1,0,,Largeur B,,0,0,,Profondeur,12,1,0,,Hauteur,42,1,0,,Hauteur de plafond,9 pi,1,0,,Type de coin,Non,1,0,,Style de porte,Shaker,1,0,,Moulure,3 po,1,0,,Couleur,Blanc Pur,1,0,,U9-30-12-42,Armoire murale,Armoires de cuisine > Armoires murales,,2,30,,12,42,9 pi,Non,Blanc Pur,3 po,Shaker 3 po - Blanc Pur,Trousse Design p.4
variable,UC-33-12-42,Armoire murale - 33 x 12 x 42 po,0,0,visible,"Armoire murale Dilamco, dimensions 33 x 12 x 42 po. Finition Shaker disponible selon les variantes.","Module Dilamco armoire murale (U9-33-12-42), dimensions 33 x 12 x 42 po. Cabinet en contreplaqué avec fini intérieur en placage de bouleau. Porte HDF avec moulure en bouleau. Fini extérieur assorti à la porte selon la finition choisie. Prix, disponibilité, panneaux de finition, fillers et installation à confirmer avant publication.",,,taxable,1,,0,0,0,Armoires de cuisine > Armoires murales,"Dilamco, armoires, Shaker, catalogue technique",,,0,Type de module,Armoire murale,1,0,,Largeur,33,1,0,,Largeur B,,0,0,,Profondeur,12,1,0,,Hauteur,42,1,0,,Hauteur de plafond,9 pi,1,0,,Type de coin,Non,1,0,,Style de porte,Shaker,1,0,Shaker,Moulure,1 po | 3 po,1,0,1 po,Couleur,Blanc Pur,1,0,Blanc Pur,U9-33-12-42,Armoire murale,Armoires de cuisine > Armoires murales,,2,33,,12,42,9 pi,Non,,,,Trousse Design p.4
variation,UC-33-12-42-BP1,Armoire murale - 33 x 12 x 42 po - Shaker 1 po - Blanc Pur,0,0,visible,"Armoire murale Dilamco, dimensions 33 x 12 x 42 po. Finition Shaker disponible selon les variantes.","Module Dilamco armoire murale (U9-33-12-42), dimensions 33 x 12 x 42 po. Cabinet en contreplaqué avec fini intérieur en placage de bouleau. Porte HDF avec moulure en bouleau. Fini extérieur assorti à la porte selon la finition choisie. Prix, disponibilité, panneaux de finition, fillers et installation à confirmer avant publication.",,,taxable,1,,0,0,0,Armoires de cuisine > Armoires murales,"Dilamco, armoires, Shaker, catalogue technique",,sku:U9-33-12-42,1,Type de module,Armoire murale,1,0,,Largeur,33,1,0,,Largeur B,,0,0,,Profondeur,12,1,0,,Hauteur,42,1,0,,Hauteur de plafond,9 pi,1,0,,Type de coin,Non,1,0,,Style de porte,Shaker,1,0,,Moulure,1 po,1,0,,Couleur,Blanc Pur,1,0,,U9-33-12-42,Armoire murale,Armoires de cuisine > Armoires murales,,2,33,,12,42,9 pi,Non,Blanc Pur,1 po,Shaker 1 po - Blanc Pur,Trousse Design p.4
variation,UC-33-12-42-BP3,Armoire murale - 33 x 12 x 42 po - Shaker 3 po - Blanc Pur,0,0,visible,"Armoire murale Dilamco, dimensions 33 x 12 x 42 po. Finition Shaker disponible selon les variantes.","Module Dilamco armoire murale (U9-33-12-42), dimensions 33 x 12 x 42 po. Cabinet en contreplaqué avec fini intérieur en placage de bouleau. Porte HDF avec moulure en bouleau. Fini extérieur assorti à la porte selon la finition choisie. Prix, disponibilité, panneaux de finition, fillers et installation à confirmer avant publication.",,,taxable,1,,0,0,0,Armoires de cuisine > Armoires murales,"Dilamco, armoires, Shaker, catalogue technique",,sku:U9-33-12-42,2,Type de module,Armoire murale,1,0,,Largeur,33,1,0,,Largeur B,,0,0,,Profondeur,12,1,0,,Hauteur,42,1,0,,Hauteur de plafond,9 pi,1,0,,Type de coin,Non,1,0,,Style de porte,Shaker,1,0,,Moulure,3 po,1,0,,Couleur,Blanc Pur,1,0,,U9-33-12-42,Armoire murale,Armoires de cuisine > Armoires murales,,2,33,,12,42,9 pi,Non,Blanc Pur,3 po,Shaker 3 po - Blanc Pur,Trousse Design p.4
variable,UC-36-12-42,Armoire murale - 36 x 12 x 42 po,0,0,visible,"Armoire murale Dilamco, dimensions 36 x 12 x 42 po. Finition Shaker disponible selon les variantes.","Module Dilamco armoire murale (U9-36-12-42), dimensions 36 x 12 x 42 po. Cabinet en contreplaqué avec fini intérieur en placage de bouleau. Porte HDF avec moulure en bouleau. Fini extérieur assorti à la porte selon la finition choisie. Prix, disponibilité, panneaux de finition, fillers et installation à confirmer avant publication.",,,taxable,1,,0,0,0,Armoires de cuisine > Armoires murales,"Dilamco, armoires, Shaker, catalogue technique",,,0,Type de module,Armoire murale,1,0,,Largeur,36,1,0,,Largeur B,,0,0,,Profondeur,12,1,0,,Hauteur,42,1,0,,Hauteur de plafond,9 pi,1,0,,Type de coin,Non,1,0,,Style de porte,Shaker,1,0,Shaker,Moulure,1 po | 3 po,1,0,1 po,Couleur,Blanc Pur,1,0,Blanc Pur,U9-36-12-42,Armoire murale,Armoires de cuisine > Armoires murales,,2,36,,12,42,9 pi,Non,,,,Trousse Design p.4
variation,UC-36-12-42-BP1,Armoire murale - 36 x 12 x 42 po - Shaker 1 po - Blanc Pur,0,0,visible,"Armoire murale Dilamco, dimensions 36 x 12 x 42 po. Finition Shaker disponible selon les variantes.","Module Dilamco armoire murale (U9-36-12-42), dimensions 36 x 12 x 42 po. Cabinet en contreplaqué avec fini intérieur en placage de bouleau. Porte HDF avec moulure en bouleau. Fini extérieur assorti à la porte selon la finition choisie. Prix, disponibilité, panneaux de finition, fillers et installation à confirmer avant publication.",,,taxable,1,,0,0,0,Armoires de cuisine > Armoires murales,"Dilamco, armoires, Shaker, catalogue technique",,sku:U9-36-12-42,1,Type de module,Armoire murale,1,0,,Largeur,36,1,0,,Largeur B,,0,0,,Profondeur,12,1,0,,Hauteur,42,1,0,,Hauteur de plafond,9 pi,1,0,,Type de coin,Non,1,0,,Style de porte,Shaker,1,0,,Moulure,1 po,1,0,,Couleur,Blanc Pur,1,0,,U9-36-12-42,Armoire murale,Armoires de cuisine > Armoires murales,,2,36,,12,42,9 pi,Non,Blanc Pur,1 po,Shaker 1 po - Blanc Pur,Trousse Design p.4
variation,UC-36-12-42-BP3,Armoire murale - 36 x 12 x 42 po - Shaker 3 po - Blanc Pur,0,0,visible,"Armoire murale Dilamco, dimensions 36 x 12 x 42 po. Finition Shaker disponible selon les variantes.","Module Dilamco armoire murale (U9-36-12-42), dimensions 36 x 12 x 42 po. Cabinet en contreplaqué avec fini intérieur en placage de bouleau. Porte HDF avec moulure en bouleau. Fini extérieur assorti à la porte selon la finition choisie. Prix, disponibilité, panneaux de finition, fillers et installation à confirmer avant publication.",,,taxable,1,,0,0,0,Armoires de cuisine > Armoires murales,"Dilamco, armoires, Shaker, catalogue technique",,sku:U9-36-12-42,2,Type de module,Armoire murale,1,0,,Largeur,36,1,0,,Largeur B,,0,0,,Profondeur,12,1,0,,Hauteur,42,1,0,,Hauteur de plafond,9 pi,1,0,,Type de coin,Non,1,0,,Style de porte,Shaker,1,0,,Moulure,3 po,1,0,,Couleur,Blanc Pur,1,0,,U9-36-12-42,Armoire murale,Armoires de cuisine > Armoires murales,,2,36,,12,42,9 pi,Non,Blanc Pur,3 po,Shaker 3 po - Blanc Pur,Trousse Design p.4
variable,UC-09-12-45,Armoire murale - 9 x 12 x 45 po,0,0,visible,"Armoire murale Dilamco, dimensions 9 x 12 x 45 po. Finition Shaker disponible selon les variantes.","Module Dilamco armoire murale (U9-09-12-45), dimensions 9 x 12 x 45 po. Cabinet en contreplaqué avec fini intérieur en placage de bouleau. Porte HDF avec moulure en bouleau. Fini extérieur assorti à la porte selon la finition choisie. Prix, disponibilité, panneaux de finition, fillers et installation à confirmer avant publication.",,,taxable,1,,0,0,0,Armoires de cuisine > Armoires murales,"Dilamco, armoires, Shaker, catalogue technique",,,0,Type de module,Armoire murale,1,0,,Largeur,9,1,0,,Largeur B,,0,0,,Profondeur,12,1,0,,Hauteur,45,1,0,,Hauteur de plafond,9 pi,1,0,,Type de coin,Non,1,0,,Style de porte,Shaker,1,0,Shaker,Moulure,1 po | 3 po,1,0,1 po,Couleur,Blanc Pur,1,0,Blanc Pur,U9-09-12-45,Armoire murale,Armoires de cuisine > Armoires murales,,1,9,,12,45,9 pi,Non,,,,Trousse Design p.4
variation,UC-09-12-45-BP1,Armoire murale - 9 x 12 x 45 po - Shaker 1 po - Blanc Pur,0,0,visible,"Armoire murale Dilamco, dimensions 9 x 12 x 45 po. Finition Shaker disponible selon les variantes.","Module Dilamco armoire murale (U9-09-12-45), dimensions 9 x 12 x 45 po. Cabinet en contreplaqué avec fini intérieur en placage de bouleau. Porte HDF avec moulure en bouleau. Fini extérieur assorti à la porte selon la finition choisie. Prix, disponibilité, panneaux de finition, fillers et installation à confirmer avant publication.",,,taxable,1,,0,0,0,Armoires de cuisine > Armoires murales,"Dilamco, armoires, Shaker, catalogue technique",,sku:U9-09-12-45,1,Type de module,Armoire murale,1,0,,Largeur,9,1,0,,Largeur B,,0,0,,Profondeur,12,1,0,,Hauteur,45,1,0,,Hauteur de plafond,9 pi,1,0,,Type de coin,Non,1,0,,Style de porte,Shaker,1,0,,Moulure,1 po,1,0,,Couleur,Blanc Pur,1,0,,U9-09-12-45,Armoire murale,Armoires de cuisine > Armoires murales,,1,9,,12,45,9 pi,Non,Blanc Pur,1 po,Shaker 1 po - Blanc Pur,Trousse Design p.4
variation,UC-09-12-45-BP3,Armoire murale - 9 x 12 x 45 po - Shaker 3 po - Blanc Pur,0,0,visible,"Armoire murale Dilamco, dimensions 9 x 12 x 45 po. Finition Shaker disponible selon les variantes.","Module Dilamco armoire murale (U9-09-12-45), dimensions 9 x 12 x 45 po. Cabinet en contreplaqué avec fini intérieur en placage de bouleau. Porte HDF avec moulure en bouleau. Fini extérieur assorti à la porte selon la finition choisie. Prix, disponibilité, panneaux de finition, fillers et installation à confirmer avant publication.",,,taxable,1,,0,0,0,Armoires de cuisine > Armoires murales,"Dilamco, armoires, Shaker, catalogue technique",,sku:U9-09-12-45,2,Type de module,Armoire murale,1,0,,Largeur,9,1,0,,Largeur B,,0,0,,Profondeur,12,1,0,,Hauteur,45,1,0,,Hauteur de plafond,9 pi,1,0,,Type de coin,Non,1,0,,Style de porte,Shaker,1,0,,Moulure,3 po,1,0,,Couleur,Blanc Pur,1,0,,U9-09-12-45,Armoire murale,Armoires de cuisine > Armoires murales,,1,9,,12,45,9 pi,Non,Blanc Pur,3 po,Shaker 3 po - Blanc Pur,Trousse Design p.4
variable,UC-12-12-45,Armoire murale - 12 x 12 x 45 po,0,0,visible,"Armoire murale Dilamco, dimensions 12 x 12 x 45 po. Finition Shaker disponible selon les variantes.","Module Dilamco armoire murale (U9-12-12-45), dimensions 12 x 12 x 45 po. Cabinet en contreplaqué avec fini intérieur en placage de bouleau. Porte HDF avec moulure en bouleau. Fini extérieur assorti à la porte selon la finition choisie. Prix, disponibilité, panneaux de finition, fillers et installation à confirmer avant publication.",,,taxable,1,,0,0,0,Armoires de cuisine > Armoires murales,"Dilamco, armoires, Shaker, catalogue technique",,,0,Type de module,Armoire murale,1,0,,Largeur,12,1,0,,Largeur B,,0,0,,Profondeur,12,1,0,,Hauteur,45,1,0,,Hauteur de plafond,9 pi,1,0,,Type de coin,Non,1,0,,Style de porte,Shaker,1,0,Shaker,Moulure,1 po | 3 po,1,0,1 po,Couleur,Blanc Pur,1,0,Blanc Pur,U9-12-12-45,Armoire murale,Armoires de cuisine > Armoires murales,,1,12,,12,45,9 pi,Non,,,,Trousse Design p.4
variation,UC-12-12-45-BP1,Armoire murale - 12 x 12 x 45 po - Shaker 1 po - Blanc Pur,0,0,visible,"Armoire murale Dilamco, dimensions 12 x 12 x 45 po. Finition Shaker disponible selon les variantes.","Module Dilamco armoire murale (U9-12-12-45), dimensions 12 x 12 x 45 po. Cabinet en contreplaqué avec fini intérieur en placage de bouleau. Porte HDF avec moulure en bouleau. Fini extérieur assorti à la porte selon la finition choisie. Prix, disponibilité, panneaux de finition, fillers et installation à confirmer avant publication.",,,taxable,1,,0,0,0,Armoires de cuisine > Armoires murales,"Dilamco, armoires, Shaker, catalogue technique",,sku:U9-12-12-45,1,Type de module,Armoire murale,1,0,,Largeur,12,1,0,,Largeur B,,0,0,,Profondeur,12,1,0,,Hauteur,45,1,0,,Hauteur de plafond,9 pi,1,0,,Type de coin,Non,1,0,,Style de porte,Shaker,1,0,,Moulure,1 po,1,0,,Couleur,Blanc Pur,1,0,,U9-12-12-45,Armoire murale,Armoires de cuisine > Armoires murales,,1,12,,12,45,9 pi,Non,Blanc Pur,1 po,Shaker 1 po - Blanc Pur,Trousse Design p.4
variation,UC-12-12-45-BP3,Armoire murale - 12 x 12 x 45 po - Shaker 3 po - Blanc Pur,0,0,visible,"Armoire murale Dilamco, dimensions 12 x 12 x 45 po. Finition Shaker disponible selon les variantes.","Module Dilamco armoire murale (U9-12-12-45), dimensions 12 x 12 x 45 po. Cabinet en contreplaqué avec fini intérieur en placage de bouleau. Porte HDF avec moulure en bouleau. Fini extérieur assorti à la porte selon la finition choisie. Prix, disponibilité, panneaux de finition, fillers et installation à confirmer avant publication.",,,taxable,1,,0,0,0,Armoires de cuisine > Armoires murales,"Dilamco, armoires, Shaker, catalogue technique",,sku:U9-12-12-45,2,Type de module,Armoire murale,1,0,,Largeur,12,1,0,,Largeur B,,0,0,,Profondeur,12,1,0,,Hauteur,45,1,0,,Hauteur de plafond,9 pi,1,0,,Type de coin,Non,1,0,,Style de porte,Shaker,1,0,,Moulure,3 po,1,0,,Couleur,Blanc Pur,1,0,,U9-12-12-45,Armoire murale,Armoires de cuisine > Armoires murales,,1,12,,12,45,9 pi,Non,Blanc Pur,3 po,Shaker 3 po - Blanc Pur,Trousse Design p.4
variable,UC-15-12-45,Armoire murale - 15 x 12 x 45 po,0,0,visible,"Armoire murale Dilamco, dimensions 15 x 12 x 45 po. Finition Shaker disponible selon les variantes.","Module Dilamco armoire murale (U9-15-12-45), dimensions 15 x 12 x 45 po. Cabinet en contreplaqué avec fini intérieur en placage de bouleau. Porte HDF avec moulure en bouleau. Fini extérieur assorti à la porte selon la finition choisie. Prix, disponibilité, panneaux de finition, fillers et installation à confirmer avant publication.",,,taxable,1,,0,0,0,Armoires de cuisine > Armoires murales,"Dilamco, armoires, Shaker, catalogue technique",,,0,Type de module,Armoire murale,1,0,,Largeur,15,1,0,,Largeur B,,0,0,,Profondeur,12,1,0,,Hauteur,45,1,0,,Hauteur de plafond,9 pi,1,0,,Type de coin,Non,1,0,,Style de porte,Shaker,1,0,Shaker,Moulure,1 po | 3 po,1,0,1 po,Couleur,Blanc Pur,1,0,Blanc Pur,U9-15-12-45,Armoire murale,Armoires de cuisine > Armoires murales,,1,15,,12,45,9 pi,Non,,,,Trousse Design p.4
variation,UC-15-12-45-BP1,Armoire murale - 15 x 12 x 45 po - Shaker 1 po - Blanc Pur,0,0,visible,"Armoire murale Dilamco, dimensions 15 x 12 x 45 po. Finition Shaker disponible selon les variantes.","Module Dilamco armoire murale (U9-15-12-45), dimensions 15 x 12 x 45 po. Cabinet en contreplaqué avec fini intérieur en placage de bouleau. Porte HDF avec moulure en bouleau. Fini extérieur assorti à la porte selon la finition choisie. Prix, disponibilité, panneaux de finition, fillers et installation à confirmer avant publication.",,,taxable,1,,0,0,0,Armoires de cuisine > Armoires murales,"Dilamco, armoires, Shaker, catalogue technique",,sku:U9-15-12-45,1,Type de module,Armoire murale,1,0,,Largeur,15,1,0,,Largeur B,,0,0,,Profondeur,12,1,0,,Hauteur,45,1,0,,Hauteur de plafond,9 pi,1,0,,Type de coin,Non,1,0,,Style de porte,Shaker,1,0,,Moulure,1 po,1,0,,Couleur,Blanc Pur,1,0,,U9-15-12-45,Armoire murale,Armoires de cuisine > Armoires murales,,1,15,,12,45,9 pi,Non,Blanc Pur,1 po,Shaker 1 po - Blanc Pur,Trousse Design p.4
variation,UC-15-12-45-BP3,Armoire murale - 15 x 12 x 45 po - Shaker 3 po - Blanc Pur,0,0,visible,"Armoire murale Dilamco, dimensions 15 x 12 x 45 po. Finition Shaker disponible selon les variantes.","Module Dilamco armoire murale (U9-15-12-45), dimensions 15 x 12 x 45 po. Cabinet en contreplaqué avec fini intérieur en placage de bouleau. Porte HDF avec moulure en bouleau. Fini extérieur assorti à la porte selon la finition choisie. Prix, disponibilité, panneaux de finition, fillers et installation à confirmer avant publication.",,,taxable,1,,0,0,0,Armoires de cuisine > Armoires murales,"Dilamco, armoires, Shaker, catalogue technique",,sku:U9-15-12-45,2,Type de module,Armoire murale,1,0,,Largeur,15,1,0,,Largeur B,,0,0,,Profondeur,12,1,0,,Hauteur,45,1,0,,Hauteur de plafond,9 pi,1,0,,Type de coin,Non,1,0,,Style de porte,Shaker,1,0,,Moulure,3 po,1,0,,Couleur,Blanc Pur,1,0,,U9-15-12-45,Armoire murale,Armoires de cuisine > Armoires murales,,1,15,,12,45,9 pi,Non,Blanc Pur,3 po,Shaker 3 po - Blanc Pur,Trousse Design p.4
variable,UC-18-12-45,Armoire murale - 18 x 12 x 45 po,0,0,visible,"Armoire murale Dilamco, dimensions 18 x 12 x 45 po. Finition Shaker disponible selon les variantes.","Module Dilamco armoire murale (U9-18-12-45), dimensions 18 x 12 x 45 po. Cabinet en contreplaqué avec fini intérieur en placage de bouleau. Porte HDF avec moulure en bouleau. Fini extérieur assorti à la porte selon la finition choisie. Prix, disponibilité, panneaux de finition, fillers et installation à confirmer avant publication.",,,taxable,1,,0,0,0,Armoires de cuisine > Armoires murales,"Dilamco, armoires, Shaker, catalogue technique",,,0,Type de module,Armoire murale,1,0,,Largeur,18,1,0,,Largeur B,,0,0,,Profondeur,12,1,0,,Hauteur,45,1,0,,Hauteur de plafond,9 pi,1,0,,Type de coin,Non,1,0,,Style de porte,Shaker,1,0,Shaker,Moulure,1 po | 3 po,1,0,1 po,Couleur,Blanc Pur,1,0,Blanc Pur,U9-18-12-45,Armoire murale,Armoires de cuisine > Armoires murales,,1,18,,12,45,9 pi,Non,,,,Trousse Design p.4
variation,UC-18-12-45-BP1,Armoire murale - 18 x 12 x 45 po - Shaker 1 po - Blanc Pur,0,0,visible,"Armoire murale Dilamco, dimensions 18 x 12 x 45 po. Finition Shaker disponible selon les variantes.","Module Dilamco armoire murale (U9-18-12-45), dimensions 18 x 12 x 45 po. Cabinet en contreplaqué avec fini intérieur en placage de bouleau. Porte HDF avec moulure en bouleau. Fini extérieur assorti à la porte selon la finition choisie. Prix, disponibilité, panneaux de finition, fillers et installation à confirmer avant publication.",,,taxable,1,,0,0,0,Armoires de cuisine > Armoires murales,"Dilamco, armoires, Shaker, catalogue technique",,sku:U9-18-12-45,1,Type de module,Armoire murale,1,0,,Largeur,18,1,0,,Largeur B,,0,0,,Profondeur,12,1,0,,Hauteur,45,1,0,,Hauteur de plafond,9 pi,1,0,,Type de coin,Non,1,0,,Style de porte,Shaker,1,0,,Moulure,1 po,1,0,,Couleur,Blanc Pur,1,0,,U9-18-12-45,Armoire murale,Armoires de cuisine > Armoires murales,,1,18,,12,45,9 pi,Non,Blanc Pur,1 po,Shaker 1 po - Blanc Pur,Trousse Design p.4
variation,UC-18-12-45-BP3,Armoire murale - 18 x 12 x 45 po - Shaker 3 po - Blanc Pur,0,0,visible,"Armoire murale Dilamco, dimensions 18 x 12 x 45 po. Finition Shaker disponible selon les variantes.","Module Dilamco armoire murale (U9-18-12-45), dimensions 18 x 12 x 45 po. Cabinet en contreplaqué avec fini intérieur en placage de bouleau. Porte HDF avec moulure en bouleau. Fini extérieur assorti à la porte selon la finition choisie. Prix, disponibilité, panneaux de finition, fillers et installation à confirmer avant publication.",,,taxable,1,,0,0,0,Armoires de cuisine > Armoires murales,"Dilamco, armoires, Shaker, catalogue technique",,sku:U9-18-12-45,2,Type de module,Armoire murale,1,0,,Largeur,18,1,0,,Largeur B,,0,0,,Profondeur,12,1,0,,Hauteur,45,1,0,,Hauteur de plafond,9 pi,1,0,,Type de coin,Non,1,0,,Style de porte,Shaker,1,0,,Moulure,3 po,1,0,,Couleur,Blanc Pur,1,0,,U9-18-12-45,Armoire murale,Armoires de cuisine > Armoires murales,,1,18,,12,45,9 pi,Non,Blanc Pur,3 po,Shaker 3 po - Blanc Pur,Trousse Design p.4
variable,UC-21-12-45,Armoire murale - 21 x 12 x 45 po,0,0,visible,"Armoire murale Dilamco, dimensions 21 x 12 x 45 po. Finition Shaker disponible selon les variantes.","Module Dilamco armoire murale (U9-21-12-45), dimensions 21 x 12 x 45 po. Cabinet en contreplaqué avec fini intérieur en placage de bouleau. Porte HDF avec moulure en bouleau. Fini extérieur assorti à la porte selon la finition choisie. Prix, disponibilité, panneaux de finition, fillers et installation à confirmer avant publication.",,,taxable,1,,0,0,0,Armoires de cuisine > Armoires murales,"Dilamco, armoires, Shaker, catalogue technique",,,0,Type de module,Armoire murale,1,0,,Largeur,21,1,0,,Largeur B,,0,0,,Profondeur,12,1,0,,Hauteur,45,1,0,,Hauteur de plafond,9 pi,1,0,,Type de coin,Non,1,0,,Style de porte,Shaker,1,0,Shaker,Moulure,1 po | 3 po,1,0,1 po,Couleur,Blanc Pur,1,0,Blanc Pur,U9-21-12-45,Armoire murale,Armoires de cuisine > Armoires murales,,1,21,,12,45,9 pi,Non,,,,Trousse Design p.4
variation,UC-21-12-45-BP1,Armoire murale - 21 x 12 x 45 po - Shaker 1 po - Blanc Pur,0,0,visible,"Armoire murale Dilamco, dimensions 21 x 12 x 45 po. Finition Shaker disponible selon les variantes.","Module Dilamco armoire murale (U9-21-12-45), dimensions 21 x 12 x 45 po. Cabinet en contreplaqué avec fini intérieur en placage de bouleau. Porte HDF avec moulure en bouleau. Fini extérieur assorti à la porte selon la finition choisie. Prix, disponibilité, panneaux de finition, fillers et installation à confirmer avant publication.",,,taxable,1,,0,0,0,Armoires de cuisine > Armoires murales,"Dilamco, armoires, Shaker, catalogue technique",,sku:U9-21-12-45,1,Type de module,Armoire murale,1,0,,Largeur,21,1,0,,Largeur B,,0,0,,Profondeur,12,1,0,,Hauteur,45,1,0,,Hauteur de plafond,9 pi,1,0,,Type de coin,Non,1,0,,Style de porte,Shaker,1,0,,Moulure,1 po,1,0,,Couleur,Blanc Pur,1,0,,U9-21-12-45,Armoire murale,Armoires de cuisine > Armoires murales,,1,21,,12,45,9 pi,Non,Blanc Pur,1 po,Shaker 1 po - Blanc Pur,Trousse Design p.4
variation,UC-21-12-45-BP3,Armoire murale - 21 x 12 x 45 po - Shaker 3 po - Blanc Pur,0,0,visible,"Armoire murale Dilamco, dimensions 21 x 12 x 45 po. Finition Shaker disponible selon les variantes.","Module Dilamco armoire murale (U9-21-12-45), dimensions 21 x 12 x 45 po. Cabinet en contreplaqué avec fini intérieur en placage de bouleau. Porte HDF avec moulure en bouleau. Fini extérieur assorti à la porte selon la finition choisie. Prix, disponibilité, panneaux de finition, fillers et installation à confirmer avant publication.",,,taxable,1,,0,0,0,Armoires de cuisine > Armoires murales,"Dilamco, armoires, Shaker, catalogue technique",,sku:U9-21-12-45,2,Type de module,Armoire murale,1,0,,Largeur,21,1,0,,Largeur B,,0,0,,Profondeur,12,1,0,,Hauteur,45,1,0,,Hauteur de plafond,9 pi,1,0,,Type de coin,Non,1,0,,Style de porte,Shaker,1,0,,Moulure,3 po,1,0,,Couleur,Blanc Pur,1,0,,U9-21-12-45,Armoire murale,Armoires de cuisine > Armoires murales,,1,21,,12,45,9 pi,Non,Blanc Pur,3 po,Shaker 3 po - Blanc Pur,Trousse Design p.4
variable,UC-24-12-45,Armoire murale - 24 x 12 x 45 po,0,0,visible,"Armoire murale Dilamco, dimensions 24 x 12 x 45 po. Finition Shaker disponible selon les variantes.","Module Dilamco armoire murale (U9-24-12-45), dimensions 24 x 12 x 45 po. Cabinet en contreplaqué avec fini intérieur en placage de bouleau. Porte HDF avec moulure en bouleau. Fini extérieur assorti à la porte selon la finition choisie. Prix, disponibilité, panneaux de finition, fillers et installation à confirmer avant publication.",,,taxable,1,,0,0,0,Armoires de cuisine > Armoires murales,"Dilamco, armoires, Shaker, catalogue technique",,,0,Type de module,Armoire murale,1,0,,Largeur,24,1,0,,Largeur B,,0,0,,Profondeur,12,1,0,,Hauteur,45,1,0,,Hauteur de plafond,9 pi,1,0,,Type de coin,Non,1,0,,Style de porte,Shaker,1,0,Shaker,Moulure,1 po | 3 po,1,0,1 po,Couleur,Blanc Pur,1,0,Blanc Pur,U9-24-12-45,Armoire murale,Armoires de cuisine > Armoires murales,,2,24,,12,45,9 pi,Non,,,,Trousse Design p.4
variation,UC-24-12-45-BP1,Armoire murale - 24 x 12 x 45 po - Shaker 1 po - Blanc Pur,0,0,visible,"Armoire murale Dilamco, dimensions 24 x 12 x 45 po. Finition Shaker disponible selon les variantes.","Module Dilamco armoire murale (U9-24-12-45), dimensions 24 x 12 x 45 po. Cabinet en contreplaqué avec fini intérieur en placage de bouleau. Porte HDF avec moulure en bouleau. Fini extérieur assorti à la porte selon la finition choisie. Prix, disponibilité, panneaux de finition, fillers et installation à confirmer avant publication.",,,taxable,1,,0,0,0,Armoires de cuisine > Armoires murales,"Dilamco, armoires, Shaker, catalogue technique",,sku:U9-24-12-45,1,Type de module,Armoire murale,1,0,,Largeur,24,1,0,,Largeur B,,0,0,,Profondeur,12,1,0,,Hauteur,45,1,0,,Hauteur de plafond,9 pi,1,0,,Type de coin,Non,1,0,,Style de porte,Shaker,1,0,,Moulure,1 po,1,0,,Couleur,Blanc Pur,1,0,,U9-24-12-45,Armoire murale,Armoires de cuisine > Armoires murales,,2,24,,12,45,9 pi,Non,Blanc Pur,1 po,Shaker 1 po - Blanc Pur,Trousse Design p.4
variation,UC-24-12-45-BP3,Armoire murale - 24 x 12 x 45 po - Shaker 3 po - Blanc Pur,0,0,visible,"Armoire murale Dilamco, dimensions 24 x 12 x 45 po. Finition Shaker disponible selon les variantes.","Module Dilamco armoire murale (U9-24-12-45), dimensions 24 x 12 x 45 po. Cabinet en contreplaqué avec fini intérieur en placage de bouleau. Porte HDF avec moulure en bouleau. Fini extérieur assorti à la porte selon la finition choisie. Prix, disponibilité, panneaux de finition, fillers et installation à confirmer avant publication.",,,taxable,1,,0,0,0,Armoires de cuisine > Armoires murales,"Dilamco, armoires, Shaker, catalogue technique",,sku:U9-24-12-45,2,Type de module,Armoire murale,1,0,,Largeur,24,1,0,,Largeur B,,0,0,,Profondeur,12,1,0,,Hauteur,45,1,0,,Hauteur de plafond,9 pi,1,0,,Type de coin,Non,1,0,,Style de porte,Shaker,1,0,,Moulure,3 po,1,0,,Couleur,Blanc Pur,1,0,,U9-24-12-45,Armoire murale,Armoires de cuisine > Armoires murales,,2,24,,12,45,9 pi,Non,Blanc Pur,3 po,Shaker 3 po - Blanc Pur,Trousse Design p.4
variable,UC-27-12-45,Armoire murale - 27 x 12 x 45 po,0,0,visible,"Armoire murale Dilamco, dimensions 27 x 12 x 45 po. Finition Shaker disponible selon les variantes.","Module Dilamco armoire murale (U9-27-12-45), dimensions 27 x 12 x 45 po. Cabinet en contreplaqué avec fini intérieur en placage de bouleau. Porte HDF avec moulure en bouleau. Fini extérieur assorti à la porte selon la finition choisie. Prix, disponibilité, panneaux de finition, fillers et installation à confirmer avant publication.",,,taxable,1,,0,0,0,Armoires de cuisine > Armoires murales,"Dilamco, armoires, Shaker, catalogue technique",,,0,Type de module,Armoire murale,1,0,,Largeur,27,1,0,,Largeur B,,0,0,,Profondeur,12,1,0,,Hauteur,45,1,0,,Hauteur de plafond,9 pi,1,0,,Type de coin,Non,1,0,,Style de porte,Shaker,1,0,Shaker,Moulure,1 po | 3 po,1,0,1 po,Couleur,Blanc Pur,1,0,Blanc Pur,U9-27-12-45,Armoire murale,Armoires de cuisine > Armoires murales,,2,27,,12,45,9 pi,Non,,,,Trousse Design p.4
variation,UC-27-12-45-BP1,Armoire murale - 27 x 12 x 45 po - Shaker 1 po - Blanc Pur,0,0,visible,"Armoire murale Dilamco, dimensions 27 x 12 x 45 po. Finition Shaker disponible selon les variantes.","Module Dilamco armoire murale (U9-27-12-45), dimensions 27 x 12 x 45 po. Cabinet en contreplaqué avec fini intérieur en placage de bouleau. Porte HDF avec moulure en bouleau. Fini extérieur assorti à la porte selon la finition choisie. Prix, disponibilité, panneaux de finition, fillers et installation à confirmer avant publication.",,,taxable,1,,0,0,0,Armoires de cuisine > Armoires murales,"Dilamco, armoires, Shaker, catalogue technique",,sku:U9-27-12-45,1,Type de module,Armoire murale,1,0,,Largeur,27,1,0,,Largeur B,,0,0,,Profondeur,12,1,0,,Hauteur,45,1,0,,Hauteur de plafond,9 pi,1,0,,Type de coin,Non,1,0,,Style de porte,Shaker,1,0,,Moulure,1 po,1,0,,Couleur,Blanc Pur,1,0,,U9-27-12-45,Armoire murale,Armoires de cuisine > Armoires murales,,2,27,,12,45,9 pi,Non,Blanc Pur,1 po,Shaker 1 po - Blanc Pur,Trousse Design p.4
variation,UC-27-12-45-BP3,Armoire murale - 27 x 12 x 45 po - Shaker 3 po - Blanc Pur,0,0,visible,"Armoire murale Dilamco, dimensions 27 x 12 x 45 po. Finition Shaker disponible selon les variantes.","Module Dilamco armoire murale (U9-27-12-45), dimensions 27 x 12 x 45 po. Cabinet en contreplaqué avec fini intérieur en placage de bouleau. Porte HDF avec moulure en bouleau. Fini extérieur assorti à la porte selon la finition choisie. Prix, disponibilité, panneaux de finition, fillers et installation à confirmer avant publication.",,,taxable,1,,0,0,0,Armoires de cuisine > Armoires murales,"Dilamco, armoires, Shaker, catalogue technique",,sku:U9-27-12-45,2,Type de module,Armoire murale,1,0,,Largeur,27,1,0,,Largeur B,,0,0,,Profondeur,12,1,0,,Hauteur,45,1,0,,Hauteur de plafond,9 pi,1,0,,Type de coin,Non,1,0,,Style de porte,Shaker,1,0,,Moulure,3 po,1,0,,Couleur,Blanc Pur,1,0,,U9-27-12-45,Armoire murale,Armoires de cuisine > Armoires murales,,2,27,,12,45,9 pi,Non,Blanc Pur,3 po,Shaker 3 po - Blanc Pur,Trousse Design p.4
variable,UC-30-12-45,Armoire murale - 30 x 12 x 45 po,0,0,visible,"Armoire murale Dilamco, dimensions 30 x 12 x 45 po. Finition Shaker disponible selon les variantes.","Module Dilamco armoire murale (U9-30-12-45), dimensions 30 x 12 x 45 po. Cabinet en contreplaqué avec fini intérieur en placage de bouleau. Porte HDF avec moulure en bouleau. Fini extérieur assorti à la porte selon la finition choisie. Prix, disponibilité, panneaux de finition, fillers et installation à confirmer avant publication.",,,taxable,1,,0,0,0,Armoires de cuisine > Armoires murales,"Dilamco, armoires, Shaker, catalogue technique",,,0,Type de module,Armoire murale,1,0,,Largeur,30,1,0,,Largeur B,,0,0,,Profondeur,12,1,0,,Hauteur,45,1,0,,Hauteur de plafond,9 pi,1,0,,Type de coin,Non,1,0,,Style de porte,Shaker,1,0,Shaker,Moulure,1 po | 3 po,1,0,1 po,Couleur,Blanc Pur,1,0,Blanc Pur,U9-30-12-45,Armoire murale,Armoires de cuisine > Armoires murales,,2,30,,12,45,9 pi,Non,,,,Trousse Design p.4
variation,UC-30-12-45-BP1,Armoire murale - 30 x 12 x 45 po - Shaker 1 po - Blanc Pur,0,0,visible,"Armoire murale Dilamco, dimensions 30 x 12 x 45 po. Finition Shaker disponible selon les variantes.","Module Dilamco armoire murale (U9-30-12-45), dimensions 30 x 12 x 45 po. Cabinet en contreplaqué avec fini intérieur en placage de bouleau. Porte HDF avec moulure en bouleau. Fini extérieur assorti à la porte selon la finition choisie. Prix, disponibilité, panneaux de finition, fillers et installation à confirmer avant publication.",,,taxable,1,,0,0,0,Armoires de cuisine > Armoires murales,"Dilamco, armoires, Shaker, catalogue technique",,sku:U9-30-12-45,1,Type de module,Armoire murale,1,0,,Largeur,30,1,0,,Largeur B,,0,0,,Profondeur,12,1,0,,Hauteur,45,1,0,,Hauteur de plafond,9 pi,1,0,,Type de coin,Non,1,0,,Style de porte,Shaker,1,0,,Moulure,1 po,1,0,,Couleur,Blanc Pur,1,0,,U9-30-12-45,Armoire murale,Armoires de cuisine > Armoires murales,,2,30,,12,45,9 pi,Non,Blanc Pur,1 po,Shaker 1 po - Blanc Pur,Trousse Design p.4
variation,UC-30-12-45-BP3,Armoire murale - 30 x 12 x 45 po - Shaker 3 po - Blanc Pur,0,0,visible,"Armoire murale Dilamco, dimensions 30 x 12 x 45 po. Finition Shaker disponible selon les variantes.","Module Dilamco armoire murale (U9-30-12-45), dimensions 30 x 12 x 45 po. Cabinet en contreplaqué avec fini intérieur en placage de bouleau. Porte HDF avec moulure en bouleau. Fini extérieur assorti à la porte selon la finition choisie. Prix, disponibilité, panneaux de finition, fillers et installation à confirmer avant publication.",,,taxable,1,,0,0,0,Armoires de cuisine > Armoires murales,"Dilamco, armoires, Shaker, catalogue technique",,sku:U9-30-12-45,2,Type de module,Armoire murale,1,0,,Largeur,30,1,0,,Largeur B,,0,0,,Profondeur,12,1,0,,Hauteur,45,1,0,,Hauteur de plafond,9 pi,1,0,,Type de coin,Non,1,0,,Style de porte,Shaker,1,0,,Moulure,3 po,1,0,,Couleur,Blanc Pur,1,0,,U9-30-12-45,Armoire murale,Armoires de cuisine > Armoires murales,,2,30,,12,45,9 pi,Non,Blanc Pur,3 po,Shaker 3 po - Blanc Pur,Trousse Design p.4
variable,UC-33-12-45,Armoire murale - 33 x 12 x 45 po,0,0,visible,"Armoire murale Dilamco, dimensions 33 x 12 x 45 po. Finition Shaker disponible selon les variantes.","Module Dilamco armoire murale (U9-33-12-45), dimensions 33 x 12 x 45 po. Cabinet en contreplaqué avec fini intérieur en placage de bouleau. Porte HDF avec moulure en bouleau. Fini extérieur assorti à la porte selon la finition choisie. Prix, disponibilité, panneaux de finition, fillers et installation à confirmer avant publication.",,,taxable,1,,0,0,0,Armoires de cuisine > Armoires murales,"Dilamco, armoires, Shaker, catalogue technique",,,0,Type de module,Armoire murale,1,0,,Largeur,33,1,0,,Largeur B,,0,0,,Profondeur,12,1,0,,Hauteur,45,1,0,,Hauteur de plafond,9 pi,1,0,,Type de coin,Non,1,0,,Style de porte,Shaker,1,0,Shaker,Moulure,1 po | 3 po,1,0,1 po,Couleur,Blanc Pur,1,0,Blanc Pur,U9-33-12-45,Armoire murale,Armoires de cuisine > Armoires murales,,2,33,,12,45,9 pi,Non,,,,Trousse Design p.4
variation,UC-33-12-45-BP1,Armoire murale - 33 x 12 x 45 po - Shaker 1 po - Blanc Pur,0,0,visible,"Armoire murale Dilamco, dimensions 33 x 12 x 45 po. Finition Shaker disponible selon les variantes.","Module Dilamco armoire murale (U9-33-12-45), dimensions 33 x 12 x 45 po. Cabinet en contreplaqué avec fini intérieur en placage de bouleau. Porte HDF avec moulure en bouleau. Fini extérieur assorti à la porte selon la finition choisie. Prix, disponibilité, panneaux de finition, fillers et installation à confirmer avant publication.",,,taxable,1,,0,0,0,Armoires de cuisine > Armoires murales,"Dilamco, armoires, Shaker, catalogue technique",,sku:U9-33-12-45,1,Type de module,Armoire murale,1,0,,Largeur,33,1,0,,Largeur B,,0,0,,Profondeur,12,1,0,,Hauteur,45,1,0,,Hauteur de plafond,9 pi,1,0,,Type de coin,Non,1,0,,Style de porte,Shaker,1,0,,Moulure,1 po,1,0,,Couleur,Blanc Pur,1,0,,U9-33-12-45,Armoire murale,Armoires de cuisine > Armoires murales,,2,33,,12,45,9 pi,Non,Blanc Pur,1 po,Shaker 1 po - Blanc Pur,Trousse Design p.4
variation,UC-33-12-45-BP3,Armoire murale - 33 x 12 x 45 po - Shaker 3 po - Blanc Pur,0,0,visible,"Armoire murale Dilamco, dimensions 33 x 12 x 45 po. Finition Shaker disponible selon les variantes.","Module Dilamco armoire murale (U9-33-12-45), dimensions 33 x 12 x 45 po. Cabinet en contreplaqué avec fini intérieur en placage de bouleau. Porte HDF avec moulure en bouleau. Fini extérieur assorti à la porte selon la finition choisie. Prix, disponibilité, panneaux de finition, fillers et installation à confirmer avant publication.",,,taxable,1,,0,0,0,Armoires de cuisine > Armoires murales,"Dilamco, armoires, Shaker, catalogue technique",,sku:U9-33-12-45,2,Type de module,Armoire murale,1,0,,Largeur,33,1,0,,Largeur B,,0,0,,Profondeur,12,1,0,,Hauteur,45,1,0,,Hauteur de plafond,9 pi,1,0,,Type de coin,Non,1,0,,Style de porte,Shaker,1,0,,Moulure,3 po,1,0,,Couleur,Blanc Pur,1,0,,U9-33-12-45,Armoire murale,Armoires de cuisine > Armoires murales,,2,33,,12,45,9 pi,Non,Blanc Pur,3 po,Shaker 3 po - Blanc Pur,Trousse Design p.4
variable,UC-36-12-45,Armoire murale - 36 x 12 x 45 po,0,0,visible,"Armoire murale Dilamco, dimensions 36 x 12 x 45 po. Finition Shaker disponible selon les variantes.","Module Dilamco armoire murale (U9-36-12-45), dimensions 36 x 12 x 45 po. Cabinet en contreplaqué avec fini intérieur en placage de bouleau. Porte HDF avec moulure en bouleau. Fini extérieur assorti à la porte selon la finition choisie. Prix, disponibilité, panneaux de finition, fillers et installation à confirmer avant publication.",,,taxable,1,,0,0,0,Armoires de cuisine > Armoires murales,"Dilamco, armoires, Shaker, catalogue technique",,,0,Type de module,Armoire murale,1,0,,Largeur,36,1,0,,Largeur B,,0,0,,Profondeur,12,1,0,,Hauteur,45,1,0,,Hauteur de plafond,9 pi,1,0,,Type de coin,Non,1,0,,Style de porte,Shaker,1,0,Shaker,Moulure,1 po | 3 po,1,0,1 po,Couleur,Blanc Pur,1,0,Blanc Pur,U9-36-12-45,Armoire murale,Armoires de cuisine > Armoires murales,,2,36,,12,45,9 pi,Non,,,,Trousse Design p.4
variation,UC-36-12-45-BP1,Armoire murale - 36 x 12 x 45 po - Shaker 1 po - Blanc Pur,0,0,visible,"Armoire murale Dilamco, dimensions 36 x 12 x 45 po. Finition Shaker disponible selon les variantes.","Module Dilamco armoire murale (U9-36-12-45), dimensions 36 x 12 x 45 po. Cabinet en contreplaqué avec fini intérieur en placage de bouleau. Porte HDF avec moulure en bouleau. Fini extérieur assorti à la porte selon la finition choisie. Prix, disponibilité, panneaux de finition, fillers et installation à confirmer avant publication.",,,taxable,1,,0,0,0,Armoires de cuisine > Armoires murales,"Dilamco, armoires, Shaker, catalogue technique",,sku:U9-36-12-45,1,Type de module,Armoire murale,1,0,,Largeur,36,1,0,,Largeur B,,0,0,,Profondeur,12,1,0,,Hauteur,45,1,0,,Hauteur de plafond,9 pi,1,0,,Type de coin,Non,1,0,,Style de porte,Shaker,1,0,,Moulure,1 po,1,0,,Couleur,Blanc Pur,1,0,,U9-36-12-45,Armoire murale,Armoires de cuisine > Armoires murales,,2,36,,12,45,9 pi,Non,Blanc Pur,1 po,Shaker 1 po - Blanc Pur,Trousse Design p.4
variation,UC-36-12-45-BP3,Armoire murale - 36 x 12 x 45 po - Shaker 3 po - Blanc Pur,0,0,visible,"Armoire murale Dilamco, dimensions 36 x 12 x 45 po. Finition Shaker disponible selon les variantes.","Module Dilamco armoire murale (U9-36-12-45), dimensions 36 x 12 x 45 po. Cabinet en contreplaqué avec fini intérieur en placage de bouleau. Porte HDF avec moulure en bouleau. Fini extérieur assorti à la porte selon la finition choisie. Prix, disponibilité, panneaux de finition, fillers et installation à confirmer avant publication.",,,taxable,1,,0,0,0,Armoires de cuisine > Armoires murales,"Dilamco, armoires, Shaker, catalogue technique",,sku:U9-36-12-45,2,Type de module,Armoire murale,1,0,,Largeur,36,1,0,,Largeur B,,0,0,,Profondeur,12,1,0,,Hauteur,45,1,0,,Hauteur de plafond,9 pi,1,0,,Type de coin,Non,1,0,,Style de porte,Shaker,1,0,,Moulure,3 po,1,0,,Couleur,Blanc Pur,1,0,,U9-36-12-45,Armoire murale,Armoires de cuisine > Armoires murales,,2,36,,12,45,9 pi,Non,Blanc Pur,3 po,Shaker 3 po - Blanc Pur,Trousse Design p.4
variable,UC-09-12-48,Armoire murale - 9 x 12 x 48 po,0,0,visible,"Armoire murale Dilamco, dimensions 9 x 12 x 48 po. Finition Shaker disponible selon les variantes.","Module Dilamco armoire murale (U9-09-12-48), dimensions 9 x 12 x 48 po. Cabinet en contreplaqué avec fini intérieur en placage de bouleau. Porte HDF avec moulure en bouleau. Fini extérieur assorti à la porte selon la finition choisie. Prix, disponibilité, panneaux de finition, fillers et installation à confirmer avant publication.",,,taxable,1,,0,0,0,Armoires de cuisine > Armoires murales,"Dilamco, armoires, Shaker, catalogue technique",,,0,Type de module,Armoire murale,1,0,,Largeur,9,1,0,,Largeur B,,0,0,,Profondeur,12,1,0,,Hauteur,48,1,0,,Hauteur de plafond,9 pi,1,0,,Type de coin,Non,1,0,,Style de porte,Shaker,1,0,Shaker,Moulure,1 po | 3 po,1,0,1 po,Couleur,Blanc Pur,1,0,Blanc Pur,U9-09-12-48,Armoire murale,Armoires de cuisine > Armoires murales,,1,9,,12,48,9 pi,Non,,,,Trousse Design p.4
variation,UC-09-12-48-BP1,Armoire murale - 9 x 12 x 48 po - Shaker 1 po - Blanc Pur,0,0,visible,"Armoire murale Dilamco, dimensions 9 x 12 x 48 po. Finition Shaker disponible selon les variantes.","Module Dilamco armoire murale (U9-09-12-48), dimensions 9 x 12 x 48 po. Cabinet en contreplaqué avec fini intérieur en placage de bouleau. Porte HDF avec moulure en bouleau. Fini extérieur assorti à la porte selon la finition choisie. Prix, disponibilité, panneaux de finition, fillers et installation à confirmer avant publication.",,,taxable,1,,0,0,0,Armoires de cuisine > Armoires murales,"Dilamco, armoires, Shaker, catalogue technique",,sku:U9-09-12-48,1,Type de module,Armoire murale,1,0,,Largeur,9,1,0,,Largeur B,,0,0,,Profondeur,12,1,0,,Hauteur,48,1,0,,Hauteur de plafond,9 pi,1,0,,Type de coin,Non,1,0,,Style de porte,Shaker,1,0,,Moulure,1 po,1,0,,Couleur,Blanc Pur,1,0,,U9-09-12-48,Armoire murale,Armoires de cuisine > Armoires murales,,1,9,,12,48,9 pi,Non,Blanc Pur,1 po,Shaker 1 po - Blanc Pur,Trousse Design p.4
variation,UC-09-12-48-BP3,Armoire murale - 9 x 12 x 48 po - Shaker 3 po - Blanc Pur,0,0,visible,"Armoire murale Dilamco, dimensions 9 x 12 x 48 po. Finition Shaker disponible selon les variantes.","Module Dilamco armoire murale (U9-09-12-48), dimensions 9 x 12 x 48 po. Cabinet en contreplaqué avec fini intérieur en placage de bouleau. Porte HDF avec moulure en bouleau. Fini extérieur assorti à la porte selon la finition choisie. Prix, disponibilité, panneaux de finition, fillers et installation à confirmer avant publication.",,,taxable,1,,0,0,0,Armoires de cuisine > Armoires murales,"Dilamco, armoires, Shaker, catalogue technique",,sku:U9-09-12-48,2,Type de module,Armoire murale,1,0,,Largeur,9,1,0,,Largeur B,,0,0,,Profondeur,12,1,0,,Hauteur,48,1,0,,Hauteur de plafond,9 pi,1,0,,Type de coin,Non,1,0,,Style de porte,Shaker,1,0,,Moulure,3 po,1,0,,Couleur,Blanc Pur,1,0,,U9-09-12-48,Armoire murale,Armoires de cuisine > Armoires murales,,1,9,,12,48,9 pi,Non,Blanc Pur,3 po,Shaker 3 po - Blanc Pur,Trousse Design p.4
variable,UC-12-12-48,Armoire murale - 12 x 12 x 48 po,0,0,visible,"Armoire murale Dilamco, dimensions 12 x 12 x 48 po. Finition Shaker disponible selon les variantes.","Module Dilamco armoire murale (U9-12-12-48), dimensions 12 x 12 x 48 po. Cabinet en contreplaqué avec fini intérieur en placage de bouleau. Porte HDF avec moulure en bouleau. Fini extérieur assorti à la porte selon la finition choisie. Prix, disponibilité, panneaux de finition, fillers et installation à confirmer avant publication.",,,taxable,1,,0,0,0,Armoires de cuisine > Armoires murales,"Dilamco, armoires, Shaker, catalogue technique",,,0,Type de module,Armoire murale,1,0,,Largeur,12,1,0,,Largeur B,,0,0,,Profondeur,12,1,0,,Hauteur,48,1,0,,Hauteur de plafond,9 pi,1,0,,Type de coin,Non,1,0,,Style de porte,Shaker,1,0,Shaker,Moulure,1 po | 3 po,1,0,1 po,Couleur,Blanc Pur,1,0,Blanc Pur,U9-12-12-48,Armoire murale,Armoires de cuisine > Armoires murales,,1,12,,12,48,9 pi,Non,,,,Trousse Design p.4
variation,UC-12-12-48-BP1,Armoire murale - 12 x 12 x 48 po - Shaker 1 po - Blanc Pur,0,0,visible,"Armoire murale Dilamco, dimensions 12 x 12 x 48 po. Finition Shaker disponible selon les variantes.","Module Dilamco armoire murale (U9-12-12-48), dimensions 12 x 12 x 48 po. Cabinet en contreplaqué avec fini intérieur en placage de bouleau. Porte HDF avec moulure en bouleau. Fini extérieur assorti à la porte selon la finition choisie. Prix, disponibilité, panneaux de finition, fillers et installation à confirmer avant publication.",,,taxable,1,,0,0,0,Armoires de cuisine > Armoires murales,"Dilamco, armoires, Shaker, catalogue technique",,sku:U9-12-12-48,1,Type de module,Armoire murale,1,0,,Largeur,12,1,0,,Largeur B,,0,0,,Profondeur,12,1,0,,Hauteur,48,1,0,,Hauteur de plafond,9 pi,1,0,,Type de coin,Non,1,0,,Style de porte,Shaker,1,0,,Moulure,1 po,1,0,,Couleur,Blanc Pur,1,0,,U9-12-12-48,Armoire murale,Armoires de cuisine > Armoires murales,,1,12,,12,48,9 pi,Non,Blanc Pur,1 po,Shaker 1 po - Blanc Pur,Trousse Design p.4
variation,UC-12-12-48-BP3,Armoire murale - 12 x 12 x 48 po - Shaker 3 po - Blanc Pur,0,0,visible,"Armoire murale Dilamco, dimensions 12 x 12 x 48 po. Finition Shaker disponible selon les variantes.","Module Dilamco armoire murale (U9-12-12-48), dimensions 12 x 12 x 48 po. Cabinet en contreplaqué avec fini intérieur en placage de bouleau. Porte HDF avec moulure en bouleau. Fini extérieur assorti à la porte selon la finition choisie. Prix, disponibilité, panneaux de finition, fillers et installation à confirmer avant publication.",,,taxable,1,,0,0,0,Armoires de cuisine > Armoires murales,"Dilamco, armoires, Shaker, catalogue technique",,sku:U9-12-12-48,2,Type de module,Armoire murale,1,0,,Largeur,12,1,0,,Largeur B,,0,0,,Profondeur,12,1,0,,Hauteur,48,1,0,,Hauteur de plafond,9 pi,1,0,,Type de coin,Non,1,0,,Style de porte,Shaker,1,0,,Moulure,3 po,1,0,,Couleur,Blanc Pur,1,0,,U9-12-12-48,Armoire murale,Armoires de cuisine > Armoires murales,,1,12,,12,48,9 pi,Non,Blanc Pur,3 po,Shaker 3 po - Blanc Pur,Trousse Design p.4
variable,UC-15-12-48,Armoire murale - 15 x 12 x 48 po,0,0,visible,"Armoire murale Dilamco, dimensions 15 x 12 x 48 po. Finition Shaker disponible selon les variantes.","Module Dilamco armoire murale (U9-15-12-48), dimensions 15 x 12 x 48 po. Cabinet en contreplaqué avec fini intérieur en placage de bouleau. Porte HDF avec moulure en bouleau. Fini extérieur assorti à la porte selon la finition choisie. Prix, disponibilité, panneaux de finition, fillers et installation à confirmer avant publication.",,,taxable,1,,0,0,0,Armoires de cuisine > Armoires murales,"Dilamco, armoires, Shaker, catalogue technique",,,0,Type de module,Armoire murale,1,0,,Largeur,15,1,0,,Largeur B,,0,0,,Profondeur,12,1,0,,Hauteur,48,1,0,,Hauteur de plafond,9 pi,1,0,,Type de coin,Non,1,0,,Style de porte,Shaker,1,0,Shaker,Moulure,1 po | 3 po,1,0,1 po,Couleur,Blanc Pur,1,0,Blanc Pur,U9-15-12-48,Armoire murale,Armoires de cuisine > Armoires murales,,1,15,,12,48,9 pi,Non,,,,Trousse Design p.4
variation,UC-15-12-48-BP1,Armoire murale - 15 x 12 x 48 po - Shaker 1 po - Blanc Pur,0,0,visible,"Armoire murale Dilamco, dimensions 15 x 12 x 48 po. Finition Shaker disponible selon les variantes.","Module Dilamco armoire murale (U9-15-12-48), dimensions 15 x 12 x 48 po. Cabinet en contreplaqué avec fini intérieur en placage de bouleau. Porte HDF avec moulure en bouleau. Fini extérieur assorti à la porte selon la finition choisie. Prix, disponibilité, panneaux de finition, fillers et installation à confirmer avant publication.",,,taxable,1,,0,0,0,Armoires de cuisine > Armoires murales,"Dilamco, armoires, Shaker, catalogue technique",,sku:U9-15-12-48,1,Type de module,Armoire murale,1,0,,Largeur,15,1,0,,Largeur B,,0,0,,Profondeur,12,1,0,,Hauteur,48,1,0,,Hauteur de plafond,9 pi,1,0,,Type de coin,Non,1,0,,Style de porte,Shaker,1,0,,Moulure,1 po,1,0,,Couleur,Blanc Pur,1,0,,U9-15-12-48,Armoire murale,Armoires de cuisine > Armoires murales,,1,15,,12,48,9 pi,Non,Blanc Pur,1 po,Shaker 1 po - Blanc Pur,Trousse Design p.4
variation,UC-15-12-48-BP3,Armoire murale - 15 x 12 x 48 po - Shaker 3 po - Blanc Pur,0,0,visible,"Armoire murale Dilamco, dimensions 15 x 12 x 48 po. Finition Shaker disponible selon les variantes.","Module Dilamco armoire murale (U9-15-12-48), dimensions 15 x 12 x 48 po. Cabinet en contreplaqué avec fini intérieur en placage de bouleau. Porte HDF avec moulure en bouleau. Fini extérieur assorti à la porte selon la finition choisie. Prix, disponibilité, panneaux de finition, fillers et installation à confirmer avant publication.",,,taxable,1,,0,0,0,Armoires de cuisine > Armoires murales,"Dilamco, armoires, Shaker, catalogue technique",,sku:U9-15-12-48,2,Type de module,Armoire murale,1,0,,Largeur,15,1,0,,Largeur B,,0,0,,Profondeur,12,1,0,,Hauteur,48,1,0,,Hauteur de plafond,9 pi,1,0,,Type de coin,Non,1,0,,Style de porte,Shaker,1,0,,Moulure,3 po,1,0,,Couleur,Blanc Pur,1,0,,U9-15-12-48,Armoire murale,Armoires de cuisine > Armoires murales,,1,15,,12,48,9 pi,Non,Blanc Pur,3 po,Shaker 3 po - Blanc Pur,Trousse Design p.4
variable,UC-18-12-48,Armoire murale - 18 x 12 x 48 po,0,0,visible,"Armoire murale Dilamco, dimensions 18 x 12 x 48 po. Finition Shaker disponible selon les variantes.","Module Dilamco armoire murale (U9-18-12-48), dimensions 18 x 12 x 48 po. Cabinet en contreplaqué avec fini intérieur en placage de bouleau. Porte HDF avec moulure en bouleau. Fini extérieur assorti à la porte selon la finition choisie. Prix, disponibilité, panneaux de finition, fillers et installation à confirmer avant publication.",,,taxable,1,,0,0,0,Armoires de cuisine > Armoires murales,"Dilamco, armoires, Shaker, catalogue technique",,,0,Type de module,Armoire murale,1,0,,Largeur,18,1,0,,Largeur B,,0,0,,Profondeur,12,1,0,,Hauteur,48,1,0,,Hauteur de plafond,9 pi,1,0,,Type de coin,Non,1,0,,Style de porte,Shaker,1,0,Shaker,Moulure,1 po | 3 po,1,0,1 po,Couleur,Blanc Pur,1,0,Blanc Pur,U9-18-12-48,Armoire murale,Armoires de cuisine > Armoires murales,,1,18,,12,48,9 pi,Non,,,,Trousse Design p.4
variation,UC-18-12-48-BP1,Armoire murale - 18 x 12 x 48 po - Shaker 1 po - Blanc Pur,0,0,visible,"Armoire murale Dilamco, dimensions 18 x 12 x 48 po. Finition Shaker disponible selon les variantes.","Module Dilamco armoire murale (U9-18-12-48), dimensions 18 x 12 x 48 po. Cabinet en contreplaqué avec fini intérieur en placage de bouleau. Porte HDF avec moulure en bouleau. Fini extérieur assorti à la porte selon la finition choisie. Prix, disponibilité, panneaux de finition, fillers et installation à confirmer avant publication.",,,taxable,1,,0,0,0,Armoires de cuisine > Armoires murales,"Dilamco, armoires, Shaker, catalogue technique",,sku:U9-18-12-48,1,Type de module,Armoire murale,1,0,,Largeur,18,1,0,,Largeur B,,0,0,,Profondeur,12,1,0,,Hauteur,48,1,0,,Hauteur de plafond,9 pi,1,0,,Type de coin,Non,1,0,,Style de porte,Shaker,1,0,,Moulure,1 po,1,0,,Couleur,Blanc Pur,1,0,,U9-18-12-48,Armoire murale,Armoires de cuisine > Armoires murales,,1,18,,12,48,9 pi,Non,Blanc Pur,1 po,Shaker 1 po - Blanc Pur,Trousse Design p.4
variation,UC-18-12-48-BP3,Armoire murale - 18 x 12 x 48 po - Shaker 3 po - Blanc Pur,0,0,visible,"Armoire murale Dilamco, dimensions 18 x 12 x 48 po. Finition Shaker disponible selon les variantes.","Module Dilamco armoire murale (U9-18-12-48), dimensions 18 x 12 x 48 po. Cabinet en contreplaqué avec fini intérieur en placage de bouleau. Porte HDF avec moulure en bouleau. Fini extérieur assorti à la porte selon la finition choisie. Prix, disponibilité, panneaux de finition, fillers et installation à confirmer avant publication.",,,taxable,1,,0,0,0,Armoires de cuisine > Armoires murales,"Dilamco, armoires, Shaker, catalogue technique",,sku:U9-18-12-48,2,Type de module,Armoire murale,1,0,,Largeur,18,1,0,,Largeur B,,0,0,,Profondeur,12,1,0,,Hauteur,48,1,0,,Hauteur de plafond,9 pi,1,0,,Type de coin,Non,1,0,,Style de porte,Shaker,1,0,,Moulure,3 po,1,0,,Couleur,Blanc Pur,1,0,,U9-18-12-48,Armoire murale,Armoires de cuisine > Armoires murales,,1,18,,12,48,9 pi,Non,Blanc Pur,3 po,Shaker 3 po - Blanc Pur,Trousse Design p.4
variable,UC-21-12-48,Armoire murale - 21 x 12 x 48 po,0,0,visible,"Armoire murale Dilamco, dimensions 21 x 12 x 48 po. Finition Shaker disponible selon les variantes.","Module Dilamco armoire murale (U9-21-12-48), dimensions 21 x 12 x 48 po. Cabinet en contreplaqué avec fini intérieur en placage de bouleau. Porte HDF avec moulure en bouleau. Fini extérieur assorti à la porte selon la finition choisie. Prix, disponibilité, panneaux de finition, fillers et installation à confirmer avant publication.",,,taxable,1,,0,0,0,Armoires de cuisine > Armoires murales,"Dilamco, armoires, Shaker, catalogue technique",,,0,Type de module,Armoire murale,1,0,,Largeur,21,1,0,,Largeur B,,0,0,,Profondeur,12,1,0,,Hauteur,48,1,0,,Hauteur de plafond,9 pi,1,0,,Type de coin,Non,1,0,,Style de porte,Shaker,1,0,Shaker,Moulure,1 po | 3 po,1,0,1 po,Couleur,Blanc Pur,1,0,Blanc Pur,U9-21-12-48,Armoire murale,Armoires de cuisine > Armoires murales,,1,21,,12,48,9 pi,Non,,,,Trousse Design p.4
variation,UC-21-12-48-BP1,Armoire murale - 21 x 12 x 48 po - Shaker 1 po - Blanc Pur,0,0,visible,"Armoire murale Dilamco, dimensions 21 x 12 x 48 po. Finition Shaker disponible selon les variantes.","Module Dilamco armoire murale (U9-21-12-48), dimensions 21 x 12 x 48 po. Cabinet en contreplaqué avec fini intérieur en placage de bouleau. Porte HDF avec moulure en bouleau. Fini extérieur assorti à la porte selon la finition choisie. Prix, disponibilité, panneaux de finition, fillers et installation à confirmer avant publication.",,,taxable,1,,0,0,0,Armoires de cuisine > Armoires murales,"Dilamco, armoires, Shaker, catalogue technique",,sku:U9-21-12-48,1,Type de module,Armoire murale,1,0,,Largeur,21,1,0,,Largeur B,,0,0,,Profondeur,12,1,0,,Hauteur,48,1,0,,Hauteur de plafond,9 pi,1,0,,Type de coin,Non,1,0,,Style de porte,Shaker,1,0,,Moulure,1 po,1,0,,Couleur,Blanc Pur,1,0,,U9-21-12-48,Armoire murale,Armoires de cuisine > Armoires murales,,1,21,,12,48,9 pi,Non,Blanc Pur,1 po,Shaker 1 po - Blanc Pur,Trousse Design p.4
variation,UC-21-12-48-BP3,Armoire murale - 21 x 12 x 48 po - Shaker 3 po - Blanc Pur,0,0,visible,"Armoire murale Dilamco, dimensions 21 x 12 x 48 po. Finition Shaker disponible selon les variantes.","Module Dilamco armoire murale (U9-21-12-48), dimensions 21 x 12 x 48 po. Cabinet en contreplaqué avec fini intérieur en placage de bouleau. Porte HDF avec moulure en bouleau. Fini extérieur assorti à la porte selon la finition choisie. Prix, disponibilité, panneaux de finition, fillers et installation à confirmer avant publication.",,,taxable,1,,0,0,0,Armoires de cuisine > Armoires murales,"Dilamco, armoires, Shaker, catalogue technique",,sku:U9-21-12-48,2,Type de module,Armoire murale,1,0,,Largeur,21,1,0,,Largeur B,,0,0,,Profondeur,12,1,0,,Hauteur,48,1,0,,Hauteur de plafond,9 pi,1,0,,Type de coin,Non,1,0,,Style de porte,Shaker,1,0,,Moulure,3 po,1,0,,Couleur,Blanc Pur,1,0,,U9-21-12-48,Armoire murale,Armoires de cuisine > Armoires murales,,1,21,,12,48,9 pi,Non,Blanc Pur,3 po,Shaker 3 po - Blanc Pur,Trousse Design p.4
variable,UC-24-12-48,Armoire murale - 24 x 12 x 48 po,0,0,visible,"Armoire murale Dilamco, dimensions 24 x 12 x 48 po. Finition Shaker disponible selon les variantes.","Module Dilamco armoire murale (U9-24-12-48), dimensions 24 x 12 x 48 po. Cabinet en contreplaqué avec fini intérieur en placage de bouleau. Porte HDF avec moulure en bouleau. Fini extérieur assorti à la porte selon la finition choisie. Prix, disponibilité, panneaux de finition, fillers et installation à confirmer avant publication.",,,taxable,1,,0,0,0,Armoires de cuisine > Armoires murales,"Dilamco, armoires, Shaker, catalogue technique",,,0,Type de module,Armoire murale,1,0,,Largeur,24,1,0,,Largeur B,,0,0,,Profondeur,12,1,0,,Hauteur,48,1,0,,Hauteur de plafond,9 pi,1,0,,Type de coin,Non,1,0,,Style de porte,Shaker,1,0,Shaker,Moulure,1 po | 3 po,1,0,1 po,Couleur,Blanc Pur,1,0,Blanc Pur,U9-24-12-48,Armoire murale,Armoires de cuisine > Armoires murales,,2,24,,12,48,9 pi,Non,,,,Trousse Design p.4
variation,UC-24-12-48-BP1,Armoire murale - 24 x 12 x 48 po - Shaker 1 po - Blanc Pur,0,0,visible,"Armoire murale Dilamco, dimensions 24 x 12 x 48 po. Finition Shaker disponible selon les variantes.","Module Dilamco armoire murale (U9-24-12-48), dimensions 24 x 12 x 48 po. Cabinet en contreplaqué avec fini intérieur en placage de bouleau. Porte HDF avec moulure en bouleau. Fini extérieur assorti à la porte selon la finition choisie. Prix, disponibilité, panneaux de finition, fillers et installation à confirmer avant publication.",,,taxable,1,,0,0,0,Armoires de cuisine > Armoires murales,"Dilamco, armoires, Shaker, catalogue technique",,sku:U9-24-12-48,1,Type de module,Armoire murale,1,0,,Largeur,24,1,0,,Largeur B,,0,0,,Profondeur,12,1,0,,Hauteur,48,1,0,,Hauteur de plafond,9 pi,1,0,,Type de coin,Non,1,0,,Style de porte,Shaker,1,0,,Moulure,1 po,1,0,,Couleur,Blanc Pur,1,0,,U9-24-12-48,Armoire murale,Armoires de cuisine > Armoires murales,,2,24,,12,48,9 pi,Non,Blanc Pur,1 po,Shaker 1 po - Blanc Pur,Trousse Design p.4
variation,UC-24-12-48-BP3,Armoire murale - 24 x 12 x 48 po - Shaker 3 po - Blanc Pur,0,0,visible,"Armoire murale Dilamco, dimensions 24 x 12 x 48 po. Finition Shaker disponible selon les variantes.","Module Dilamco armoire murale (U9-24-12-48), dimensions 24 x 12 x 48 po. Cabinet en contreplaqué avec fini intérieur en placage de bouleau. Porte HDF avec moulure en bouleau. Fini extérieur assorti à la porte selon la finition choisie. Prix, disponibilité, panneaux de finition, fillers et installation à confirmer avant publication.",,,taxable,1,,0,0,0,Armoires de cuisine > Armoires murales,"Dilamco, armoires, Shaker, catalogue technique",,sku:U9-24-12-48,2,Type de module,Armoire murale,1,0,,Largeur,24,1,0,,Largeur B,,0,0,,Profondeur,12,1,0,,Hauteur,48,1,0,,Hauteur de plafond,9 pi,1,0,,Type de coin,Non,1,0,,Style de porte,Shaker,1,0,,Moulure,3 po,1,0,,Couleur,Blanc Pur,1,0,,U9-24-12-48,Armoire murale,Armoires de cuisine > Armoires murales,,2,24,,12,48,9 pi,Non,Blanc Pur,3 po,Shaker 3 po - Blanc Pur,Trousse Design p.4
variable,UC-27-12-48,Armoire murale - 27 x 12 x 48 po,0,0,visible,"Armoire murale Dilamco, dimensions 27 x 12 x 48 po. Finition Shaker disponible selon les variantes.","Module Dilamco armoire murale (U9-27-12-48), dimensions 27 x 12 x 48 po. Cabinet en contreplaqué avec fini intérieur en placage de bouleau. Porte HDF avec moulure en bouleau. Fini extérieur assorti à la porte selon la finition choisie. Prix, disponibilité, panneaux de finition, fillers et installation à confirmer avant publication.",,,taxable,1,,0,0,0,Armoires de cuisine > Armoires murales,"Dilamco, armoires, Shaker, catalogue technique",,,0,Type de module,Armoire murale,1,0,,Largeur,27,1,0,,Largeur B,,0,0,,Profondeur,12,1,0,,Hauteur,48,1,0,,Hauteur de plafond,9 pi,1,0,,Type de coin,Non,1,0,,Style de porte,Shaker,1,0,Shaker,Moulure,1 po | 3 po,1,0,1 po,Couleur,Blanc Pur,1,0,Blanc Pur,U9-27-12-48,Armoire murale,Armoires de cuisine > Armoires murales,,2,27,,12,48,9 pi,Non,,,,Trousse Design p.4
variation,UC-27-12-48-BP1,Armoire murale - 27 x 12 x 48 po - Shaker 1 po - Blanc Pur,0,0,visible,"Armoire murale Dilamco, dimensions 27 x 12 x 48 po. Finition Shaker disponible selon les variantes.","Module Dilamco armoire murale (U9-27-12-48), dimensions 27 x 12 x 48 po. Cabinet en contreplaqué avec fini intérieur en placage de bouleau. Porte HDF avec moulure en bouleau. Fini extérieur assorti à la porte selon la finition choisie. Prix, disponibilité, panneaux de finition, fillers et installation à confirmer avant publication.",,,taxable,1,,0,0,0,Armoires de cuisine > Armoires murales,"Dilamco, armoires, Shaker, catalogue technique",,sku:U9-27-12-48,1,Type de module,Armoire murale,1,0,,Largeur,27,1,0,,Largeur B,,0,0,,Profondeur,12,1,0,,Hauteur,48,1,0,,Hauteur de plafond,9 pi,1,0,,Type de coin,Non,1,0,,Style de porte,Shaker,1,0,,Moulure,1 po,1,0,,Couleur,Blanc Pur,1,0,,U9-27-12-48,Armoire murale,Armoires de cuisine > Armoires murales,,2,27,,12,48,9 pi,Non,Blanc Pur,1 po,Shaker 1 po - Blanc Pur,Trousse Design p.4
variation,UC-27-12-48-BP3,Armoire murale - 27 x 12 x 48 po - Shaker 3 po - Blanc Pur,0,0,visible,"Armoire murale Dilamco, dimensions 27 x 12 x 48 po. Finition Shaker disponible selon les variantes.","Module Dilamco armoire murale (U9-27-12-48), dimensions 27 x 12 x 48 po. Cabinet en contreplaqué avec fini intérieur en placage de bouleau. Porte HDF avec moulure en bouleau. Fini extérieur assorti à la porte selon la finition choisie. Prix, disponibilité, panneaux de finition, fillers et installation à confirmer avant publication.",,,taxable,1,,0,0,0,Armoires de cuisine > Armoires murales,"Dilamco, armoires, Shaker, catalogue technique",,sku:U9-27-12-48,2,Type de module,Armoire murale,1,0,,Largeur,27,1,0,,Largeur B,,0,0,,Profondeur,12,1,0,,Hauteur,48,1,0,,Hauteur de plafond,9 pi,1,0,,Type de coin,Non,1,0,,Style de porte,Shaker,1,0,,Moulure,3 po,1,0,,Couleur,Blanc Pur,1,0,,U9-27-12-48,Armoire murale,Armoires de cuisine > Armoires murales,,2,27,,12,48,9 pi,Non,Blanc Pur,3 po,Shaker 3 po - Blanc Pur,Trousse Design p.4
variable,UC-30-12-48,Armoire murale - 30 x 12 x 48 po,0,0,visible,"Armoire murale Dilamco, dimensions 30 x 12 x 48 po. Finition Shaker disponible selon les variantes.","Module Dilamco armoire murale (U9-30-12-48), dimensions 30 x 12 x 48 po. Cabinet en contreplaqué avec fini intérieur en placage de bouleau. Porte HDF avec moulure en bouleau. Fini extérieur assorti à la porte selon la finition choisie. Prix, disponibilité, panneaux de finition, fillers et installation à confirmer avant publication.",,,taxable,1,,0,0,0,Armoires de cuisine > Armoires murales,"Dilamco, armoires, Shaker, catalogue technique",,,0,Type de module,Armoire murale,1,0,,Largeur,30,1,0,,Largeur B,,0,0,,Profondeur,12,1,0,,Hauteur,48,1,0,,Hauteur de plafond,9 pi,1,0,,Type de coin,Non,1,0,,Style de porte,Shaker,1,0,Shaker,Moulure,1 po | 3 po,1,0,1 po,Couleur,Blanc Pur,1,0,Blanc Pur,U9-30-12-48,Armoire murale,Armoires de cuisine > Armoires murales,,2,30,,12,48,9 pi,Non,,,,Trousse Design p.4
variation,UC-30-12-48-BP1,Armoire murale - 30 x 12 x 48 po - Shaker 1 po - Blanc Pur,0,0,visible,"Armoire murale Dilamco, dimensions 30 x 12 x 48 po. Finition Shaker disponible selon les variantes.","Module Dilamco armoire murale (U9-30-12-48), dimensions 30 x 12 x 48 po. Cabinet en contreplaqué avec fini intérieur en placage de bouleau. Porte HDF avec moulure en bouleau. Fini extérieur assorti à la porte selon la finition choisie. Prix, disponibilité, panneaux de finition, fillers et installation à confirmer avant publication.",,,taxable,1,,0,0,0,Armoires de cuisine > Armoires murales,"Dilamco, armoires, Shaker, catalogue technique",,sku:U9-30-12-48,1,Type de module,Armoire murale,1,0,,Largeur,30,1,0,,Largeur B,,0,0,,Profondeur,12,1,0,,Hauteur,48,1,0,,Hauteur de plafond,9 pi,1,0,,Type de coin,Non,1,0,,Style de porte,Shaker,1,0,,Moulure,1 po,1,0,,Couleur,Blanc Pur,1,0,,U9-30-12-48,Armoire murale,Armoires de cuisine > Armoires murales,,2,30,,12,48,9 pi,Non,Blanc Pur,1 po,Shaker 1 po - Blanc Pur,Trousse Design p.4
variation,UC-30-12-48-BP3,Armoire murale - 30 x 12 x 48 po - Shaker 3 po - Blanc Pur,0,0,visible,"Armoire murale Dilamco, dimensions 30 x 12 x 48 po. Finition Shaker disponible selon les variantes.","Module Dilamco armoire murale (U9-30-12-48), dimensions 30 x 12 x 48 po. Cabinet en contreplaqué avec fini intérieur en placage de bouleau. Porte HDF avec moulure en bouleau. Fini extérieur assorti à la porte selon la finition choisie. Prix, disponibilité, panneaux de finition, fillers et installation à confirmer avant publication.",,,taxable,1,,0,0,0,Armoires de cuisine > Armoires murales,"Dilamco, armoires, Shaker, catalogue technique",,sku:U9-30-12-48,2,Type de module,Armoire murale,1,0,,Largeur,30,1,0,,Largeur B,,0,0,,Profondeur,12,1,0,,Hauteur,48,1,0,,Hauteur de plafond,9 pi,1,0,,Type de coin,Non,1,0,,Style de porte,Shaker,1,0,,Moulure,3 po,1,0,,Couleur,Blanc Pur,1,0,,U9-30-12-48,Armoire murale,Armoires de cuisine > Armoires murales,,2,30,,12,48,9 pi,Non,Blanc Pur,3 po,Shaker 3 po - Blanc Pur,Trousse Design p.4
variable,UC-33-12-48,Armoire murale - 33 x 12 x 48 po,0,0,visible,"Armoire murale Dilamco, dimensions 33 x 12 x 48 po. Finition Shaker disponible selon les variantes.","Module Dilamco armoire murale (U9-33-12-48), dimensions 33 x 12 x 48 po. Cabinet en contreplaqué avec fini intérieur en placage de bouleau. Porte HDF avec moulure en bouleau. Fini extérieur assorti à la porte selon la finition choisie. Prix, disponibilité, panneaux de finition, fillers et installation à confirmer avant publication.",,,taxable,1,,0,0,0,Armoires de cuisine > Armoires murales,"Dilamco, armoires, Shaker, catalogue technique",,,0,Type de module,Armoire murale,1,0,,Largeur,33,1,0,,Largeur B,,0,0,,Profondeur,12,1,0,,Hauteur,48,1,0,,Hauteur de plafond,9 pi,1,0,,Type de coin,Non,1,0,,Style de porte,Shaker,1,0,Shaker,Moulure,1 po | 3 po,1,0,1 po,Couleur,Blanc Pur,1,0,Blanc Pur,U9-33-12-48,Armoire murale,Armoires de cuisine > Armoires murales,,2,33,,12,48,9 pi,Non,,,,Trousse Design p.4
variation,UC-33-12-48-BP1,Armoire murale - 33 x 12 x 48 po - Shaker 1 po - Blanc Pur,0,0,visible,"Armoire murale Dilamco, dimensions 33 x 12 x 48 po. Finition Shaker disponible selon les variantes.","Module Dilamco armoire murale (U9-33-12-48), dimensions 33 x 12 x 48 po. Cabinet en contreplaqué avec fini intérieur en placage de bouleau. Porte HDF avec moulure en bouleau. Fini extérieur assorti à la porte selon la finition choisie. Prix, disponibilité, panneaux de finition, fillers et installation à confirmer avant publication.",,,taxable,1,,0,0,0,Armoires de cuisine > Armoires murales,"Dilamco, armoires, Shaker, catalogue technique",,sku:U9-33-12-48,1,Type de module,Armoire murale,1,0,,Largeur,33,1,0,,Largeur B,,0,0,,Profondeur,12,1,0,,Hauteur,48,1,0,,Hauteur de plafond,9 pi,1,0,,Type de coin,Non,1,0,,Style de porte,Shaker,1,0,,Moulure,1 po,1,0,,Couleur,Blanc Pur,1,0,,U9-33-12-48,Armoire murale,Armoires de cuisine > Armoires murales,,2,33,,12,48,9 pi,Non,Blanc Pur,1 po,Shaker 1 po - Blanc Pur,Trousse Design p.4
variation,UC-33-12-48-BP3,Armoire murale - 33 x 12 x 48 po - Shaker 3 po - Blanc Pur,0,0,visible,"Armoire murale Dilamco, dimensions 33 x 12 x 48 po. Finition Shaker disponible selon les variantes.","Module Dilamco armoire murale (U9-33-12-48), dimensions 33 x 12 x 48 po. Cabinet en contreplaqué avec fini intérieur en placage de bouleau. Porte HDF avec moulure en bouleau. Fini extérieur assorti à la porte selon la finition choisie. Prix, disponibilité, panneaux de finition, fillers et installation à confirmer avant publication.",,,taxable,1,,0,0,0,Armoires de cuisine > Armoires murales,"Dilamco, armoires, Shaker, catalogue technique",,sku:U9-33-12-48,2,Type de module,Armoire murale,1,0,,Largeur,33,1,0,,Largeur B,,0,0,,Profondeur,12,1,0,,Hauteur,48,1,0,,Hauteur de plafond,9 pi,1,0,,Type de coin,Non,1,0,,Style de porte,Shaker,1,0,,Moulure,3 po,1,0,,Couleur,Blanc Pur,1,0,,U9-33-12-48,Armoire murale,Armoires de cuisine > Armoires murales,,2,33,,12,48,9 pi,Non,Blanc Pur,3 po,Shaker 3 po - Blanc Pur,Trousse Design p.4
variable,UC-36-12-48,Armoire murale - 36 x 12 x 48 po,0,0,visible,"Armoire murale Dilamco, dimensions 36 x 12 x 48 po. Finition Shaker disponible selon les variantes.","Module Dilamco armoire murale (U9-36-12-48), dimensions 36 x 12 x 48 po. Cabinet en contreplaqué avec fini intérieur en placage de bouleau. Porte HDF avec moulure en bouleau. Fini extérieur assorti à la porte selon la finition choisie. Prix, disponibilité, panneaux de finition, fillers et installation à confirmer avant publication.",,,taxable,1,,0,0,0,Armoires de cuisine > Armoires murales,"Dilamco, armoires, Shaker, catalogue technique",,,0,Type de module,Armoire murale,1,0,,Largeur,36,1,0,,Largeur B,,0,0,,Profondeur,12,1,0,,Hauteur,48,1,0,,Hauteur de plafond,9 pi,1,0,,Type de coin,Non,1,0,,Style de porte,Shaker,1,0,Shaker,Moulure,1 po | 3 po,1,0,1 po,Couleur,Blanc Pur,1,0,Blanc Pur,U9-36-12-48,Armoire murale,Armoires de cuisine > Armoires murales,,2,36,,12,48,9 pi,Non,,,,Trousse Design p.4
variation,UC-36-12-48-BP1,Armoire murale - 36 x 12 x 48 po - Shaker 1 po - Blanc Pur,0,0,visible,"Armoire murale Dilamco, dimensions 36 x 12 x 48 po. Finition Shaker disponible selon les variantes.","Module Dilamco armoire murale (U9-36-12-48), dimensions 36 x 12 x 48 po. Cabinet en contreplaqué avec fini intérieur en placage de bouleau. Porte HDF avec moulure en bouleau. Fini extérieur assorti à la porte selon la finition choisie. Prix, disponibilité, panneaux de finition, fillers et installation à confirmer avant publication.",,,taxable,1,,0,0,0,Armoires de cuisine > Armoires murales,"Dilamco, armoires, Shaker, catalogue technique",,sku:U9-36-12-48,1,Type de module,Armoire murale,1,0,,Largeur,36,1,0,,Largeur B,,0,0,,Profondeur,12,1,0,,Hauteur,48,1,0,,Hauteur de plafond,9 pi,1,0,,Type de coin,Non,1,0,,Style de porte,Shaker,1,0,,Moulure,1 po,1,0,,Couleur,Blanc Pur,1,0,,U9-36-12-48,Armoire murale,Armoires de cuisine > Armoires murales,,2,36,,12,48,9 pi,Non,Blanc Pur,1 po,Shaker 1 po - Blanc Pur,Trousse Design p.4
variation,UC-36-12-48-BP3,Armoire murale - 36 x 12 x 48 po - Shaker 3 po - Blanc Pur,0,0,visible,"Armoire murale Dilamco, dimensions 36 x 12 x 48 po. Finition Shaker disponible selon les variantes.","Module Dilamco armoire murale (U9-36-12-48), dimensions 36 x 12 x 48 po. Cabinet en contreplaqué avec fini intérieur en placage de bouleau. Porte HDF avec moulure en bouleau. Fini extérieur assorti à la porte selon la finition choisie. Prix, disponibilité, panneaux de finition, fillers et installation à confirmer avant publication.",,,taxable,1,,0,0,0,Armoires de cuisine > Armoires murales,"Dilamco, armoires, Shaker, catalogue technique",,sku:U9-36-12-48,2,Type de module,Armoire murale,1,0,,Largeur,36,1,0,,Largeur B,,0,0,,Profondeur,12,1,0,,Hauteur,48,1,0,,Hauteur de plafond,9 pi,1,0,,Type de coin,Non,1,0,,Style de porte,Shaker,1,0,,Moulure,3 po,1,0,,Couleur,Blanc Pur,1,0,,U9-36-12-48,Armoire murale,Armoires de cuisine > Armoires murales,,2,36,,12,48,9 pi,Non,Blanc Pur,3 po,Shaker 3 po - Blanc Pur,Trousse Design p.4
variable,UC-09-12-54,Armoire murale - 9 x 12 x 54 po,0,0,visible,"Armoire murale Dilamco, dimensions 9 x 12 x 54 po. Finition Shaker disponible selon les variantes.","Module Dilamco armoire murale (U9-09-12-54), dimensions 9 x 12 x 54 po. Cabinet en contreplaqué avec fini intérieur en placage de bouleau. Porte HDF avec moulure en bouleau. Fini extérieur assorti à la porte selon la finition choisie. Prix, disponibilité, panneaux de finition, fillers et installation à confirmer avant publication.",,,taxable,1,,0,0,0,Armoires de cuisine > Armoires murales,"Dilamco, armoires, Shaker, catalogue technique",,,0,Type de module,Armoire murale,1,0,,Largeur,9,1,0,,Largeur B,,0,0,,Profondeur,12,1,0,,Hauteur,54,1,0,,Hauteur de plafond,9 pi,1,0,,Type de coin,Non,1,0,,Style de porte,Shaker,1,0,Shaker,Moulure,1 po | 3 po,1,0,1 po,Couleur,Blanc Pur,1,0,Blanc Pur,U9-09-12-54,Armoire murale,Armoires de cuisine > Armoires murales,,1,9,,12,54,9 pi,Non,,,,Trousse Design p.4
variation,UC-09-12-54-BP1,Armoire murale - 9 x 12 x 54 po - Shaker 1 po - Blanc Pur,0,0,visible,"Armoire murale Dilamco, dimensions 9 x 12 x 54 po. Finition Shaker disponible selon les variantes.","Module Dilamco armoire murale (U9-09-12-54), dimensions 9 x 12 x 54 po. Cabinet en contreplaqué avec fini intérieur en placage de bouleau. Porte HDF avec moulure en bouleau. Fini extérieur assorti à la porte selon la finition choisie. Prix, disponibilité, panneaux de finition, fillers et installation à confirmer avant publication.",,,taxable,1,,0,0,0,Armoires de cuisine > Armoires murales,"Dilamco, armoires, Shaker, catalogue technique",,sku:U9-09-12-54,1,Type de module,Armoire murale,1,0,,Largeur,9,1,0,,Largeur B,,0,0,,Profondeur,12,1,0,,Hauteur,54,1,0,,Hauteur de plafond,9 pi,1,0,,Type de coin,Non,1,0,,Style de porte,Shaker,1,0,,Moulure,1 po,1,0,,Couleur,Blanc Pur,1,0,,U9-09-12-54,Armoire murale,Armoires de cuisine > Armoires murales,,1,9,,12,54,9 pi,Non,Blanc Pur,1 po,Shaker 1 po - Blanc Pur,Trousse Design p.4
variation,UC-09-12-54-BP3,Armoire murale - 9 x 12 x 54 po - Shaker 3 po - Blanc Pur,0,0,visible,"Armoire murale Dilamco, dimensions 9 x 12 x 54 po. Finition Shaker disponible selon les variantes.","Module Dilamco armoire murale (U9-09-12-54), dimensions 9 x 12 x 54 po. Cabinet en contreplaqué avec fini intérieur en placage de bouleau. Porte HDF avec moulure en bouleau. Fini extérieur assorti à la porte selon la finition choisie. Prix, disponibilité, panneaux de finition, fillers et installation à confirmer avant publication.",,,taxable,1,,0,0,0,Armoires de cuisine > Armoires murales,"Dilamco, armoires, Shaker, catalogue technique",,sku:U9-09-12-54,2,Type de module,Armoire murale,1,0,,Largeur,9,1,0,,Largeur B,,0,0,,Profondeur,12,1,0,,Hauteur,54,1,0,,Hauteur de plafond,9 pi,1,0,,Type de coin,Non,1,0,,Style de porte,Shaker,1,0,,Moulure,3 po,1,0,,Couleur,Blanc Pur,1,0,,U9-09-12-54,Armoire murale,Armoires de cuisine > Armoires murales,,1,9,,12,54,9 pi,Non,Blanc Pur,3 po,Shaker 3 po - Blanc Pur,Trousse Design p.4
variable,UC-12-12-54,Armoire murale - 12 x 12 x 54 po,0,0,visible,"Armoire murale Dilamco, dimensions 12 x 12 x 54 po. Finition Shaker disponible selon les variantes.","Module Dilamco armoire murale (U9-12-12-54), dimensions 12 x 12 x 54 po. Cabinet en contreplaqué avec fini intérieur en placage de bouleau. Porte HDF avec moulure en bouleau. Fini extérieur assorti à la porte selon la finition choisie. Prix, disponibilité, panneaux de finition, fillers et installation à confirmer avant publication.",,,taxable,1,,0,0,0,Armoires de cuisine > Armoires murales,"Dilamco, armoires, Shaker, catalogue technique",,,0,Type de module,Armoire murale,1,0,,Largeur,12,1,0,,Largeur B,,0,0,,Profondeur,12,1,0,,Hauteur,54,1,0,,Hauteur de plafond,9 pi,1,0,,Type de coin,Non,1,0,,Style de porte,Shaker,1,0,Shaker,Moulure,1 po | 3 po,1,0,1 po,Couleur,Blanc Pur,1,0,Blanc Pur,U9-12-12-54,Armoire murale,Armoires de cuisine > Armoires murales,,1,12,,12,54,9 pi,Non,,,,Trousse Design p.4
variation,UC-12-12-54-BP1,Armoire murale - 12 x 12 x 54 po - Shaker 1 po - Blanc Pur,0,0,visible,"Armoire murale Dilamco, dimensions 12 x 12 x 54 po. Finition Shaker disponible selon les variantes.","Module Dilamco armoire murale (U9-12-12-54), dimensions 12 x 12 x 54 po. Cabinet en contreplaqué avec fini intérieur en placage de bouleau. Porte HDF avec moulure en bouleau. Fini extérieur assorti à la porte selon la finition choisie. Prix, disponibilité, panneaux de finition, fillers et installation à confirmer avant publication.",,,taxable,1,,0,0,0,Armoires de cuisine > Armoires murales,"Dilamco, armoires, Shaker, catalogue technique",,sku:U9-12-12-54,1,Type de module,Armoire murale,1,0,,Largeur,12,1,0,,Largeur B,,0,0,,Profondeur,12,1,0,,Hauteur,54,1,0,,Hauteur de plafond,9 pi,1,0,,Type de coin,Non,1,0,,Style de porte,Shaker,1,0,,Moulure,1 po,1,0,,Couleur,Blanc Pur,1,0,,U9-12-12-54,Armoire murale,Armoires de cuisine > Armoires murales,,1,12,,12,54,9 pi,Non,Blanc Pur,1 po,Shaker 1 po - Blanc Pur,Trousse Design p.4
variation,UC-12-12-54-BP3,Armoire murale - 12 x 12 x 54 po - Shaker 3 po - Blanc Pur,0,0,visible,"Armoire murale Dilamco, dimensions 12 x 12 x 54 po. Finition Shaker disponible selon les variantes.","Module Dilamco armoire murale (U9-12-12-54), dimensions 12 x 12 x 54 po. Cabinet en contreplaqué avec fini intérieur en placage de bouleau. Porte HDF avec moulure en bouleau. Fini extérieur assorti à la porte selon la finition choisie. Prix, disponibilité, panneaux de finition, fillers et installation à confirmer avant publication.",,,taxable,1,,0,0,0,Armoires de cuisine > Armoires murales,"Dilamco, armoires, Shaker, catalogue technique",,sku:U9-12-12-54,2,Type de module,Armoire murale,1,0,,Largeur,12,1,0,,Largeur B,,0,0,,Profondeur,12,1,0,,Hauteur,54,1,0,,Hauteur de plafond,9 pi,1,0,,Type de coin,Non,1,0,,Style de porte,Shaker,1,0,,Moulure,3 po,1,0,,Couleur,Blanc Pur,1,0,,U9-12-12-54,Armoire murale,Armoires de cuisine > Armoires murales,,1,12,,12,54,9 pi,Non,Blanc Pur,3 po,Shaker 3 po - Blanc Pur,Trousse Design p.4
variable,UC-15-12-54,Armoire murale - 15 x 12 x 54 po,0,0,visible,"Armoire murale Dilamco, dimensions 15 x 12 x 54 po. Finition Shaker disponible selon les variantes.","Module Dilamco armoire murale (U9-15-12-54), dimensions 15 x 12 x 54 po. Cabinet en contreplaqué avec fini intérieur en placage de bouleau. Porte HDF avec moulure en bouleau. Fini extérieur assorti à la porte selon la finition choisie. Prix, disponibilité, panneaux de finition, fillers et installation à confirmer avant publication.",,,taxable,1,,0,0,0,Armoires de cuisine > Armoires murales,"Dilamco, armoires, Shaker, catalogue technique",,,0,Type de module,Armoire murale,1,0,,Largeur,15,1,0,,Largeur B,,0,0,,Profondeur,12,1,0,,Hauteur,54,1,0,,Hauteur de plafond,9 pi,1,0,,Type de coin,Non,1,0,,Style de porte,Shaker,1,0,Shaker,Moulure,1 po | 3 po,1,0,1 po,Couleur,Blanc Pur,1,0,Blanc Pur,U9-15-12-54,Armoire murale,Armoires de cuisine > Armoires murales,,1,15,,12,54,9 pi,Non,,,,Trousse Design p.4
variation,UC-15-12-54-BP1,Armoire murale - 15 x 12 x 54 po - Shaker 1 po - Blanc Pur,0,0,visible,"Armoire murale Dilamco, dimensions 15 x 12 x 54 po. Finition Shaker disponible selon les variantes.","Module Dilamco armoire murale (U9-15-12-54), dimensions 15 x 12 x 54 po. Cabinet en contreplaqué avec fini intérieur en placage de bouleau. Porte HDF avec moulure en bouleau. Fini extérieur assorti à la porte selon la finition choisie. Prix, disponibilité, panneaux de finition, fillers et installation à confirmer avant publication.",,,taxable,1,,0,0,0,Armoires de cuisine > Armoires murales,"Dilamco, armoires, Shaker, catalogue technique",,sku:U9-15-12-54,1,Type de module,Armoire murale,1,0,,Largeur,15,1,0,,Largeur B,,0,0,,Profondeur,12,1,0,,Hauteur,54,1,0,,Hauteur de plafond,9 pi,1,0,,Type de coin,Non,1,0,,Style de porte,Shaker,1,0,,Moulure,1 po,1,0,,Couleur,Blanc Pur,1,0,,U9-15-12-54,Armoire murale,Armoires de cuisine > Armoires murales,,1,15,,12,54,9 pi,Non,Blanc Pur,1 po,Shaker 1 po - Blanc Pur,Trousse Design p.4
variation,UC-15-12-54-BP3,Armoire murale - 15 x 12 x 54 po - Shaker 3 po - Blanc Pur,0,0,visible,"Armoire murale Dilamco, dimensions 15 x 12 x 54 po. Finition Shaker disponible selon les variantes.","Module Dilamco armoire murale (U9-15-12-54), dimensions 15 x 12 x 54 po. Cabinet en contreplaqué avec fini intérieur en placage de bouleau. Porte HDF avec moulure en bouleau. Fini extérieur assorti à la porte selon la finition choisie. Prix, disponibilité, panneaux de finition, fillers et installation à confirmer avant publication.",,,taxable,1,,0,0,0,Armoires de cuisine > Armoires murales,"Dilamco, armoires, Shaker, catalogue technique",,sku:U9-15-12-54,2,Type de module,Armoire murale,1,0,,Largeur,15,1,0,,Largeur B,,0,0,,Profondeur,12,1,0,,Hauteur,54,1,0,,Hauteur de plafond,9 pi,1,0,,Type de coin,Non,1,0,,Style de porte,Shaker,1,0,,Moulure,3 po,1,0,,Couleur,Blanc Pur,1,0,,U9-15-12-54,Armoire murale,Armoires de cuisine > Armoires murales,,1,15,,12,54,9 pi,Non,Blanc Pur,3 po,Shaker 3 po - Blanc Pur,Trousse Design p.4
variable,UC-18-12-54,Armoire murale - 18 x 12 x 54 po,0,0,visible,"Armoire murale Dilamco, dimensions 18 x 12 x 54 po. Finition Shaker disponible selon les variantes.","Module Dilamco armoire murale (U9-18-12-54), dimensions 18 x 12 x 54 po. Cabinet en contreplaqué avec fini intérieur en placage de bouleau. Porte HDF avec moulure en bouleau. Fini extérieur assorti à la porte selon la finition choisie. Prix, disponibilité, panneaux de finition, fillers et installation à confirmer avant publication.",,,taxable,1,,0,0,0,Armoires de cuisine > Armoires murales,"Dilamco, armoires, Shaker, catalogue technique",,,0,Type de module,Armoire murale,1,0,,Largeur,18,1,0,,Largeur B,,0,0,,Profondeur,12,1,0,,Hauteur,54,1,0,,Hauteur de plafond,9 pi,1,0,,Type de coin,Non,1,0,,Style de porte,Shaker,1,0,Shaker,Moulure,1 po | 3 po,1,0,1 po,Couleur,Blanc Pur,1,0,Blanc Pur,U9-18-12-54,Armoire murale,Armoires de cuisine > Armoires murales,,1,18,,12,54,9 pi,Non,,,,Trousse Design p.4
variation,UC-18-12-54-BP1,Armoire murale - 18 x 12 x 54 po - Shaker 1 po - Blanc Pur,0,0,visible,"Armoire murale Dilamco, dimensions 18 x 12 x 54 po. Finition Shaker disponible selon les variantes.","Module Dilamco armoire murale (U9-18-12-54), dimensions 18 x 12 x 54 po. Cabinet en contreplaqué avec fini intérieur en placage de bouleau. Porte HDF avec moulure en bouleau. Fini extérieur assorti à la porte selon la finition choisie. Prix, disponibilité, panneaux de finition, fillers et installation à confirmer avant publication.",,,taxable,1,,0,0,0,Armoires de cuisine > Armoires murales,"Dilamco, armoires, Shaker, catalogue technique",,sku:U9-18-12-54,1,Type de module,Armoire murale,1,0,,Largeur,18,1,0,,Largeur B,,0,0,,Profondeur,12,1,0,,Hauteur,54,1,0,,Hauteur de plafond,9 pi,1,0,,Type de coin,Non,1,0,,Style de porte,Shaker,1,0,,Moulure,1 po,1,0,,Couleur,Blanc Pur,1,0,,U9-18-12-54,Armoire murale,Armoires de cuisine > Armoires murales,,1,18,,12,54,9 pi,Non,Blanc Pur,1 po,Shaker 1 po - Blanc Pur,Trousse Design p.4
variation,UC-18-12-54-BP3,Armoire murale - 18 x 12 x 54 po - Shaker 3 po - Blanc Pur,0,0,visible,"Armoire murale Dilamco, dimensions 18 x 12 x 54 po. Finition Shaker disponible selon les variantes.","Module Dilamco armoire murale (U9-18-12-54), dimensions 18 x 12 x 54 po. Cabinet en contreplaqué avec fini intérieur en placage de bouleau. Porte HDF avec moulure en bouleau. Fini extérieur assorti à la porte selon la finition choisie. Prix, disponibilité, panneaux de finition, fillers et installation à confirmer avant publication.",,,taxable,1,,0,0,0,Armoires de cuisine > Armoires murales,"Dilamco, armoires, Shaker, catalogue technique",,sku:U9-18-12-54,2,Type de module,Armoire murale,1,0,,Largeur,18,1,0,,Largeur B,,0,0,,Profondeur,12,1,0,,Hauteur,54,1,0,,Hauteur de plafond,9 pi,1,0,,Type de coin,Non,1,0,,Style de porte,Shaker,1,0,,Moulure,3 po,1,0,,Couleur,Blanc Pur,1,0,,U9-18-12-54,Armoire murale,Armoires de cuisine > Armoires murales,,1,18,,12,54,9 pi,Non,Blanc Pur,3 po,Shaker 3 po - Blanc Pur,Trousse Design p.4
variable,UC-21-12-54,Armoire murale - 21 x 12 x 54 po,0,0,visible,"Armoire murale Dilamco, dimensions 21 x 12 x 54 po. Finition Shaker disponible selon les variantes.","Module Dilamco armoire murale (U9-21-12-54), dimensions 21 x 12 x 54 po. Cabinet en contreplaqué avec fini intérieur en placage de bouleau. Porte HDF avec moulure en bouleau. Fini extérieur assorti à la porte selon la finition choisie. Prix, disponibilité, panneaux de finition, fillers et installation à confirmer avant publication.",,,taxable,1,,0,0,0,Armoires de cuisine > Armoires murales,"Dilamco, armoires, Shaker, catalogue technique",,,0,Type de module,Armoire murale,1,0,,Largeur,21,1,0,,Largeur B,,0,0,,Profondeur,12,1,0,,Hauteur,54,1,0,,Hauteur de plafond,9 pi,1,0,,Type de coin,Non,1,0,,Style de porte,Shaker,1,0,Shaker,Moulure,1 po | 3 po,1,0,1 po,Couleur,Blanc Pur,1,0,Blanc Pur,U9-21-12-54,Armoire murale,Armoires de cuisine > Armoires murales,,1,21,,12,54,9 pi,Non,,,,Trousse Design p.4
variation,UC-21-12-54-BP1,Armoire murale - 21 x 12 x 54 po - Shaker 1 po - Blanc Pur,0,0,visible,"Armoire murale Dilamco, dimensions 21 x 12 x 54 po. Finition Shaker disponible selon les variantes.","Module Dilamco armoire murale (U9-21-12-54), dimensions 21 x 12 x 54 po. Cabinet en contreplaqué avec fini intérieur en placage de bouleau. Porte HDF avec moulure en bouleau. Fini extérieur assorti à la porte selon la finition choisie. Prix, disponibilité, panneaux de finition, fillers et installation à confirmer avant publication.",,,taxable,1,,0,0,0,Armoires de cuisine > Armoires murales,"Dilamco, armoires, Shaker, catalogue technique",,sku:U9-21-12-54,1,Type de module,Armoire murale,1,0,,Largeur,21,1,0,,Largeur B,,0,0,,Profondeur,12,1,0,,Hauteur,54,1,0,,Hauteur de plafond,9 pi,1,0,,Type de coin,Non,1,0,,Style de porte,Shaker,1,0,,Moulure,1 po,1,0,,Couleur,Blanc Pur,1,0,,U9-21-12-54,Armoire murale,Armoires de cuisine > Armoires murales,,1,21,,12,54,9 pi,Non,Blanc Pur,1 po,Shaker 1 po - Blanc Pur,Trousse Design p.4
variation,UC-21-12-54-BP3,Armoire murale - 21 x 12 x 54 po - Shaker 3 po - Blanc Pur,0,0,visible,"Armoire murale Dilamco, dimensions 21 x 12 x 54 po. Finition Shaker disponible selon les variantes.","Module Dilamco armoire murale (U9-21-12-54), dimensions 21 x 12 x 54 po. Cabinet en contreplaqué avec fini intérieur en placage de bouleau. Porte HDF avec moulure en bouleau. Fini extérieur assorti à la porte selon la finition choisie. Prix, disponibilité, panneaux de finition, fillers et installation à confirmer avant publication.",,,taxable,1,,0,0,0,Armoires de cuisine > Armoires murales,"Dilamco, armoires, Shaker, catalogue technique",,sku:U9-21-12-54,2,Type de module,Armoire murale,1,0,,Largeur,21,1,0,,Largeur B,,0,0,,Profondeur,12,1,0,,Hauteur,54,1,0,,Hauteur de plafond,9 pi,1,0,,Type de coin,Non,1,0,,Style de porte,Shaker,1,0,,Moulure,3 po,1,0,,Couleur,Blanc Pur,1,0,,U9-21-12-54,Armoire murale,Armoires de cuisine > Armoires murales,,1,21,,12,54,9 pi,Non,Blanc Pur,3 po,Shaker 3 po - Blanc Pur,Trousse Design p.4
variable,UC-24-12-54,Armoire murale - 24 x 12 x 54 po,0,0,visible,"Armoire murale Dilamco, dimensions 24 x 12 x 54 po. Finition Shaker disponible selon les variantes.","Module Dilamco armoire murale (U9-24-12-54), dimensions 24 x 12 x 54 po. Cabinet en contreplaqué avec fini intérieur en placage de bouleau. Porte HDF avec moulure en bouleau. Fini extérieur assorti à la porte selon la finition choisie. Prix, disponibilité, panneaux de finition, fillers et installation à confirmer avant publication.",,,taxable,1,,0,0,0,Armoires de cuisine > Armoires murales,"Dilamco, armoires, Shaker, catalogue technique",,,0,Type de module,Armoire murale,1,0,,Largeur,24,1,0,,Largeur B,,0,0,,Profondeur,12,1,0,,Hauteur,54,1,0,,Hauteur de plafond,9 pi,1,0,,Type de coin,Non,1,0,,Style de porte,Shaker,1,0,Shaker,Moulure,1 po | 3 po,1,0,1 po,Couleur,Blanc Pur,1,0,Blanc Pur,U9-24-12-54,Armoire murale,Armoires de cuisine > Armoires murales,,2,24,,12,54,9 pi,Non,,,,Trousse Design p.4
variation,UC-24-12-54-BP1,Armoire murale - 24 x 12 x 54 po - Shaker 1 po - Blanc Pur,0,0,visible,"Armoire murale Dilamco, dimensions 24 x 12 x 54 po. Finition Shaker disponible selon les variantes.","Module Dilamco armoire murale (U9-24-12-54), dimensions 24 x 12 x 54 po. Cabinet en contreplaqué avec fini intérieur en placage de bouleau. Porte HDF avec moulure en bouleau. Fini extérieur assorti à la porte selon la finition choisie. Prix, disponibilité, panneaux de finition, fillers et installation à confirmer avant publication.",,,taxable,1,,0,0,0,Armoires de cuisine > Armoires murales,"Dilamco, armoires, Shaker, catalogue technique",,sku:U9-24-12-54,1,Type de module,Armoire murale,1,0,,Largeur,24,1,0,,Largeur B,,0,0,,Profondeur,12,1,0,,Hauteur,54,1,0,,Hauteur de plafond,9 pi,1,0,,Type de coin,Non,1,0,,Style de porte,Shaker,1,0,,Moulure,1 po,1,0,,Couleur,Blanc Pur,1,0,,U9-24-12-54,Armoire murale,Armoires de cuisine > Armoires murales,,2,24,,12,54,9 pi,Non,Blanc Pur,1 po,Shaker 1 po - Blanc Pur,Trousse Design p.4
variation,UC-24-12-54-BP3,Armoire murale - 24 x 12 x 54 po - Shaker 3 po - Blanc Pur,0,0,visible,"Armoire murale Dilamco, dimensions 24 x 12 x 54 po. Finition Shaker disponible selon les variantes.","Module Dilamco armoire murale (U9-24-12-54), dimensions 24 x 12 x 54 po. Cabinet en contreplaqué avec fini intérieur en placage de bouleau. Porte HDF avec moulure en bouleau. Fini extérieur assorti à la porte selon la finition choisie. Prix, disponibilité, panneaux de finition, fillers et installation à confirmer avant publication.",,,taxable,1,,0,0,0,Armoires de cuisine > Armoires murales,"Dilamco, armoires, Shaker, catalogue technique",,sku:U9-24-12-54,2,Type de module,Armoire murale,1,0,,Largeur,24,1,0,,Largeur B,,0,0,,Profondeur,12,1,0,,Hauteur,54,1,0,,Hauteur de plafond,9 pi,1,0,,Type de coin,Non,1,0,,Style de porte,Shaker,1,0,,Moulure,3 po,1,0,,Couleur,Blanc Pur,1,0,,U9-24-12-54,Armoire murale,Armoires de cuisine > Armoires murales,,2,24,,12,54,9 pi,Non,Blanc Pur,3 po,Shaker 3 po - Blanc Pur,Trousse Design p.4
variable,UC-27-12-54,Armoire murale - 27 x 12 x 54 po,0,0,visible,"Armoire murale Dilamco, dimensions 27 x 12 x 54 po. Finition Shaker disponible selon les variantes.","Module Dilamco armoire murale (U9-27-12-54), dimensions 27 x 12 x 54 po. Cabinet en contreplaqué avec fini intérieur en placage de bouleau. Porte HDF avec moulure en bouleau. Fini extérieur assorti à la porte selon la finition choisie. Prix, disponibilité, panneaux de finition, fillers et installation à confirmer avant publication.",,,taxable,1,,0,0,0,Armoires de cuisine > Armoires murales,"Dilamco, armoires, Shaker, catalogue technique",,,0,Type de module,Armoire murale,1,0,,Largeur,27,1,0,,Largeur B,,0,0,,Profondeur,12,1,0,,Hauteur,54,1,0,,Hauteur de plafond,9 pi,1,0,,Type de coin,Non,1,0,,Style de porte,Shaker,1,0,Shaker,Moulure,1 po | 3 po,1,0,1 po,Couleur,Blanc Pur,1,0,Blanc Pur,U9-27-12-54,Armoire murale,Armoires de cuisine > Armoires murales,,2,27,,12,54,9 pi,Non,,,,Trousse Design p.4
variation,UC-27-12-54-BP1,Armoire murale - 27 x 12 x 54 po - Shaker 1 po - Blanc Pur,0,0,visible,"Armoire murale Dilamco, dimensions 27 x 12 x 54 po. Finition Shaker disponible selon les variantes.","Module Dilamco armoire murale (U9-27-12-54), dimensions 27 x 12 x 54 po. Cabinet en contreplaqué avec fini intérieur en placage de bouleau. Porte HDF avec moulure en bouleau. Fini extérieur assorti à la porte selon la finition choisie. Prix, disponibilité, panneaux de finition, fillers et installation à confirmer avant publication.",,,taxable,1,,0,0,0,Armoires de cuisine > Armoires murales,"Dilamco, armoires, Shaker, catalogue technique",,sku:U9-27-12-54,1,Type de module,Armoire murale,1,0,,Largeur,27,1,0,,Largeur B,,0,0,,Profondeur,12,1,0,,Hauteur,54,1,0,,Hauteur de plafond,9 pi,1,0,,Type de coin,Non,1,0,,Style de porte,Shaker,1,0,,Moulure,1 po,1,0,,Couleur,Blanc Pur,1,0,,U9-27-12-54,Armoire murale,Armoires de cuisine > Armoires murales,,2,27,,12,54,9 pi,Non,Blanc Pur,1 po,Shaker 1 po - Blanc Pur,Trousse Design p.4
variation,UC-27-12-54-BP3,Armoire murale - 27 x 12 x 54 po - Shaker 3 po - Blanc Pur,0,0,visible,"Armoire murale Dilamco, dimensions 27 x 12 x 54 po. Finition Shaker disponible selon les variantes.","Module Dilamco armoire murale (U9-27-12-54), dimensions 27 x 12 x 54 po. Cabinet en contreplaqué avec fini intérieur en placage de bouleau. Porte HDF avec moulure en bouleau. Fini extérieur assorti à la porte selon la finition choisie. Prix, disponibilité, panneaux de finition, fillers et installation à confirmer avant publication.",,,taxable,1,,0,0,0,Armoires de cuisine > Armoires murales,"Dilamco, armoires, Shaker, catalogue technique",,sku:U9-27-12-54,2,Type de module,Armoire murale,1,0,,Largeur,27,1,0,,Largeur B,,0,0,,Profondeur,12,1,0,,Hauteur,54,1,0,,Hauteur de plafond,9 pi,1,0,,Type de coin,Non,1,0,,Style de porte,Shaker,1,0,,Moulure,3 po,1,0,,Couleur,Blanc Pur,1,0,,U9-27-12-54,Armoire murale,Armoires de cuisine > Armoires murales,,2,27,,12,54,9 pi,Non,Blanc Pur,3 po,Shaker 3 po - Blanc Pur,Trousse Design p.4
variable,UC-30-12-54,Armoire murale - 30 x 12 x 54 po,0,0,visible,"Armoire murale Dilamco, dimensions 30 x 12 x 54 po. Finition Shaker disponible selon les variantes.","Module Dilamco armoire murale (U9-30-12-54), dimensions 30 x 12 x 54 po. Cabinet en contreplaqué avec fini intérieur en placage de bouleau. Porte HDF avec moulure en bouleau. Fini extérieur assorti à la porte selon la finition choisie. Prix, disponibilité, panneaux de finition, fillers et installation à confirmer avant publication.",,,taxable,1,,0,0,0,Armoires de cuisine > Armoires murales,"Dilamco, armoires, Shaker, catalogue technique",,,0,Type de module,Armoire murale,1,0,,Largeur,30,1,0,,Largeur B,,0,0,,Profondeur,12,1,0,,Hauteur,54,1,0,,Hauteur de plafond,9 pi,1,0,,Type de coin,Non,1,0,,Style de porte,Shaker,1,0,Shaker,Moulure,1 po | 3 po,1,0,1 po,Couleur,Blanc Pur,1,0,Blanc Pur,U9-30-12-54,Armoire murale,Armoires de cuisine > Armoires murales,,2,30,,12,54,9 pi,Non,,,,Trousse Design p.4
variation,UC-30-12-54-BP1,Armoire murale - 30 x 12 x 54 po - Shaker 1 po - Blanc Pur,0,0,visible,"Armoire murale Dilamco, dimensions 30 x 12 x 54 po. Finition Shaker disponible selon les variantes.","Module Dilamco armoire murale (U9-30-12-54), dimensions 30 x 12 x 54 po. Cabinet en contreplaqué avec fini intérieur en placage de bouleau. Porte HDF avec moulure en bouleau. Fini extérieur assorti à la porte selon la finition choisie. Prix, disponibilité, panneaux de finition, fillers et installation à confirmer avant publication.",,,taxable,1,,0,0,0,Armoires de cuisine > Armoires murales,"Dilamco, armoires, Shaker, catalogue technique",,sku:U9-30-12-54,1,Type de module,Armoire murale,1,0,,Largeur,30,1,0,,Largeur B,,0,0,,Profondeur,12,1,0,,Hauteur,54,1,0,,Hauteur de plafond,9 pi,1,0,,Type de coin,Non,1,0,,Style de porte,Shaker,1,0,,Moulure,1 po,1,0,,Couleur,Blanc Pur,1,0,,U9-30-12-54,Armoire murale,Armoires de cuisine > Armoires murales,,2,30,,12,54,9 pi,Non,Blanc Pur,1 po,Shaker 1 po - Blanc Pur,Trousse Design p.4
variation,UC-30-12-54-BP3,Armoire murale - 30 x 12 x 54 po - Shaker 3 po - Blanc Pur,0,0,visible,"Armoire murale Dilamco, dimensions 30 x 12 x 54 po. Finition Shaker disponible selon les variantes.","Module Dilamco armoire murale (U9-30-12-54), dimensions 30 x 12 x 54 po. Cabinet en contreplaqué avec fini intérieur en placage de bouleau. Porte HDF avec moulure en bouleau. Fini extérieur assorti à la porte selon la finition choisie. Prix, disponibilité, panneaux de finition, fillers et installation à confirmer avant publication.",,,taxable,1,,0,0,0,Armoires de cuisine > Armoires murales,"Dilamco, armoires, Shaker, catalogue technique",,sku:U9-30-12-54,2,Type de module,Armoire murale,1,0,,Largeur,30,1,0,,Largeur B,,0,0,,Profondeur,12,1,0,,Hauteur,54,1,0,,Hauteur de plafond,9 pi,1,0,,Type de coin,Non,1,0,,Style de porte,Shaker,1,0,,Moulure,3 po,1,0,,Couleur,Blanc Pur,1,0,,U9-30-12-54,Armoire murale,Armoires de cuisine > Armoires murales,,2,30,,12,54,9 pi,Non,Blanc Pur,3 po,Shaker 3 po - Blanc Pur,Trousse Design p.4
variable,UC-33-12-54,Armoire murale - 33 x 12 x 54 po,0,0,visible,"Armoire murale Dilamco, dimensions 33 x 12 x 54 po. Finition Shaker disponible selon les variantes.","Module Dilamco armoire murale (U9-33-12-54), dimensions 33 x 12 x 54 po. Cabinet en contreplaqué avec fini intérieur en placage de bouleau. Porte HDF avec moulure en bouleau. Fini extérieur assorti à la porte selon la finition choisie. Prix, disponibilité, panneaux de finition, fillers et installation à confirmer avant publication.",,,taxable,1,,0,0,0,Armoires de cuisine > Armoires murales,"Dilamco, armoires, Shaker, catalogue technique",,,0,Type de module,Armoire murale,1,0,,Largeur,33,1,0,,Largeur B,,0,0,,Profondeur,12,1,0,,Hauteur,54,1,0,,Hauteur de plafond,9 pi,1,0,,Type de coin,Non,1,0,,Style de porte,Shaker,1,0,Shaker,Moulure,1 po | 3 po,1,0,1 po,Couleur,Blanc Pur,1,0,Blanc Pur,U9-33-12-54,Armoire murale,Armoires de cuisine > Armoires murales,,2,33,,12,54,9 pi,Non,,,,Trousse Design p.4
variation,UC-33-12-54-BP1,Armoire murale - 33 x 12 x 54 po - Shaker 1 po - Blanc Pur,0,0,visible,"Armoire murale Dilamco, dimensions 33 x 12 x 54 po. Finition Shaker disponible selon les variantes.","Module Dilamco armoire murale (U9-33-12-54), dimensions 33 x 12 x 54 po. Cabinet en contreplaqué avec fini intérieur en placage de bouleau. Porte HDF avec moulure en bouleau. Fini extérieur assorti à la porte selon la finition choisie. Prix, disponibilité, panneaux de finition, fillers et installation à confirmer avant publication.",,,taxable,1,,0,0,0,Armoires de cuisine > Armoires murales,"Dilamco, armoires, Shaker, catalogue technique",,sku:U9-33-12-54,1,Type de module,Armoire murale,1,0,,Largeur,33,1,0,,Largeur B,,0,0,,Profondeur,12,1,0,,Hauteur,54,1,0,,Hauteur de plafond,9 pi,1,0,,Type de coin,Non,1,0,,Style de porte,Shaker,1,0,,Moulure,1 po,1,0,,Couleur,Blanc Pur,1,0,,U9-33-12-54,Armoire murale,Armoires de cuisine > Armoires murales,,2,33,,12,54,9 pi,Non,Blanc Pur,1 po,Shaker 1 po - Blanc Pur,Trousse Design p.4
variation,UC-33-12-54-BP3,Armoire murale - 33 x 12 x 54 po - Shaker 3 po - Blanc Pur,0,0,visible,"Armoire murale Dilamco, dimensions 33 x 12 x 54 po. Finition Shaker disponible selon les variantes.","Module Dilamco armoire murale (U9-33-12-54), dimensions 33 x 12 x 54 po. Cabinet en contreplaqué avec fini intérieur en placage de bouleau. Porte HDF avec moulure en bouleau. Fini extérieur assorti à la porte selon la finition choisie. Prix, disponibilité, panneaux de finition, fillers et installation à confirmer avant publication.",,,taxable,1,,0,0,0,Armoires de cuisine > Armoires murales,"Dilamco, armoires, Shaker, catalogue technique",,sku:U9-33-12-54,2,Type de module,Armoire murale,1,0,,Largeur,33,1,0,,Largeur B,,0,0,,Profondeur,12,1,0,,Hauteur,54,1,0,,Hauteur de plafond,9 pi,1,0,,Type de coin,Non,1,0,,Style de porte,Shaker,1,0,,Moulure,3 po,1,0,,Couleur,Blanc Pur,1,0,,U9-33-12-54,Armoire murale,Armoires de cuisine > Armoires murales,,2,33,,12,54,9 pi,Non,Blanc Pur,3 po,Shaker 3 po - Blanc Pur,Trousse Design p.4
variable,UC-36-12-54,Armoire murale - 36 x 12 x 54 po,0,0,visible,"Armoire murale Dilamco, dimensions 36 x 12 x 54 po. Finition Shaker disponible selon les variantes.","Module Dilamco armoire murale (U9-36-12-54), dimensions 36 x 12 x 54 po. Cabinet en contreplaqué avec fini intérieur en placage de bouleau. Porte HDF avec moulure en bouleau. Fini extérieur assorti à la porte selon la finition choisie. Prix, disponibilité, panneaux de finition, fillers et installation à confirmer avant publication.",,,taxable,1,,0,0,0,Armoires de cuisine > Armoires murales,"Dilamco, armoires, Shaker, catalogue technique",,,0,Type de module,Armoire murale,1,0,,Largeur,36,1,0,,Largeur B,,0,0,,Profondeur,12,1,0,,Hauteur,54,1,0,,Hauteur de plafond,9 pi,1,0,,Type de coin,Non,1,0,,Style de porte,Shaker,1,0,Shaker,Moulure,1 po | 3 po,1,0,1 po,Couleur,Blanc Pur,1,0,Blanc Pur,U9-36-12-54,Armoire murale,Armoires de cuisine > Armoires murales,,2,36,,12,54,9 pi,Non,,,,Trousse Design p.4
variation,UC-36-12-54-BP1,Armoire murale - 36 x 12 x 54 po - Shaker 1 po - Blanc Pur,0,0,visible,"Armoire murale Dilamco, dimensions 36 x 12 x 54 po. Finition Shaker disponible selon les variantes.","Module Dilamco armoire murale (U9-36-12-54), dimensions 36 x 12 x 54 po. Cabinet en contreplaqué avec fini intérieur en placage de bouleau. Porte HDF avec moulure en bouleau. Fini extérieur assorti à la porte selon la finition choisie. Prix, disponibilité, panneaux de finition, fillers et installation à confirmer avant publication.",,,taxable,1,,0,0,0,Armoires de cuisine > Armoires murales,"Dilamco, armoires, Shaker, catalogue technique",,sku:U9-36-12-54,1,Type de module,Armoire murale,1,0,,Largeur,36,1,0,,Largeur B,,0,0,,Profondeur,12,1,0,,Hauteur,54,1,0,,Hauteur de plafond,9 pi,1,0,,Type de coin,Non,1,0,,Style de porte,Shaker,1,0,,Moulure,1 po,1,0,,Couleur,Blanc Pur,1,0,,U9-36-12-54,Armoire murale,Armoires de cuisine > Armoires murales,,2,36,,12,54,9 pi,Non,Blanc Pur,1 po,Shaker 1 po - Blanc Pur,Trousse Design p.4
variation,UC-36-12-54-BP3,Armoire murale - 36 x 12 x 54 po - Shaker 3 po - Blanc Pur,0,0,visible,"Armoire murale Dilamco, dimensions 36 x 12 x 54 po. Finition Shaker disponible selon les variantes.","Module Dilamco armoire murale (U9-36-12-54), dimensions 36 x 12 x 54 po. Cabinet en contreplaqué avec fini intérieur en placage de bouleau. Porte HDF avec moulure en bouleau. Fini extérieur assorti à la porte selon la finition choisie. Prix, disponibilité, panneaux de finition, fillers et installation à confirmer avant publication.",,,taxable,1,,0,0,0,Armoires de cuisine > Armoires murales,"Dilamco, armoires, Shaker, catalogue technique",,sku:U9-36-12-54,2,Type de module,Armoire murale,1,0,,Largeur,36,1,0,,Largeur B,,0,0,,Profondeur,12,1,0,,Hauteur,54,1,0,,Hauteur de plafond,9 pi,1,0,,Type de coin,Non,1,0,,Style de porte,Shaker,1,0,,Moulure,3 po,1,0,,Couleur,Blanc Pur,1,0,,U9-36-12-54,Armoire murale,Armoires de cuisine > Armoires murales,,2,36,,12,54,9 pi,Non,Blanc Pur,3 po,Shaker 3 po - Blanc Pur,Trousse Design p.4
variable,UF-24-24-12,Armoire au-dessus du réfrigérateur - 24 x 24 x 12 po,0,0,visible,"Armoire au-dessus du réfrigérateur Dilamco, dimensions 24 x 24 x 12 po. Finition Shaker disponible selon les variantes.","Module Dilamco armoire au-dessus du réfrigérateur (UF-24-24-12), dimensions 24 x 24 x 12 po. Cabinet en contreplaqué avec fini intérieur en placage de bouleau. Porte HDF avec moulure en bouleau. Fini extérieur assorti à la porte selon la finition choisie. Prix, disponibilité, panneaux de finition, fillers et installation à confirmer avant publication.",,,taxable,1,,0,0,0,Armoires de cuisine > Armoires au-dessus du réfrigérateur,"Dilamco, armoires, Shaker, catalogue technique",,,0,Type de module,Armoire murale profonde,1,0,,Largeur,24,1,0,,Largeur B,,0,0,,Profondeur,24,1,0,,Hauteur,12,1,0,,Hauteur de plafond,,0,0,,Type de coin,Non,1,0,,Style de porte,Shaker,1,0,Shaker,Moulure,1 po | 3 po,1,0,1 po,Couleur,Blanc Pur,1,0,Blanc Pur,UF-24-24-12,Armoire au-dessus du réfrigérateur,Armoires de cuisine > Armoires au-dessus du réfrigérateur,,2,24,,24,12,,Non,,,,Trousse Design p.5
variation,UF-24-24-12-BP1,Armoire au-dessus du réfrigérateur - 24 x 24 x 12 po - Shaker 1 po - Blanc Pur,0,0,visible,"Armoire au-dessus du réfrigérateur Dilamco, dimensions 24 x 24 x 12 po. Finition Shaker disponible selon les variantes.","Module Dilamco armoire au-dessus du réfrigérateur (UF-24-24-12), dimensions 24 x 24 x 12 po. Cabinet en contreplaqué avec fini intérieur en placage de bouleau. Porte HDF avec moulure en bouleau. Fini extérieur assorti à la porte selon la finition choisie. Prix, disponibilité, panneaux de finition, fillers et installation à confirmer avant publication.",,,taxable,1,,0,0,0,Armoires de cuisine > Armoires au-dessus du réfrigérateur,"Dilamco, armoires, Shaker, catalogue technique",,sku:UF-24-24-12,1,Type de module,Armoire murale profonde,1,0,,Largeur,24,1,0,,Largeur B,,0,0,,Profondeur,24,1,0,,Hauteur,12,1,0,,Hauteur de plafond,,0,0,,Type de coin,Non,1,0,,Style de porte,Shaker,1,0,,Moulure,1 po,1,0,,Couleur,Blanc Pur,1,0,,UF-24-24-12,Armoire au-dessus du réfrigérateur,Armoires de cuisine > Armoires au-dessus du réfrigérateur,,2,24,,24,12,,Non,Blanc Pur,1 po,Shaker 1 po - Blanc Pur,Trousse Design p.5
variation,UF-24-24-12-BP3,Armoire au-dessus du réfrigérateur - 24 x 24 x 12 po - Shaker 3 po - Blanc Pur,0,0,visible,"Armoire au-dessus du réfrigérateur Dilamco, dimensions 24 x 24 x 12 po. Finition Shaker disponible selon les variantes.","Module Dilamco armoire au-dessus du réfrigérateur (UF-24-24-12), dimensions 24 x 24 x 12 po. Cabinet en contreplaqué avec fini intérieur en placage de bouleau. Porte HDF avec moulure en bouleau. Fini extérieur assorti à la porte selon la finition choisie. Prix, disponibilité, panneaux de finition, fillers et installation à confirmer avant publication.",,,taxable,1,,0,0,0,Armoires de cuisine > Armoires au-dessus du réfrigérateur,"Dilamco, armoires, Shaker, catalogue technique",,sku:UF-24-24-12,2,Type de module,Armoire murale profonde,1,0,,Largeur,24,1,0,,Largeur B,,0,0,,Profondeur,24,1,0,,Hauteur,12,1,0,,Hauteur de plafond,,0,0,,Type de coin,Non,1,0,,Style de porte,Shaker,1,0,,Moulure,3 po,1,0,,Couleur,Blanc Pur,1,0,,UF-24-24-12,Armoire au-dessus du réfrigérateur,Armoires de cuisine > Armoires au-dessus du réfrigérateur,,2,24,,24,12,,Non,Blanc Pur,3 po,Shaker 3 po - Blanc Pur,Trousse Design p.5
variable,UF-30-24-12,Armoire au-dessus du réfrigérateur - 30 x 24 x 12 po,0,0,visible,"Armoire au-dessus du réfrigérateur Dilamco, dimensions 30 x 24 x 12 po. Finition Shaker disponible selon les variantes.","Module Dilamco armoire au-dessus du réfrigérateur (UF-30-24-12), dimensions 30 x 24 x 12 po. Cabinet en contreplaqué avec fini intérieur en placage de bouleau. Porte HDF avec moulure en bouleau. Fini extérieur assorti à la porte selon la finition choisie. Prix, disponibilité, panneaux de finition, fillers et installation à confirmer avant publication.",,,taxable,1,,0,0,0,Armoires de cuisine > Armoires au-dessus du réfrigérateur,"Dilamco, armoires, Shaker, catalogue technique",,,0,Type de module,Armoire murale profonde,1,0,,Largeur,30,1,0,,Largeur B,,0,0,,Profondeur,24,1,0,,Hauteur,12,1,0,,Hauteur de plafond,,0,0,,Type de coin,Non,1,0,,Style de porte,Shaker,1,0,Shaker,Moulure,1 po | 3 po,1,0,1 po,Couleur,Blanc Pur,1,0,Blanc Pur,UF-30-24-12,Armoire au-dessus du réfrigérateur,Armoires de cuisine > Armoires au-dessus du réfrigérateur,,2,30,,24,12,,Non,,,,Trousse Design p.5
variation,UF-30-24-12-BP1,Armoire au-dessus du réfrigérateur - 30 x 24 x 12 po - Shaker 1 po - Blanc Pur,0,0,visible,"Armoire au-dessus du réfrigérateur Dilamco, dimensions 30 x 24 x 12 po. Finition Shaker disponible selon les variantes.","Module Dilamco armoire au-dessus du réfrigérateur (UF-30-24-12), dimensions 30 x 24 x 12 po. Cabinet en contreplaqué avec fini intérieur en placage de bouleau. Porte HDF avec moulure en bouleau. Fini extérieur assorti à la porte selon la finition choisie. Prix, disponibilité, panneaux de finition, fillers et installation à confirmer avant publication.",,,taxable,1,,0,0,0,Armoires de cuisine > Armoires au-dessus du réfrigérateur,"Dilamco, armoires, Shaker, catalogue technique",,sku:UF-30-24-12,1,Type de module,Armoire murale profonde,1,0,,Largeur,30,1,0,,Largeur B,,0,0,,Profondeur,24,1,0,,Hauteur,12,1,0,,Hauteur de plafond,,0,0,,Type de coin,Non,1,0,,Style de porte,Shaker,1,0,,Moulure,1 po,1,0,,Couleur,Blanc Pur,1,0,,UF-30-24-12,Armoire au-dessus du réfrigérateur,Armoires de cuisine > Armoires au-dessus du réfrigérateur,,2,30,,24,12,,Non,Blanc Pur,1 po,Shaker 1 po - Blanc Pur,Trousse Design p.5
variation,UF-30-24-12-BP3,Armoire au-dessus du réfrigérateur - 30 x 24 x 12 po - Shaker 3 po - Blanc Pur,0,0,visible,"Armoire au-dessus du réfrigérateur Dilamco, dimensions 30 x 24 x 12 po. Finition Shaker disponible selon les variantes.","Module Dilamco armoire au-dessus du réfrigérateur (UF-30-24-12), dimensions 30 x 24 x 12 po. Cabinet en contreplaqué avec fini intérieur en placage de bouleau. Porte HDF avec moulure en bouleau. Fini extérieur assorti à la porte selon la finition choisie. Prix, disponibilité, panneaux de finition, fillers et installation à confirmer avant publication.",,,taxable,1,,0,0,0,Armoires de cuisine > Armoires au-dessus du réfrigérateur,"Dilamco, armoires, Shaker, catalogue technique",,sku:UF-30-24-12,2,Type de module,Armoire murale profonde,1,0,,Largeur,30,1,0,,Largeur B,,0,0,,Profondeur,24,1,0,,Hauteur,12,1,0,,Hauteur de plafond,,0,0,,Type de coin,Non,1,0,,Style de porte,Shaker,1,0,,Moulure,3 po,1,0,,Couleur,Blanc Pur,1,0,,UF-30-24-12,Armoire au-dessus du réfrigérateur,Armoires de cuisine > Armoires au-dessus du réfrigérateur,,2,30,,24,12,,Non,Blanc Pur,3 po,Shaker 3 po - Blanc Pur,Trousse Design p.5
variable,UF-36-24-12,Armoire au-dessus du réfrigérateur - 36 x 24 x 12 po,0,0,visible,"Armoire au-dessus du réfrigérateur Dilamco, dimensions 36 x 24 x 12 po. Finition Shaker disponible selon les variantes.","Module Dilamco armoire au-dessus du réfrigérateur (UF-36-24-12), dimensions 36 x 24 x 12 po. Cabinet en contreplaqué avec fini intérieur en placage de bouleau. Porte HDF avec moulure en bouleau. Fini extérieur assorti à la porte selon la finition choisie. Prix, disponibilité, panneaux de finition, fillers et installation à confirmer avant publication.",,,taxable,1,,0,0,0,Armoires de cuisine > Armoires au-dessus du réfrigérateur,"Dilamco, armoires, Shaker, catalogue technique",,,0,Type de module,Armoire murale profonde,1,0,,Largeur,36,1,0,,Largeur B,,0,0,,Profondeur,24,1,0,,Hauteur,12,1,0,,Hauteur de plafond,,0,0,,Type de coin,Non,1,0,,Style de porte,Shaker,1,0,Shaker,Moulure,1 po | 3 po,1,0,1 po,Couleur,Blanc Pur,1,0,Blanc Pur,UF-36-24-12,Armoire au-dessus du réfrigérateur,Armoires de cuisine > Armoires au-dessus du réfrigérateur,,2,36,,24,12,,Non,,,,Trousse Design p.5
variation,UF-36-24-12-BP1,Armoire au-dessus du réfrigérateur - 36 x 24 x 12 po - Shaker 1 po - Blanc Pur,0,0,visible,"Armoire au-dessus du réfrigérateur Dilamco, dimensions 36 x 24 x 12 po. Finition Shaker disponible selon les variantes.","Module Dilamco armoire au-dessus du réfrigérateur (UF-36-24-12), dimensions 36 x 24 x 12 po. Cabinet en contreplaqué avec fini intérieur en placage de bouleau. Porte HDF avec moulure en bouleau. Fini extérieur assorti à la porte selon la finition choisie. Prix, disponibilité, panneaux de finition, fillers et installation à confirmer avant publication.",,,taxable,1,,0,0,0,Armoires de cuisine > Armoires au-dessus du réfrigérateur,"Dilamco, armoires, Shaker, catalogue technique",,sku:UF-36-24-12,1,Type de module,Armoire murale profonde,1,0,,Largeur,36,1,0,,Largeur B,,0,0,,Profondeur,24,1,0,,Hauteur,12,1,0,,Hauteur de plafond,,0,0,,Type de coin,Non,1,0,,Style de porte,Shaker,1,0,,Moulure,1 po,1,0,,Couleur,Blanc Pur,1,0,,UF-36-24-12,Armoire au-dessus du réfrigérateur,Armoires de cuisine > Armoires au-dessus du réfrigérateur,,2,36,,24,12,,Non,Blanc Pur,1 po,Shaker 1 po - Blanc Pur,Trousse Design p.5
variation,UF-36-24-12-BP3,Armoire au-dessus du réfrigérateur - 36 x 24 x 12 po - Shaker 3 po - Blanc Pur,0,0,visible,"Armoire au-dessus du réfrigérateur Dilamco, dimensions 36 x 24 x 12 po. Finition Shaker disponible selon les variantes.","Module Dilamco armoire au-dessus du réfrigérateur (UF-36-24-12), dimensions 36 x 24 x 12 po. Cabinet en contreplaqué avec fini intérieur en placage de bouleau. Porte HDF avec moulure en bouleau. Fini extérieur assorti à la porte selon la finition choisie. Prix, disponibilité, panneaux de finition, fillers et installation à confirmer avant publication.",,,taxable,1,,0,0,0,Armoires de cuisine > Armoires au-dessus du réfrigérateur,"Dilamco, armoires, Shaker, catalogue technique",,sku:UF-36-24-12,2,Type de module,Armoire murale profonde,1,0,,Largeur,36,1,0,,Largeur B,,0,0,,Profondeur,24,1,0,,Hauteur,12,1,0,,Hauteur de plafond,,0,0,,Type de coin,Non,1,0,,Style de porte,Shaker,1,0,,Moulure,3 po,1,0,,Couleur,Blanc Pur,1,0,,UF-36-24-12,Armoire au-dessus du réfrigérateur,Armoires de cuisine > Armoires au-dessus du réfrigérateur,,2,36,,24,12,,Non,Blanc Pur,3 po,Shaker 3 po - Blanc Pur,Trousse Design p.5
variable,UF-24-24-15,Armoire au-dessus du réfrigérateur - 24 x 24 x 15 po,0,0,visible,"Armoire au-dessus du réfrigérateur Dilamco, dimensions 24 x 24 x 15 po. Finition Shaker disponible selon les variantes.","Module Dilamco armoire au-dessus du réfrigérateur (UF-24-24-15), dimensions 24 x 24 x 15 po. Cabinet en contreplaqué avec fini intérieur en placage de bouleau. Porte HDF avec moulure en bouleau. Fini extérieur assorti à la porte selon la finition choisie. Prix, disponibilité, panneaux de finition, fillers et installation à confirmer avant publication.",,,taxable,1,,0,0,0,Armoires de cuisine > Armoires au-dessus du réfrigérateur,"Dilamco, armoires, Shaker, catalogue technique",,,0,Type de module,Armoire murale profonde,1,0,,Largeur,24,1,0,,Largeur B,,0,0,,Profondeur,24,1,0,,Hauteur,15,1,0,,Hauteur de plafond,,0,0,,Type de coin,Non,1,0,,Style de porte,Shaker,1,0,Shaker,Moulure,1 po | 3 po,1,0,1 po,Couleur,Blanc Pur,1,0,Blanc Pur,UF-24-24-15,Armoire au-dessus du réfrigérateur,Armoires de cuisine > Armoires au-dessus du réfrigérateur,,2,24,,24,15,,Non,,,,Trousse Design p.5
variation,UF-24-24-15-BP1,Armoire au-dessus du réfrigérateur - 24 x 24 x 15 po - Shaker 1 po - Blanc Pur,0,0,visible,"Armoire au-dessus du réfrigérateur Dilamco, dimensions 24 x 24 x 15 po. Finition Shaker disponible selon les variantes.","Module Dilamco armoire au-dessus du réfrigérateur (UF-24-24-15), dimensions 24 x 24 x 15 po. Cabinet en contreplaqué avec fini intérieur en placage de bouleau. Porte HDF avec moulure en bouleau. Fini extérieur assorti à la porte selon la finition choisie. Prix, disponibilité, panneaux de finition, fillers et installation à confirmer avant publication.",,,taxable,1,,0,0,0,Armoires de cuisine > Armoires au-dessus du réfrigérateur,"Dilamco, armoires, Shaker, catalogue technique",,sku:UF-24-24-15,1,Type de module,Armoire murale profonde,1,0,,Largeur,24,1,0,,Largeur B,,0,0,,Profondeur,24,1,0,,Hauteur,15,1,0,,Hauteur de plafond,,0,0,,Type de coin,Non,1,0,,Style de porte,Shaker,1,0,,Moulure,1 po,1,0,,Couleur,Blanc Pur,1,0,,UF-24-24-15,Armoire au-dessus du réfrigérateur,Armoires de cuisine > Armoires au-dessus du réfrigérateur,,2,24,,24,15,,Non,Blanc Pur,1 po,Shaker 1 po - Blanc Pur,Trousse Design p.5
variation,UF-24-24-15-BP3,Armoire au-dessus du réfrigérateur - 24 x 24 x 15 po - Shaker 3 po - Blanc Pur,0,0,visible,"Armoire au-dessus du réfrigérateur Dilamco, dimensions 24 x 24 x 15 po. Finition Shaker disponible selon les variantes.","Module Dilamco armoire au-dessus du réfrigérateur (UF-24-24-15), dimensions 24 x 24 x 15 po. Cabinet en contreplaqué avec fini intérieur en placage de bouleau. Porte HDF avec moulure en bouleau. Fini extérieur assorti à la porte selon la finition choisie. Prix, disponibilité, panneaux de finition, fillers et installation à confirmer avant publication.",,,taxable,1,,0,0,0,Armoires de cuisine > Armoires au-dessus du réfrigérateur,"Dilamco, armoires, Shaker, catalogue technique",,sku:UF-24-24-15,2,Type de module,Armoire murale profonde,1,0,,Largeur,24,1,0,,Largeur B,,0,0,,Profondeur,24,1,0,,Hauteur,15,1,0,,Hauteur de plafond,,0,0,,Type de coin,Non,1,0,,Style de porte,Shaker,1,0,,Moulure,3 po,1,0,,Couleur,Blanc Pur,1,0,,UF-24-24-15,Armoire au-dessus du réfrigérateur,Armoires de cuisine > Armoires au-dessus du réfrigérateur,,2,24,,24,15,,Non,Blanc Pur,3 po,Shaker 3 po - Blanc Pur,Trousse Design p.5
variable,UF-30-24-15,Armoire au-dessus du réfrigérateur - 30 x 24 x 15 po,0,0,visible,"Armoire au-dessus du réfrigérateur Dilamco, dimensions 30 x 24 x 15 po. Finition Shaker disponible selon les variantes.","Module Dilamco armoire au-dessus du réfrigérateur (UF-30-24-15), dimensions 30 x 24 x 15 po. Cabinet en contreplaqué avec fini intérieur en placage de bouleau. Porte HDF avec moulure en bouleau. Fini extérieur assorti à la porte selon la finition choisie. Prix, disponibilité, panneaux de finition, fillers et installation à confirmer avant publication.",,,taxable,1,,0,0,0,Armoires de cuisine > Armoires au-dessus du réfrigérateur,"Dilamco, armoires, Shaker, catalogue technique",,,0,Type de module,Armoire murale profonde,1,0,,Largeur,30,1,0,,Largeur B,,0,0,,Profondeur,24,1,0,,Hauteur,15,1,0,,Hauteur de plafond,,0,0,,Type de coin,Non,1,0,,Style de porte,Shaker,1,0,Shaker,Moulure,1 po | 3 po,1,0,1 po,Couleur,Blanc Pur,1,0,Blanc Pur,UF-30-24-15,Armoire au-dessus du réfrigérateur,Armoires de cuisine > Armoires au-dessus du réfrigérateur,,2,30,,24,15,,Non,,,,Trousse Design p.5
variation,UF-30-24-15-BP1,Armoire au-dessus du réfrigérateur - 30 x 24 x 15 po - Shaker 1 po - Blanc Pur,0,0,visible,"Armoire au-dessus du réfrigérateur Dilamco, dimensions 30 x 24 x 15 po. Finition Shaker disponible selon les variantes.","Module Dilamco armoire au-dessus du réfrigérateur (UF-30-24-15), dimensions 30 x 24 x 15 po. Cabinet en contreplaqué avec fini intérieur en placage de bouleau. Porte HDF avec moulure en bouleau. Fini extérieur assorti à la porte selon la finition choisie. Prix, disponibilité, panneaux de finition, fillers et installation à confirmer avant publication.",,,taxable,1,,0,0,0,Armoires de cuisine > Armoires au-dessus du réfrigérateur,"Dilamco, armoires, Shaker, catalogue technique",,sku:UF-30-24-15,1,Type de module,Armoire murale profonde,1,0,,Largeur,30,1,0,,Largeur B,,0,0,,Profondeur,24,1,0,,Hauteur,15,1,0,,Hauteur de plafond,,0,0,,Type de coin,Non,1,0,,Style de porte,Shaker,1,0,,Moulure,1 po,1,0,,Couleur,Blanc Pur,1,0,,UF-30-24-15,Armoire au-dessus du réfrigérateur,Armoires de cuisine > Armoires au-dessus du réfrigérateur,,2,30,,24,15,,Non,Blanc Pur,1 po,Shaker 1 po - Blanc Pur,Trousse Design p.5
variation,UF-30-24-15-BP3,Armoire au-dessus du réfrigérateur - 30 x 24 x 15 po - Shaker 3 po - Blanc Pur,0,0,visible,"Armoire au-dessus du réfrigérateur Dilamco, dimensions 30 x 24 x 15 po. Finition Shaker disponible selon les variantes.","Module Dilamco armoire au-dessus du réfrigérateur (UF-30-24-15), dimensions 30 x 24 x 15 po. Cabinet en contreplaqué avec fini intérieur en placage de bouleau. Porte HDF avec moulure en bouleau. Fini extérieur assorti à la porte selon la finition choisie. Prix, disponibilité, panneaux de finition, fillers et installation à confirmer avant publication.",,,taxable,1,,0,0,0,Armoires de cuisine > Armoires au-dessus du réfrigérateur,"Dilamco, armoires, Shaker, catalogue technique",,sku:UF-30-24-15,2,Type de module,Armoire murale profonde,1,0,,Largeur,30,1,0,,Largeur B,,0,0,,Profondeur,24,1,0,,Hauteur,15,1,0,,Hauteur de plafond,,0,0,,Type de coin,Non,1,0,,Style de porte,Shaker,1,0,,Moulure,3 po,1,0,,Couleur,Blanc Pur,1,0,,UF-30-24-15,Armoire au-dessus du réfrigérateur,Armoires de cuisine > Armoires au-dessus du réfrigérateur,,2,30,,24,15,,Non,Blanc Pur,3 po,Shaker 3 po - Blanc Pur,Trousse Design p.5
variable,UF-36-24-15,Armoire au-dessus du réfrigérateur - 36 x 24 x 15 po,0,0,visible,"Armoire au-dessus du réfrigérateur Dilamco, dimensions 36 x 24 x 15 po. Finition Shaker disponible selon les variantes.","Module Dilamco armoire au-dessus du réfrigérateur (UF-36-24-15), dimensions 36 x 24 x 15 po. Cabinet en contreplaqué avec fini intérieur en placage de bouleau. Porte HDF avec moulure en bouleau. Fini extérieur assorti à la porte selon la finition choisie. Prix, disponibilité, panneaux de finition, fillers et installation à confirmer avant publication.",,,taxable,1,,0,0,0,Armoires de cuisine > Armoires au-dessus du réfrigérateur,"Dilamco, armoires, Shaker, catalogue technique",,,0,Type de module,Armoire murale profonde,1,0,,Largeur,36,1,0,,Largeur B,,0,0,,Profondeur,24,1,0,,Hauteur,15,1,0,,Hauteur de plafond,,0,0,,Type de coin,Non,1,0,,Style de porte,Shaker,1,0,Shaker,Moulure,1 po | 3 po,1,0,1 po,Couleur,Blanc Pur,1,0,Blanc Pur,UF-36-24-15,Armoire au-dessus du réfrigérateur,Armoires de cuisine > Armoires au-dessus du réfrigérateur,,2,36,,24,15,,Non,,,,Trousse Design p.5
variation,UF-36-24-15-BP1,Armoire au-dessus du réfrigérateur - 36 x 24 x 15 po - Shaker 1 po - Blanc Pur,0,0,visible,"Armoire au-dessus du réfrigérateur Dilamco, dimensions 36 x 24 x 15 po. Finition Shaker disponible selon les variantes.","Module Dilamco armoire au-dessus du réfrigérateur (UF-36-24-15), dimensions 36 x 24 x 15 po. Cabinet en contreplaqué avec fini intérieur en placage de bouleau. Porte HDF avec moulure en bouleau. Fini extérieur assorti à la porte selon la finition choisie. Prix, disponibilité, panneaux de finition, fillers et installation à confirmer avant publication.",,,taxable,1,,0,0,0,Armoires de cuisine > Armoires au-dessus du réfrigérateur,"Dilamco, armoires, Shaker, catalogue technique",,sku:UF-36-24-15,1,Type de module,Armoire murale profonde,1,0,,Largeur,36,1,0,,Largeur B,,0,0,,Profondeur,24,1,0,,Hauteur,15,1,0,,Hauteur de plafond,,0,0,,Type de coin,Non,1,0,,Style de porte,Shaker,1,0,,Moulure,1 po,1,0,,Couleur,Blanc Pur,1,0,,UF-36-24-15,Armoire au-dessus du réfrigérateur,Armoires de cuisine > Armoires au-dessus du réfrigérateur,,2,36,,24,15,,Non,Blanc Pur,1 po,Shaker 1 po - Blanc Pur,Trousse Design p.5
variation,UF-36-24-15-BP3,Armoire au-dessus du réfrigérateur - 36 x 24 x 15 po - Shaker 3 po - Blanc Pur,0,0,visible,"Armoire au-dessus du réfrigérateur Dilamco, dimensions 36 x 24 x 15 po. Finition Shaker disponible selon les variantes.","Module Dilamco armoire au-dessus du réfrigérateur (UF-36-24-15), dimensions 36 x 24 x 15 po. Cabinet en contreplaqué avec fini intérieur en placage de bouleau. Porte HDF avec moulure en bouleau. Fini extérieur assorti à la porte selon la finition choisie. Prix, disponibilité, panneaux de finition, fillers et installation à confirmer avant publication.",,,taxable,1,,0,0,0,Armoires de cuisine > Armoires au-dessus du réfrigérateur,"Dilamco, armoires, Shaker, catalogue technique",,sku:UF-36-24-15,2,Type de module,Armoire murale profonde,1,0,,Largeur,36,1,0,,Largeur B,,0,0,,Profondeur,24,1,0,,Hauteur,15,1,0,,Hauteur de plafond,,0,0,,Type de coin,Non,1,0,,Style de porte,Shaker,1,0,,Moulure,3 po,1,0,,Couleur,Blanc Pur,1,0,,UF-36-24-15,Armoire au-dessus du réfrigérateur,Armoires de cuisine > Armoires au-dessus du réfrigérateur,,2,36,,24,15,,Non,Blanc Pur,3 po,Shaker 3 po - Blanc Pur,Trousse Design p.5
variable,UF-24-24-18,Armoire au-dessus du réfrigérateur - 24 x 24 x 18 po,0,0,visible,"Armoire au-dessus du réfrigérateur Dilamco, dimensions 24 x 24 x 18 po. Finition Shaker disponible selon les variantes.","Module Dilamco armoire au-dessus du réfrigérateur (UF-24-24-18), dimensions 24 x 24 x 18 po. Cabinet en contreplaqué avec fini intérieur en placage de bouleau. Porte HDF avec moulure en bouleau. Fini extérieur assorti à la porte selon la finition choisie. Prix, disponibilité, panneaux de finition, fillers et installation à confirmer avant publication.",,,taxable,1,,0,0,0,Armoires de cuisine > Armoires au-dessus du réfrigérateur,"Dilamco, armoires, Shaker, catalogue technique",,,0,Type de module,Armoire murale profonde,1,0,,Largeur,24,1,0,,Largeur B,,0,0,,Profondeur,24,1,0,,Hauteur,18,1,0,,Hauteur de plafond,,0,0,,Type de coin,Non,1,0,,Style de porte,Shaker,1,0,Shaker,Moulure,1 po | 3 po,1,0,1 po,Couleur,Blanc Pur,1,0,Blanc Pur,UF-24-24-18,Armoire au-dessus du réfrigérateur,Armoires de cuisine > Armoires au-dessus du réfrigérateur,,2,24,,24,18,,Non,,,,Trousse Design p.5
variation,UF-24-24-18-BP1,Armoire au-dessus du réfrigérateur - 24 x 24 x 18 po - Shaker 1 po - Blanc Pur,0,0,visible,"Armoire au-dessus du réfrigérateur Dilamco, dimensions 24 x 24 x 18 po. Finition Shaker disponible selon les variantes.","Module Dilamco armoire au-dessus du réfrigérateur (UF-24-24-18), dimensions 24 x 24 x 18 po. Cabinet en contreplaqué avec fini intérieur en placage de bouleau. Porte HDF avec moulure en bouleau. Fini extérieur assorti à la porte selon la finition choisie. Prix, disponibilité, panneaux de finition, fillers et installation à confirmer avant publication.",,,taxable,1,,0,0,0,Armoires de cuisine > Armoires au-dessus du réfrigérateur,"Dilamco, armoires, Shaker, catalogue technique",,sku:UF-24-24-18,1,Type de module,Armoire murale profonde,1,0,,Largeur,24,1,0,,Largeur B,,0,0,,Profondeur,24,1,0,,Hauteur,18,1,0,,Hauteur de plafond,,0,0,,Type de coin,Non,1,0,,Style de porte,Shaker,1,0,,Moulure,1 po,1,0,,Couleur,Blanc Pur,1,0,,UF-24-24-18,Armoire au-dessus du réfrigérateur,Armoires de cuisine > Armoires au-dessus du réfrigérateur,,2,24,,24,18,,Non,Blanc Pur,1 po,Shaker 1 po - Blanc Pur,Trousse Design p.5
variation,UF-24-24-18-BP3,Armoire au-dessus du réfrigérateur - 24 x 24 x 18 po - Shaker 3 po - Blanc Pur,0,0,visible,"Armoire au-dessus du réfrigérateur Dilamco, dimensions 24 x 24 x 18 po. Finition Shaker disponible selon les variantes.","Module Dilamco armoire au-dessus du réfrigérateur (UF-24-24-18), dimensions 24 x 24 x 18 po. Cabinet en contreplaqué avec fini intérieur en placage de bouleau. Porte HDF avec moulure en bouleau. Fini extérieur assorti à la porte selon la finition choisie. Prix, disponibilité, panneaux de finition, fillers et installation à confirmer avant publication.",,,taxable,1,,0,0,0,Armoires de cuisine > Armoires au-dessus du réfrigérateur,"Dilamco, armoires, Shaker, catalogue technique",,sku:UF-24-24-18,2,Type de module,Armoire murale profonde,1,0,,Largeur,24,1,0,,Largeur B,,0,0,,Profondeur,24,1,0,,Hauteur,18,1,0,,Hauteur de plafond,,0,0,,Type de coin,Non,1,0,,Style de porte,Shaker,1,0,,Moulure,3 po,1,0,,Couleur,Blanc Pur,1,0,,UF-24-24-18,Armoire au-dessus du réfrigérateur,Armoires de cuisine > Armoires au-dessus du réfrigérateur,,2,24,,24,18,,Non,Blanc Pur,3 po,Shaker 3 po - Blanc Pur,Trousse Design p.5
variable,UF-30-24-18,Armoire au-dessus du réfrigérateur - 30 x 24 x 18 po,0,0,visible,"Armoire au-dessus du réfrigérateur Dilamco, dimensions 30 x 24 x 18 po. Finition Shaker disponible selon les variantes.","Module Dilamco armoire au-dessus du réfrigérateur (UF-30-24-18), dimensions 30 x 24 x 18 po. Cabinet en contreplaqué avec fini intérieur en placage de bouleau. Porte HDF avec moulure en bouleau. Fini extérieur assorti à la porte selon la finition choisie. Prix, disponibilité, panneaux de finition, fillers et installation à confirmer avant publication.",,,taxable,1,,0,0,0,Armoires de cuisine > Armoires au-dessus du réfrigérateur,"Dilamco, armoires, Shaker, catalogue technique",,,0,Type de module,Armoire murale profonde,1,0,,Largeur,30,1,0,,Largeur B,,0,0,,Profondeur,24,1,0,,Hauteur,18,1,0,,Hauteur de plafond,,0,0,,Type de coin,Non,1,0,,Style de porte,Shaker,1,0,Shaker,Moulure,1 po | 3 po,1,0,1 po,Couleur,Blanc Pur,1,0,Blanc Pur,UF-30-24-18,Armoire au-dessus du réfrigérateur,Armoires de cuisine > Armoires au-dessus du réfrigérateur,,2,30,,24,18,,Non,,,,Trousse Design p.5
variation,UF-30-24-18-BP1,Armoire au-dessus du réfrigérateur - 30 x 24 x 18 po - Shaker 1 po - Blanc Pur,0,0,visible,"Armoire au-dessus du réfrigérateur Dilamco, dimensions 30 x 24 x 18 po. Finition Shaker disponible selon les variantes.","Module Dilamco armoire au-dessus du réfrigérateur (UF-30-24-18), dimensions 30 x 24 x 18 po. Cabinet en contreplaqué avec fini intérieur en placage de bouleau. Porte HDF avec moulure en bouleau. Fini extérieur assorti à la porte selon la finition choisie. Prix, disponibilité, panneaux de finition, fillers et installation à confirmer avant publication.",,,taxable,1,,0,0,0,Armoires de cuisine > Armoires au-dessus du réfrigérateur,"Dilamco, armoires, Shaker, catalogue technique",,sku:UF-30-24-18,1,Type de module,Armoire murale profonde,1,0,,Largeur,30,1,0,,Largeur B,,0,0,,Profondeur,24,1,0,,Hauteur,18,1,0,,Hauteur de plafond,,0,0,,Type de coin,Non,1,0,,Style de porte,Shaker,1,0,,Moulure,1 po,1,0,,Couleur,Blanc Pur,1,0,,UF-30-24-18,Armoire au-dessus du réfrigérateur,Armoires de cuisine > Armoires au-dessus du réfrigérateur,,2,30,,24,18,,Non,Blanc Pur,1 po,Shaker 1 po - Blanc Pur,Trousse Design p.5
variation,UF-30-24-18-BP3,Armoire au-dessus du réfrigérateur - 30 x 24 x 18 po - Shaker 3 po - Blanc Pur,0,0,visible,"Armoire au-dessus du réfrigérateur Dilamco, dimensions 30 x 24 x 18 po. Finition Shaker disponible selon les variantes.","Module Dilamco armoire au-dessus du réfrigérateur (UF-30-24-18), dimensions 30 x 24 x 18 po. Cabinet en contreplaqué avec fini intérieur en placage de bouleau. Porte HDF avec moulure en bouleau. Fini extérieur assorti à la porte selon la finition choisie. Prix, disponibilité, panneaux de finition, fillers et installation à confirmer avant publication.",,,taxable,1,,0,0,0,Armoires de cuisine > Armoires au-dessus du réfrigérateur,"Dilamco, armoires, Shaker, catalogue technique",,sku:UF-30-24-18,2,Type de module,Armoire murale profonde,1,0,,Largeur,30,1,0,,Largeur B,,0,0,,Profondeur,24,1,0,,Hauteur,18,1,0,,Hauteur de plafond,,0,0,,Type de coin,Non,1,0,,Style de porte,Shaker,1,0,,Moulure,3 po,1,0,,Couleur,Blanc Pur,1,0,,UF-30-24-18,Armoire au-dessus du réfrigérateur,Armoires de cuisine > Armoires au-dessus du réfrigérateur,,2,30,,24,18,,Non,Blanc Pur,3 po,Shaker 3 po - Blanc Pur,Trousse Design p.5
variable,UF-36-24-18,Armoire au-dessus du réfrigérateur - 36 x 24 x 18 po,0,0,visible,"Armoire au-dessus du réfrigérateur Dilamco, dimensions 36 x 24 x 18 po. Finition Shaker disponible selon les variantes.","Module Dilamco armoire au-dessus du réfrigérateur (UF-36-24-18), dimensions 36 x 24 x 18 po. Cabinet en contreplaqué avec fini intérieur en placage de bouleau. Porte HDF avec moulure en bouleau. Fini extérieur assorti à la porte selon la finition choisie. Prix, disponibilité, panneaux de finition, fillers et installation à confirmer avant publication.",,,taxable,1,,0,0,0,Armoires de cuisine > Armoires au-dessus du réfrigérateur,"Dilamco, armoires, Shaker, catalogue technique",,,0,Type de module,Armoire murale profonde,1,0,,Largeur,36,1,0,,Largeur B,,0,0,,Profondeur,24,1,0,,Hauteur,18,1,0,,Hauteur de plafond,,0,0,,Type de coin,Non,1,0,,Style de porte,Shaker,1,0,Shaker,Moulure,1 po | 3 po,1,0,1 po,Couleur,Blanc Pur,1,0,Blanc Pur,UF-36-24-18,Armoire au-dessus du réfrigérateur,Armoires de cuisine > Armoires au-dessus du réfrigérateur,,2,36,,24,18,,Non,,,,Trousse Design p.5
variation,UF-36-24-18-BP1,Armoire au-dessus du réfrigérateur - 36 x 24 x 18 po - Shaker 1 po - Blanc Pur,0,0,visible,"Armoire au-dessus du réfrigérateur Dilamco, dimensions 36 x 24 x 18 po. Finition Shaker disponible selon les variantes.","Module Dilamco armoire au-dessus du réfrigérateur (UF-36-24-18), dimensions 36 x 24 x 18 po. Cabinet en contreplaqué avec fini intérieur en placage de bouleau. Porte HDF avec moulure en bouleau. Fini extérieur assorti à la porte selon la finition choisie. Prix, disponibilité, panneaux de finition, fillers et installation à confirmer avant publication.",,,taxable,1,,0,0,0,Armoires de cuisine > Armoires au-dessus du réfrigérateur,"Dilamco, armoires, Shaker, catalogue technique",,sku:UF-36-24-18,1,Type de module,Armoire murale profonde,1,0,,Largeur,36,1,0,,Largeur B,,0,0,,Profondeur,24,1,0,,Hauteur,18,1,0,,Hauteur de plafond,,0,0,,Type de coin,Non,1,0,,Style de porte,Shaker,1,0,,Moulure,1 po,1,0,,Couleur,Blanc Pur,1,0,,UF-36-24-18,Armoire au-dessus du réfrigérateur,Armoires de cuisine > Armoires au-dessus du réfrigérateur,,2,36,,24,18,,Non,Blanc Pur,1 po,Shaker 1 po - Blanc Pur,Trousse Design p.5
variation,UF-36-24-18-BP3,Armoire au-dessus du réfrigérateur - 36 x 24 x 18 po - Shaker 3 po - Blanc Pur,0,0,visible,"Armoire au-dessus du réfrigérateur Dilamco, dimensions 36 x 24 x 18 po. Finition Shaker disponible selon les variantes.","Module Dilamco armoire au-dessus du réfrigérateur (UF-36-24-18), dimensions 36 x 24 x 18 po. Cabinet en contreplaqué avec fini intérieur en placage de bouleau. Porte HDF avec moulure en bouleau. Fini extérieur assorti à la porte selon la finition choisie. Prix, disponibilité, panneaux de finition, fillers et installation à confirmer avant publication.",,,taxable,1,,0,0,0,Armoires de cuisine > Armoires au-dessus du réfrigérateur,"Dilamco, armoires, Shaker, catalogue technique",,sku:UF-36-24-18,2,Type de module,Armoire murale profonde,1,0,,Largeur,36,1,0,,Largeur B,,0,0,,Profondeur,24,1,0,,Hauteur,18,1,0,,Hauteur de plafond,,0,0,,Type de coin,Non,1,0,,Style de porte,Shaker,1,0,,Moulure,3 po,1,0,,Couleur,Blanc Pur,1,0,,UF-36-24-18,Armoire au-dessus du réfrigérateur,Armoires de cuisine > Armoires au-dessus du réfrigérateur,,2,36,,24,18,,Non,Blanc Pur,3 po,Shaker 3 po - Blanc Pur,Trousse Design p.5
variable,UF-24-24-24,Armoire au-dessus du réfrigérateur - 24 x 24 x 24 po,0,0,visible,"Armoire au-dessus du réfrigérateur Dilamco, dimensions 24 x 24 x 24 po. Finition Shaker disponible selon les variantes.","Module Dilamco armoire au-dessus du réfrigérateur (UF-24-24-24), dimensions 24 x 24 x 24 po. Cabinet en contreplaqué avec fini intérieur en placage de bouleau. Porte HDF avec moulure en bouleau. Fini extérieur assorti à la porte selon la finition choisie. Prix, disponibilité, panneaux de finition, fillers et installation à confirmer avant publication.",,,taxable,1,,0,0,0,Armoires de cuisine > Armoires au-dessus du réfrigérateur,"Dilamco, armoires, Shaker, catalogue technique",,,0,Type de module,Armoire murale profonde,1,0,,Largeur,24,1,0,,Largeur B,,0,0,,Profondeur,24,1,0,,Hauteur,24,1,0,,Hauteur de plafond,,0,0,,Type de coin,Non,1,0,,Style de porte,Shaker,1,0,Shaker,Moulure,1 po | 3 po,1,0,1 po,Couleur,Blanc Pur,1,0,Blanc Pur,UF-24-24-24,Armoire au-dessus du réfrigérateur,Armoires de cuisine > Armoires au-dessus du réfrigérateur,,2,24,,24,24,,Non,,,,Trousse Design p.5
variation,UF-24-24-24-BP1,Armoire au-dessus du réfrigérateur - 24 x 24 x 24 po - Shaker 1 po - Blanc Pur,0,0,visible,"Armoire au-dessus du réfrigérateur Dilamco, dimensions 24 x 24 x 24 po. Finition Shaker disponible selon les variantes.","Module Dilamco armoire au-dessus du réfrigérateur (UF-24-24-24), dimensions 24 x 24 x 24 po. Cabinet en contreplaqué avec fini intérieur en placage de bouleau. Porte HDF avec moulure en bouleau. Fini extérieur assorti à la porte selon la finition choisie. Prix, disponibilité, panneaux de finition, fillers et installation à confirmer avant publication.",,,taxable,1,,0,0,0,Armoires de cuisine > Armoires au-dessus du réfrigérateur,"Dilamco, armoires, Shaker, catalogue technique",,sku:UF-24-24-24,1,Type de module,Armoire murale profonde,1,0,,Largeur,24,1,0,,Largeur B,,0,0,,Profondeur,24,1,0,,Hauteur,24,1,0,,Hauteur de plafond,,0,0,,Type de coin,Non,1,0,,Style de porte,Shaker,1,0,,Moulure,1 po,1,0,,Couleur,Blanc Pur,1,0,,UF-24-24-24,Armoire au-dessus du réfrigérateur,Armoires de cuisine > Armoires au-dessus du réfrigérateur,,2,24,,24,24,,Non,Blanc Pur,1 po,Shaker 1 po - Blanc Pur,Trousse Design p.5
variation,UF-24-24-24-BP3,Armoire au-dessus du réfrigérateur - 24 x 24 x 24 po - Shaker 3 po - Blanc Pur,0,0,visible,"Armoire au-dessus du réfrigérateur Dilamco, dimensions 24 x 24 x 24 po. Finition Shaker disponible selon les variantes.","Module Dilamco armoire au-dessus du réfrigérateur (UF-24-24-24), dimensions 24 x 24 x 24 po. Cabinet en contreplaqué avec fini intérieur en placage de bouleau. Porte HDF avec moulure en bouleau. Fini extérieur assorti à la porte selon la finition choisie. Prix, disponibilité, panneaux de finition, fillers et installation à confirmer avant publication.",,,taxable,1,,0,0,0,Armoires de cuisine > Armoires au-dessus du réfrigérateur,"Dilamco, armoires, Shaker, catalogue technique",,sku:UF-24-24-24,2,Type de module,Armoire murale profonde,1,0,,Largeur,24,1,0,,Largeur B,,0,0,,Profondeur,24,1,0,,Hauteur,24,1,0,,Hauteur de plafond,,0,0,,Type de coin,Non,1,0,,Style de porte,Shaker,1,0,,Moulure,3 po,1,0,,Couleur,Blanc Pur,1,0,,UF-24-24-24,Armoire au-dessus du réfrigérateur,Armoires de cuisine > Armoires au-dessus du réfrigérateur,,2,24,,24,24,,Non,Blanc Pur,3 po,Shaker 3 po - Blanc Pur,Trousse Design p.5
variable,UF-30-24-24,Armoire au-dessus du réfrigérateur - 30 x 24 x 24 po,0,0,visible,"Armoire au-dessus du réfrigérateur Dilamco, dimensions 30 x 24 x 24 po. Finition Shaker disponible selon les variantes.","Module Dilamco armoire au-dessus du réfrigérateur (UF-30-24-24), dimensions 30 x 24 x 24 po. Cabinet en contreplaqué avec fini intérieur en placage de bouleau. Porte HDF avec moulure en bouleau. Fini extérieur assorti à la porte selon la finition choisie. Prix, disponibilité, panneaux de finition, fillers et installation à confirmer avant publication.",,,taxable,1,,0,0,0,Armoires de cuisine > Armoires au-dessus du réfrigérateur,"Dilamco, armoires, Shaker, catalogue technique",,,0,Type de module,Armoire murale profonde,1,0,,Largeur,30,1,0,,Largeur B,,0,0,,Profondeur,24,1,0,,Hauteur,24,1,0,,Hauteur de plafond,,0,0,,Type de coin,Non,1,0,,Style de porte,Shaker,1,0,Shaker,Moulure,1 po | 3 po,1,0,1 po,Couleur,Blanc Pur,1,0,Blanc Pur,UF-30-24-24,Armoire au-dessus du réfrigérateur,Armoires de cuisine > Armoires au-dessus du réfrigérateur,,2,30,,24,24,,Non,,,,Trousse Design p.5
variation,UF-30-24-24-BP1,Armoire au-dessus du réfrigérateur - 30 x 24 x 24 po - Shaker 1 po - Blanc Pur,0,0,visible,"Armoire au-dessus du réfrigérateur Dilamco, dimensions 30 x 24 x 24 po. Finition Shaker disponible selon les variantes.","Module Dilamco armoire au-dessus du réfrigérateur (UF-30-24-24), dimensions 30 x 24 x 24 po. Cabinet en contreplaqué avec fini intérieur en placage de bouleau. Porte HDF avec moulure en bouleau. Fini extérieur assorti à la porte selon la finition choisie. Prix, disponibilité, panneaux de finition, fillers et installation à confirmer avant publication.",,,taxable,1,,0,0,0,Armoires de cuisine > Armoires au-dessus du réfrigérateur,"Dilamco, armoires, Shaker, catalogue technique",,sku:UF-30-24-24,1,Type de module,Armoire murale profonde,1,0,,Largeur,30,1,0,,Largeur B,,0,0,,Profondeur,24,1,0,,Hauteur,24,1,0,,Hauteur de plafond,,0,0,,Type de coin,Non,1,0,,Style de porte,Shaker,1,0,,Moulure,1 po,1,0,,Couleur,Blanc Pur,1,0,,UF-30-24-24,Armoire au-dessus du réfrigérateur,Armoires de cuisine > Armoires au-dessus du réfrigérateur,,2,30,,24,24,,Non,Blanc Pur,1 po,Shaker 1 po - Blanc Pur,Trousse Design p.5
variation,UF-30-24-24-BP3,Armoire au-dessus du réfrigérateur - 30 x 24 x 24 po - Shaker 3 po - Blanc Pur,0,0,visible,"Armoire au-dessus du réfrigérateur Dilamco, dimensions 30 x 24 x 24 po. Finition Shaker disponible selon les variantes.","Module Dilamco armoire au-dessus du réfrigérateur (UF-30-24-24), dimensions 30 x 24 x 24 po. Cabinet en contreplaqué avec fini intérieur en placage de bouleau. Porte HDF avec moulure en bouleau. Fini extérieur assorti à la porte selon la finition choisie. Prix, disponibilité, panneaux de finition, fillers et installation à confirmer avant publication.",,,taxable,1,,0,0,0,Armoires de cuisine > Armoires au-dessus du réfrigérateur,"Dilamco, armoires, Shaker, catalogue technique",,sku:UF-30-24-24,2,Type de module,Armoire murale profonde,1,0,,Largeur,30,1,0,,Largeur B,,0,0,,Profondeur,24,1,0,,Hauteur,24,1,0,,Hauteur de plafond,,0,0,,Type de coin,Non,1,0,,Style de porte,Shaker,1,0,,Moulure,3 po,1,0,,Couleur,Blanc Pur,1,0,,UF-30-24-24,Armoire au-dessus du réfrigérateur,Armoires de cuisine > Armoires au-dessus du réfrigérateur,,2,30,,24,24,,Non,Blanc Pur,3 po,Shaker 3 po - Blanc Pur,Trousse Design p.5
variable,UF-36-24-24,Armoire au-dessus du réfrigérateur - 36 x 24 x 24 po,0,0,visible,"Armoire au-dessus du réfrigérateur Dilamco, dimensions 36 x 24 x 24 po. Finition Shaker disponible selon les variantes.","Module Dilamco armoire au-dessus du réfrigérateur (UF-36-24-24), dimensions 36 x 24 x 24 po. Cabinet en contreplaqué avec fini intérieur en placage de bouleau. Porte HDF avec moulure en bouleau. Fini extérieur assorti à la porte selon la finition choisie. Prix, disponibilité, panneaux de finition, fillers et installation à confirmer avant publication.",,,taxable,1,,0,0,0,Armoires de cuisine > Armoires au-dessus du réfrigérateur,"Dilamco, armoires, Shaker, catalogue technique",,,0,Type de module,Armoire murale profonde,1,0,,Largeur,36,1,0,,Largeur B,,0,0,,Profondeur,24,1,0,,Hauteur,24,1,0,,Hauteur de plafond,,0,0,,Type de coin,Non,1,0,,Style de porte,Shaker,1,0,Shaker,Moulure,1 po | 3 po,1,0,1 po,Couleur,Blanc Pur,1,0,Blanc Pur,UF-36-24-24,Armoire au-dessus du réfrigérateur,Armoires de cuisine > Armoires au-dessus du réfrigérateur,,2,36,,24,24,,Non,,,,Trousse Design p.5
variation,UF-36-24-24-BP1,Armoire au-dessus du réfrigérateur - 36 x 24 x 24 po - Shaker 1 po - Blanc Pur,0,0,visible,"Armoire au-dessus du réfrigérateur Dilamco, dimensions 36 x 24 x 24 po. Finition Shaker disponible selon les variantes.","Module Dilamco armoire au-dessus du réfrigérateur (UF-36-24-24), dimensions 36 x 24 x 24 po. Cabinet en contreplaqué avec fini intérieur en placage de bouleau. Porte HDF avec moulure en bouleau. Fini extérieur assorti à la porte selon la finition choisie. Prix, disponibilité, panneaux de finition, fillers et installation à confirmer avant publication.",,,taxable,1,,0,0,0,Armoires de cuisine > Armoires au-dessus du réfrigérateur,"Dilamco, armoires, Shaker, catalogue technique",,sku:UF-36-24-24,1,Type de module,Armoire murale profonde,1,0,,Largeur,36,1,0,,Largeur B,,0,0,,Profondeur,24,1,0,,Hauteur,24,1,0,,Hauteur de plafond,,0,0,,Type de coin,Non,1,0,,Style de porte,Shaker,1,0,,Moulure,1 po,1,0,,Couleur,Blanc Pur,1,0,,UF-36-24-24,Armoire au-dessus du réfrigérateur,Armoires de cuisine > Armoires au-dessus du réfrigérateur,,2,36,,24,24,,Non,Blanc Pur,1 po,Shaker 1 po - Blanc Pur,Trousse Design p.5
variation,UF-36-24-24-BP3,Armoire au-dessus du réfrigérateur - 36 x 24 x 24 po - Shaker 3 po - Blanc Pur,0,0,visible,"Armoire au-dessus du réfrigérateur Dilamco, dimensions 36 x 24 x 24 po. Finition Shaker disponible selon les variantes.","Module Dilamco armoire au-dessus du réfrigérateur (UF-36-24-24), dimensions 36 x 24 x 24 po. Cabinet en contreplaqué avec fini intérieur en placage de bouleau. Porte HDF avec moulure en bouleau. Fini extérieur assorti à la porte selon la finition choisie. Prix, disponibilité, panneaux de finition, fillers et installation à confirmer avant publication.",,,taxable,1,,0,0,0,Armoires de cuisine > Armoires au-dessus du réfrigérateur,"Dilamco, armoires, Shaker, catalogue technique",,sku:UF-36-24-24,2,Type de module,Armoire murale profonde,1,0,,Largeur,36,1,0,,Largeur B,,0,0,,Profondeur,24,1,0,,Hauteur,24,1,0,,Hauteur de plafond,,0,0,,Type de coin,Non,1,0,,Style de porte,Shaker,1,0,,Moulure,3 po,1,0,,Couleur,Blanc Pur,1,0,,UF-36-24-24,Armoire au-dessus du réfrigérateur,Armoires de cuisine > Armoires au-dessus du réfrigérateur,,2,36,,24,24,,Non,Blanc Pur,3 po,Shaker 3 po - Blanc Pur,Trousse Design p.5
variable,B09,Armoire de bas - 9 x 24 x 34 1/2 po,0,0,visible,"Armoire de bas Dilamco, dimensions 9 x 24 x 34 1/2 po. Finition Shaker disponible selon les variantes.","Module Dilamco armoire de bas (B09), dimensions 9 x 24 x 34 1/2 po. Cabinet en contreplaqué avec fini intérieur en placage de bouleau. Porte HDF avec moulure en bouleau. Fini extérieur assorti à la porte selon la finition choisie. Prix, disponibilité, panneaux de finition, fillers et installation à confirmer avant publication.",,,taxable,1,,0,0,0,Armoires de cuisine > Armoires de bas > Standard,"Dilamco, armoires, Shaker, catalogue technique",,,0,Type de module,Armoire de bas,1,0,,Largeur,9,1,0,,Largeur B,,0,0,,Profondeur,24,1,0,,Hauteur,34 1/2,1,0,,Hauteur de plafond,,0,0,,Type de coin,Non,1,0,,Style de porte,Shaker,1,0,Shaker,Moulure,1 po | 3 po,1,0,1 po,Couleur,Blanc Pur | Chêne blanc | Bleu marin,1,0,Blanc Pur,B09,Armoire de bas,Armoires de cuisine > Armoires de bas > Standard,,1,9,,24,34 1/2,,Non,,,,Trousse Design p.6
variation,B09-BP1,Armoire de bas - 9 x 24 x 34 1/2 po - Shaker 1 po - Blanc Pur,0,0,visible,"Armoire de bas Dilamco, dimensions 9 x 24 x 34 1/2 po. Finition Shaker disponible selon les variantes.","Module Dilamco armoire de bas (B09), dimensions 9 x 24 x 34 1/2 po. Cabinet en contreplaqué avec fini intérieur en placage de bouleau. Porte HDF avec moulure en bouleau. Fini extérieur assorti à la porte selon la finition choisie. Prix, disponibilité, panneaux de finition, fillers et installation à confirmer avant publication.",,,taxable,1,,0,0,0,Armoires de cuisine > Armoires de bas > Standard,"Dilamco, armoires, Shaker, catalogue technique",,sku:B09,1,Type de module,Armoire de bas,1,0,,Largeur,9,1,0,,Largeur B,,0,0,,Profondeur,24,1,0,,Hauteur,34 1/2,1,0,,Hauteur de plafond,,0,0,,Type de coin,Non,1,0,,Style de porte,Shaker,1,0,,Moulure,1 po,1,0,,Couleur,Blanc Pur,1,0,,B09,Armoire de bas,Armoires de cuisine > Armoires de bas > Standard,,1,9,,24,34 1/2,,Non,Blanc Pur,1 po,Shaker 1 po - Blanc Pur,Trousse Design p.6
variation,B09-BP3,Armoire de bas - 9 x 24 x 34 1/2 po - Shaker 3 po - Blanc Pur,0,0,visible,"Armoire de bas Dilamco, dimensions 9 x 24 x 34 1/2 po. Finition Shaker disponible selon les variantes.","Module Dilamco armoire de bas (B09), dimensions 9 x 24 x 34 1/2 po. Cabinet en contreplaqué avec fini intérieur en placage de bouleau. Porte HDF avec moulure en bouleau. Fini extérieur assorti à la porte selon la finition choisie. Prix, disponibilité, panneaux de finition, fillers et installation à confirmer avant publication.",,,taxable,1,,0,0,0,Armoires de cuisine > Armoires de bas > Standard,"Dilamco, armoires, Shaker, catalogue technique",,sku:B09,2,Type de module,Armoire de bas,1,0,,Largeur,9,1,0,,Largeur B,,0,0,,Profondeur,24,1,0,,Hauteur,34 1/2,1,0,,Hauteur de plafond,,0,0,,Type de coin,Non,1,0,,Style de porte,Shaker,1,0,,Moulure,3 po,1,0,,Couleur,Blanc Pur,1,0,,B09,Armoire de bas,Armoires de cuisine > Armoires de bas > Standard,,1,9,,24,34 1/2,,Non,Blanc Pur,3 po,Shaker 3 po - Blanc Pur,Trousse Design p.6
variation,B09-CB1,Armoire de bas - 9 x 24 x 34 1/2 po - Shaker 1 po - Chêne blanc,0,0,visible,"Armoire de bas Dilamco, dimensions 9 x 24 x 34 1/2 po. Finition Shaker disponible selon les variantes.","Module Dilamco armoire de bas (B09), dimensions 9 x 24 x 34 1/2 po. Cabinet en contreplaqué avec fini intérieur en placage de bouleau. Porte HDF avec moulure en bouleau. Fini extérieur assorti à la porte selon la finition choisie. Prix, disponibilité, panneaux de finition, fillers et installation à confirmer avant publication.",,,taxable,1,,0,0,0,Armoires de cuisine > Armoires de bas > Standard,"Dilamco, armoires, Shaker, catalogue technique",,sku:B09,3,Type de module,Armoire de bas,1,0,,Largeur,9,1,0,,Largeur B,,0,0,,Profondeur,24,1,0,,Hauteur,34 1/2,1,0,,Hauteur de plafond,,0,0,,Type de coin,Non,1,0,,Style de porte,Shaker,1,0,,Moulure,1 po,1,0,,Couleur,Chêne blanc,1,0,,B09,Armoire de bas,Armoires de cuisine > Armoires de bas > Standard,,1,9,,24,34 1/2,,Non,Chêne blanc,1 po,Shaker 1 po - Chêne blanc,Trousse Design p.6
variation,B09-CB3,Armoire de bas - 9 x 24 x 34 1/2 po - Shaker 3 po - Chêne blanc,0,0,visible,"Armoire de bas Dilamco, dimensions 9 x 24 x 34 1/2 po. Finition Shaker disponible selon les variantes.","Module Dilamco armoire de bas (B09), dimensions 9 x 24 x 34 1/2 po. Cabinet en contreplaqué avec fini intérieur en placage de bouleau. Porte HDF avec moulure en bouleau. Fini extérieur assorti à la porte selon la finition choisie. Prix, disponibilité, panneaux de finition, fillers et installation à confirmer avant publication.",,,taxable,1,,0,0,0,Armoires de cuisine > Armoires de bas > Standard,"Dilamco, armoires, Shaker, catalogue technique",,sku:B09,4,Type de module,Armoire de bas,1,0,,Largeur,9,1,0,,Largeur B,,0,0,,Profondeur,24,1,0,,Hauteur,34 1/2,1,0,,Hauteur de plafond,,0,0,,Type de coin,Non,1,0,,Style de porte,Shaker,1,0,,Moulure,3 po,1,0,,Couleur,Chêne blanc,1,0,,B09,Armoire de bas,Armoires de cuisine > Armoires de bas > Standard,,1,9,,24,34 1/2,,Non,Chêne blanc,3 po,Shaker 3 po - Chêne blanc,Trousse Design p.6
variation,B09-BM1,Armoire de bas - 9 x 24 x 34 1/2 po - Shaker 1 po - Bleu marin,0,0,visible,"Armoire de bas Dilamco, dimensions 9 x 24 x 34 1/2 po. Finition Shaker disponible selon les variantes.","Module Dilamco armoire de bas (B09), dimensions 9 x 24 x 34 1/2 po. Cabinet en contreplaqué avec fini intérieur en placage de bouleau. Porte HDF avec moulure en bouleau. Fini extérieur assorti à la porte selon la finition choisie. Prix, disponibilité, panneaux de finition, fillers et installation à confirmer avant publication.",,,taxable,1,,0,0,0,Armoires de cuisine > Armoires de bas > Standard,"Dilamco, armoires, Shaker, catalogue technique",,sku:B09,5,Type de module,Armoire de bas,1,0,,Largeur,9,1,0,,Largeur B,,0,0,,Profondeur,24,1,0,,Hauteur,34 1/2,1,0,,Hauteur de plafond,,0,0,,Type de coin,Non,1,0,,Style de porte,Shaker,1,0,,Moulure,1 po,1,0,,Couleur,Bleu marin,1,0,,B09,Armoire de bas,Armoires de cuisine > Armoires de bas > Standard,,1,9,,24,34 1/2,,Non,Bleu marin,1 po,Shaker 1 po - Bleu marin,Trousse Design p.6
variation,B09-BM3,Armoire de bas - 9 x 24 x 34 1/2 po - Shaker 3 po - Bleu marin,0,0,visible,"Armoire de bas Dilamco, dimensions 9 x 24 x 34 1/2 po. Finition Shaker disponible selon les variantes.","Module Dilamco armoire de bas (B09), dimensions 9 x 24 x 34 1/2 po. Cabinet en contreplaqué avec fini intérieur en placage de bouleau. Porte HDF avec moulure en bouleau. Fini extérieur assorti à la porte selon la finition choisie. Prix, disponibilité, panneaux de finition, fillers et installation à confirmer avant publication.",,,taxable,1,,0,0,0,Armoires de cuisine > Armoires de bas > Standard,"Dilamco, armoires, Shaker, catalogue technique",,sku:B09,6,Type de module,Armoire de bas,1,0,,Largeur,9,1,0,,Largeur B,,0,0,,Profondeur,24,1,0,,Hauteur,34 1/2,1,0,,Hauteur de plafond,,0,0,,Type de coin,Non,1,0,,Style de porte,Shaker,1,0,,Moulure,3 po,1,0,,Couleur,Bleu marin,1,0,,B09,Armoire de bas,Armoires de cuisine > Armoires de bas > Standard,,1,9,,24,34 1/2,,Non,Bleu marin,3 po,Shaker 3 po - Bleu marin,Trousse Design p.6
variable,B12,Armoire de bas - 12 x 24 x 34 1/2 po,0,0,visible,"Armoire de bas Dilamco, dimensions 12 x 24 x 34 1/2 po. Finition Shaker disponible selon les variantes.","Module Dilamco armoire de bas (B12), dimensions 12 x 24 x 34 1/2 po. Cabinet en contreplaqué avec fini intérieur en placage de bouleau. Porte HDF avec moulure en bouleau. Fini extérieur assorti à la porte selon la finition choisie. Prix, disponibilité, panneaux de finition, fillers et installation à confirmer avant publication.",,,taxable,1,,0,0,0,Armoires de cuisine > Armoires de bas > Standard,"Dilamco, armoires, Shaker, catalogue technique",,,0,Type de module,Armoire de bas,1,0,,Largeur,12,1,0,,Largeur B,,0,0,,Profondeur,24,1,0,,Hauteur,34 1/2,1,0,,Hauteur de plafond,,0,0,,Type de coin,Non,1,0,,Style de porte,Shaker,1,0,Shaker,Moulure,1 po | 3 po,1,0,1 po,Couleur,Blanc Pur | Chêne blanc | Bleu marin,1,0,Blanc Pur,B12,Armoire de bas,Armoires de cuisine > Armoires de bas > Standard,,1,12,,24,34 1/2,,Non,,,,Trousse Design p.6
variation,B12-BP1,Armoire de bas - 12 x 24 x 34 1/2 po - Shaker 1 po - Blanc Pur,0,0,visible,"Armoire de bas Dilamco, dimensions 12 x 24 x 34 1/2 po. Finition Shaker disponible selon les variantes.","Module Dilamco armoire de bas (B12), dimensions 12 x 24 x 34 1/2 po. Cabinet en contreplaqué avec fini intérieur en placage de bouleau. Porte HDF avec moulure en bouleau. Fini extérieur assorti à la porte selon la finition choisie. Prix, disponibilité, panneaux de finition, fillers et installation à confirmer avant publication.",,,taxable,1,,0,0,0,Armoires de cuisine > Armoires de bas > Standard,"Dilamco, armoires, Shaker, catalogue technique",,sku:B12,1,Type de module,Armoire de bas,1,0,,Largeur,12,1,0,,Largeur B,,0,0,,Profondeur,24,1,0,,Hauteur,34 1/2,1,0,,Hauteur de plafond,,0,0,,Type de coin,Non,1,0,,Style de porte,Shaker,1,0,,Moulure,1 po,1,0,,Couleur,Blanc Pur,1,0,,B12,Armoire de bas,Armoires de cuisine > Armoires de bas > Standard,,1,12,,24,34 1/2,,Non,Blanc Pur,1 po,Shaker 1 po - Blanc Pur,Trousse Design p.6
variation,B12-BP3,Armoire de bas - 12 x 24 x 34 1/2 po - Shaker 3 po - Blanc Pur,0,0,visible,"Armoire de bas Dilamco, dimensions 12 x 24 x 34 1/2 po. Finition Shaker disponible selon les variantes.","Module Dilamco armoire de bas (B12), dimensions 12 x 24 x 34 1/2 po. Cabinet en contreplaqué avec fini intérieur en placage de bouleau. Porte HDF avec moulure en bouleau. Fini extérieur assorti à la porte selon la finition choisie. Prix, disponibilité, panneaux de finition, fillers et installation à confirmer avant publication.",,,taxable,1,,0,0,0,Armoires de cuisine > Armoires de bas > Standard,"Dilamco, armoires, Shaker, catalogue technique",,sku:B12,2,Type de module,Armoire de bas,1,0,,Largeur,12,1,0,,Largeur B,,0,0,,Profondeur,24,1,0,,Hauteur,34 1/2,1,0,,Hauteur de plafond,,0,0,,Type de coin,Non,1,0,,Style de porte,Shaker,1,0,,Moulure,3 po,1,0,,Couleur,Blanc Pur,1,0,,B12,Armoire de bas,Armoires de cuisine > Armoires de bas > Standard,,1,12,,24,34 1/2,,Non,Blanc Pur,3 po,Shaker 3 po - Blanc Pur,Trousse Design p.6
variation,B12-CB1,Armoire de bas - 12 x 24 x 34 1/2 po - Shaker 1 po - Chêne blanc,0,0,visible,"Armoire de bas Dilamco, dimensions 12 x 24 x 34 1/2 po. Finition Shaker disponible selon les variantes.","Module Dilamco armoire de bas (B12), dimensions 12 x 24 x 34 1/2 po. Cabinet en contreplaqué avec fini intérieur en placage de bouleau. Porte HDF avec moulure en bouleau. Fini extérieur assorti à la porte selon la finition choisie. Prix, disponibilité, panneaux de finition, fillers et installation à confirmer avant publication.",,,taxable,1,,0,0,0,Armoires de cuisine > Armoires de bas > Standard,"Dilamco, armoires, Shaker, catalogue technique",,sku:B12,3,Type de module,Armoire de bas,1,0,,Largeur,12,1,0,,Largeur B,,0,0,,Profondeur,24,1,0,,Hauteur,34 1/2,1,0,,Hauteur de plafond,,0,0,,Type de coin,Non,1,0,,Style de porte,Shaker,1,0,,Moulure,1 po,1,0,,Couleur,Chêne blanc,1,0,,B12,Armoire de bas,Armoires de cuisine > Armoires de bas > Standard,,1,12,,24,34 1/2,,Non,Chêne blanc,1 po,Shaker 1 po - Chêne blanc,Trousse Design p.6
variation,B12-CB3,Armoire de bas - 12 x 24 x 34 1/2 po - Shaker 3 po - Chêne blanc,0,0,visible,"Armoire de bas Dilamco, dimensions 12 x 24 x 34 1/2 po. Finition Shaker disponible selon les variantes.","Module Dilamco armoire de bas (B12), dimensions 12 x 24 x 34 1/2 po. Cabinet en contreplaqué avec fini intérieur en placage de bouleau. Porte HDF avec moulure en bouleau. Fini extérieur assorti à la porte selon la finition choisie. Prix, disponibilité, panneaux de finition, fillers et installation à confirmer avant publication.",,,taxable,1,,0,0,0,Armoires de cuisine > Armoires de bas > Standard,"Dilamco, armoires, Shaker, catalogue technique",,sku:B12,4,Type de module,Armoire de bas,1,0,,Largeur,12,1,0,,Largeur B,,0,0,,Profondeur,24,1,0,,Hauteur,34 1/2,1,0,,Hauteur de plafond,,0,0,,Type de coin,Non,1,0,,Style de porte,Shaker,1,0,,Moulure,3 po,1,0,,Couleur,Chêne blanc,1,0,,B12,Armoire de bas,Armoires de cuisine > Armoires de bas > Standard,,1,12,,24,34 1/2,,Non,Chêne blanc,3 po,Shaker 3 po - Chêne blanc,Trousse Design p.6
variation,B12-BM1,Armoire de bas - 12 x 24 x 34 1/2 po - Shaker 1 po - Bleu marin,0,0,visible,"Armoire de bas Dilamco, dimensions 12 x 24 x 34 1/2 po. Finition Shaker disponible selon les variantes.","Module Dilamco armoire de bas (B12), dimensions 12 x 24 x 34 1/2 po. Cabinet en contreplaqué avec fini intérieur en placage de bouleau. Porte HDF avec moulure en bouleau. Fini extérieur assorti à la porte selon la finition choisie. Prix, disponibilité, panneaux de finition, fillers et installation à confirmer avant publication.",,,taxable,1,,0,0,0,Armoires de cuisine > Armoires de bas > Standard,"Dilamco, armoires, Shaker, catalogue technique",,sku:B12,5,Type de module,Armoire de bas,1,0,,Largeur,12,1,0,,Largeur B,,0,0,,Profondeur,24,1,0,,Hauteur,34 1/2,1,0,,Hauteur de plafond,,0,0,,Type de coin,Non,1,0,,Style de porte,Shaker,1,0,,Moulure,1 po,1,0,,Couleur,Bleu marin,1,0,,B12,Armoire de bas,Armoires de cuisine > Armoires de bas > Standard,,1,12,,24,34 1/2,,Non,Bleu marin,1 po,Shaker 1 po - Bleu marin,Trousse Design p.6
variation,B12-BM3,Armoire de bas - 12 x 24 x 34 1/2 po - Shaker 3 po - Bleu marin,0,0,visible,"Armoire de bas Dilamco, dimensions 12 x 24 x 34 1/2 po. Finition Shaker disponible selon les variantes.","Module Dilamco armoire de bas (B12), dimensions 12 x 24 x 34 1/2 po. Cabinet en contreplaqué avec fini intérieur en placage de bouleau. Porte HDF avec moulure en bouleau. Fini extérieur assorti à la porte selon la finition choisie. Prix, disponibilité, panneaux de finition, fillers et installation à confirmer avant publication.",,,taxable,1,,0,0,0,Armoires de cuisine > Armoires de bas > Standard,"Dilamco, armoires, Shaker, catalogue technique",,sku:B12,6,Type de module,Armoire de bas,1,0,,Largeur,12,1,0,,Largeur B,,0,0,,Profondeur,24,1,0,,Hauteur,34 1/2,1,0,,Hauteur de plafond,,0,0,,Type de coin,Non,1,0,,Style de porte,Shaker,1,0,,Moulure,3 po,1,0,,Couleur,Bleu marin,1,0,,B12,Armoire de bas,Armoires de cuisine > Armoires de bas > Standard,,1,12,,24,34 1/2,,Non,Bleu marin,3 po,Shaker 3 po - Bleu marin,Trousse Design p.6
variable,B15,Armoire de bas - 15 x 24 x 34 1/2 po,0,0,visible,"Armoire de bas Dilamco, dimensions 15 x 24 x 34 1/2 po. Finition Shaker disponible selon les variantes.","Module Dilamco armoire de bas (B15), dimensions 15 x 24 x 34 1/2 po. Cabinet en contreplaqué avec fini intérieur en placage de bouleau. Porte HDF avec moulure en bouleau. Fini extérieur assorti à la porte selon la finition choisie. Prix, disponibilité, panneaux de finition, fillers et installation à confirmer avant publication.",,,taxable,1,,0,0,0,Armoires de cuisine > Armoires de bas > Standard,"Dilamco, armoires, Shaker, catalogue technique",,,0,Type de module,Armoire de bas,1,0,,Largeur,15,1,0,,Largeur B,,0,0,,Profondeur,24,1,0,,Hauteur,34 1/2,1,0,,Hauteur de plafond,,0,0,,Type de coin,Non,1,0,,Style de porte,Shaker,1,0,Shaker,Moulure,1 po | 3 po,1,0,1 po,Couleur,Blanc Pur | Chêne blanc | Bleu marin,1,0,Blanc Pur,B15,Armoire de bas,Armoires de cuisine > Armoires de bas > Standard,,1,15,,24,34 1/2,,Non,,,,Trousse Design p.6
variation,B15-BP1,Armoire de bas - 15 x 24 x 34 1/2 po - Shaker 1 po - Blanc Pur,0,0,visible,"Armoire de bas Dilamco, dimensions 15 x 24 x 34 1/2 po. Finition Shaker disponible selon les variantes.","Module Dilamco armoire de bas (B15), dimensions 15 x 24 x 34 1/2 po. Cabinet en contreplaqué avec fini intérieur en placage de bouleau. Porte HDF avec moulure en bouleau. Fini extérieur assorti à la porte selon la finition choisie. Prix, disponibilité, panneaux de finition, fillers et installation à confirmer avant publication.",,,taxable,1,,0,0,0,Armoires de cuisine > Armoires de bas > Standard,"Dilamco, armoires, Shaker, catalogue technique",,sku:B15,1,Type de module,Armoire de bas,1,0,,Largeur,15,1,0,,Largeur B,,0,0,,Profondeur,24,1,0,,Hauteur,34 1/2,1,0,,Hauteur de plafond,,0,0,,Type de coin,Non,1,0,,Style de porte,Shaker,1,0,,Moulure,1 po,1,0,,Couleur,Blanc Pur,1,0,,B15,Armoire de bas,Armoires de cuisine > Armoires de bas > Standard,,1,15,,24,34 1/2,,Non,Blanc Pur,1 po,Shaker 1 po - Blanc Pur,Trousse Design p.6
variation,B15-BP3,Armoire de bas - 15 x 24 x 34 1/2 po - Shaker 3 po - Blanc Pur,0,0,visible,"Armoire de bas Dilamco, dimensions 15 x 24 x 34 1/2 po. Finition Shaker disponible selon les variantes.","Module Dilamco armoire de bas (B15), dimensions 15 x 24 x 34 1/2 po. Cabinet en contreplaqué avec fini intérieur en placage de bouleau. Porte HDF avec moulure en bouleau. Fini extérieur assorti à la porte selon la finition choisie. Prix, disponibilité, panneaux de finition, fillers et installation à confirmer avant publication.",,,taxable,1,,0,0,0,Armoires de cuisine > Armoires de bas > Standard,"Dilamco, armoires, Shaker, catalogue technique",,sku:B15,2,Type de module,Armoire de bas,1,0,,Largeur,15,1,0,,Largeur B,,0,0,,Profondeur,24,1,0,,Hauteur,34 1/2,1,0,,Hauteur de plafond,,0,0,,Type de coin,Non,1,0,,Style de porte,Shaker,1,0,,Moulure,3 po,1,0,,Couleur,Blanc Pur,1,0,,B15,Armoire de bas,Armoires de cuisine > Armoires de bas > Standard,,1,15,,24,34 1/2,,Non,Blanc Pur,3 po,Shaker 3 po - Blanc Pur,Trousse Design p.6
variation,B15-CB1,Armoire de bas - 15 x 24 x 34 1/2 po - Shaker 1 po - Chêne blanc,0,0,visible,"Armoire de bas Dilamco, dimensions 15 x 24 x 34 1/2 po. Finition Shaker disponible selon les variantes.","Module Dilamco armoire de bas (B15), dimensions 15 x 24 x 34 1/2 po. Cabinet en contreplaqué avec fini intérieur en placage de bouleau. Porte HDF avec moulure en bouleau. Fini extérieur assorti à la porte selon la finition choisie. Prix, disponibilité, panneaux de finition, fillers et installation à confirmer avant publication.",,,taxable,1,,0,0,0,Armoires de cuisine > Armoires de bas > Standard,"Dilamco, armoires, Shaker, catalogue technique",,sku:B15,3,Type de module,Armoire de bas,1,0,,Largeur,15,1,0,,Largeur B,,0,0,,Profondeur,24,1,0,,Hauteur,34 1/2,1,0,,Hauteur de plafond,,0,0,,Type de coin,Non,1,0,,Style de porte,Shaker,1,0,,Moulure,1 po,1,0,,Couleur,Chêne blanc,1,0,,B15,Armoire de bas,Armoires de cuisine > Armoires de bas > Standard,,1,15,,24,34 1/2,,Non,Chêne blanc,1 po,Shaker 1 po - Chêne blanc,Trousse Design p.6
variation,B15-CB3,Armoire de bas - 15 x 24 x 34 1/2 po - Shaker 3 po - Chêne blanc,0,0,visible,"Armoire de bas Dilamco, dimensions 15 x 24 x 34 1/2 po. Finition Shaker disponible selon les variantes.","Module Dilamco armoire de bas (B15), dimensions 15 x 24 x 34 1/2 po. Cabinet en contreplaqué avec fini intérieur en placage de bouleau. Porte HDF avec moulure en bouleau. Fini extérieur assorti à la porte selon la finition choisie. Prix, disponibilité, panneaux de finition, fillers et installation à confirmer avant publication.",,,taxable,1,,0,0,0,Armoires de cuisine > Armoires de bas > Standard,"Dilamco, armoires, Shaker, catalogue technique",,sku:B15,4,Type de module,Armoire de bas,1,0,,Largeur,15,1,0,,Largeur B,,0,0,,Profondeur,24,1,0,,Hauteur,34 1/2,1,0,,Hauteur de plafond,,0,0,,Type de coin,Non,1,0,,Style de porte,Shaker,1,0,,Moulure,3 po,1,0,,Couleur,Chêne blanc,1,0,,B15,Armoire de bas,Armoires de cuisine > Armoires de bas > Standard,,1,15,,24,34 1/2,,Non,Chêne blanc,3 po,Shaker 3 po - Chêne blanc,Trousse Design p.6
variation,B15-BM1,Armoire de bas - 15 x 24 x 34 1/2 po - Shaker 1 po - Bleu marin,0,0,visible,"Armoire de bas Dilamco, dimensions 15 x 24 x 34 1/2 po. Finition Shaker disponible selon les variantes.","Module Dilamco armoire de bas (B15), dimensions 15 x 24 x 34 1/2 po. Cabinet en contreplaqué avec fini intérieur en placage de bouleau. Porte HDF avec moulure en bouleau. Fini extérieur assorti à la porte selon la finition choisie. Prix, disponibilité, panneaux de finition, fillers et installation à confirmer avant publication.",,,taxable,1,,0,0,0,Armoires de cuisine > Armoires de bas > Standard,"Dilamco, armoires, Shaker, catalogue technique",,sku:B15,5,Type de module,Armoire de bas,1,0,,Largeur,15,1,0,,Largeur B,,0,0,,Profondeur,24,1,0,,Hauteur,34 1/2,1,0,,Hauteur de plafond,,0,0,,Type de coin,Non,1,0,,Style de porte,Shaker,1,0,,Moulure,1 po,1,0,,Couleur,Bleu marin,1,0,,B15,Armoire de bas,Armoires de cuisine > Armoires de bas > Standard,,1,15,,24,34 1/2,,Non,Bleu marin,1 po,Shaker 1 po - Bleu marin,Trousse Design p.6
variation,B15-BM3,Armoire de bas - 15 x 24 x 34 1/2 po - Shaker 3 po - Bleu marin,0,0,visible,"Armoire de bas Dilamco, dimensions 15 x 24 x 34 1/2 po. Finition Shaker disponible selon les variantes.","Module Dilamco armoire de bas (B15), dimensions 15 x 24 x 34 1/2 po. Cabinet en contreplaqué avec fini intérieur en placage de bouleau. Porte HDF avec moulure en bouleau. Fini extérieur assorti à la porte selon la finition choisie. Prix, disponibilité, panneaux de finition, fillers et installation à confirmer avant publication.",,,taxable,1,,0,0,0,Armoires de cuisine > Armoires de bas > Standard,"Dilamco, armoires, Shaker, catalogue technique",,sku:B15,6,Type de module,Armoire de bas,1,0,,Largeur,15,1,0,,Largeur B,,0,0,,Profondeur,24,1,0,,Hauteur,34 1/2,1,0,,Hauteur de plafond,,0,0,,Type de coin,Non,1,0,,Style de porte,Shaker,1,0,,Moulure,3 po,1,0,,Couleur,Bleu marin,1,0,,B15,Armoire de bas,Armoires de cuisine > Armoires de bas > Standard,,1,15,,24,34 1/2,,Non,Bleu marin,3 po,Shaker 3 po - Bleu marin,Trousse Design p.6
variable,B18,Armoire de bas - 18 x 24 x 34 1/2 po,0,0,visible,"Armoire de bas Dilamco, dimensions 18 x 24 x 34 1/2 po. Finition Shaker disponible selon les variantes.","Module Dilamco armoire de bas (B18), dimensions 18 x 24 x 34 1/2 po. Cabinet en contreplaqué avec fini intérieur en placage de bouleau. Porte HDF avec moulure en bouleau. Fini extérieur assorti à la porte selon la finition choisie. Prix, disponibilité, panneaux de finition, fillers et installation à confirmer avant publication.",,,taxable,1,,0,0,0,Armoires de cuisine > Armoires de bas > Standard,"Dilamco, armoires, Shaker, catalogue technique",,,0,Type de module,Armoire de bas,1,0,,Largeur,18,1,0,,Largeur B,,0,0,,Profondeur,24,1,0,,Hauteur,34 1/2,1,0,,Hauteur de plafond,,0,0,,Type de coin,Non,1,0,,Style de porte,Shaker,1,0,Shaker,Moulure,1 po | 3 po,1,0,1 po,Couleur,Blanc Pur | Chêne blanc | Bleu marin,1,0,Blanc Pur,B18,Armoire de bas,Armoires de cuisine > Armoires de bas > Standard,,1,18,,24,34 1/2,,Non,,,,Trousse Design p.6
variation,B18-BP1,Armoire de bas - 18 x 24 x 34 1/2 po - Shaker 1 po - Blanc Pur,0,0,visible,"Armoire de bas Dilamco, dimensions 18 x 24 x 34 1/2 po. Finition Shaker disponible selon les variantes.","Module Dilamco armoire de bas (B18), dimensions 18 x 24 x 34 1/2 po. Cabinet en contreplaqué avec fini intérieur en placage de bouleau. Porte HDF avec moulure en bouleau. Fini extérieur assorti à la porte selon la finition choisie. Prix, disponibilité, panneaux de finition, fillers et installation à confirmer avant publication.",,,taxable,1,,0,0,0,Armoires de cuisine > Armoires de bas > Standard,"Dilamco, armoires, Shaker, catalogue technique",,sku:B18,1,Type de module,Armoire de bas,1,0,,Largeur,18,1,0,,Largeur B,,0,0,,Profondeur,24,1,0,,Hauteur,34 1/2,1,0,,Hauteur de plafond,,0,0,,Type de coin,Non,1,0,,Style de porte,Shaker,1,0,,Moulure,1 po,1,0,,Couleur,Blanc Pur,1,0,,B18,Armoire de bas,Armoires de cuisine > Armoires de bas > Standard,,1,18,,24,34 1/2,,Non,Blanc Pur,1 po,Shaker 1 po - Blanc Pur,Trousse Design p.6
variation,B18-BP3,Armoire de bas - 18 x 24 x 34 1/2 po - Shaker 3 po - Blanc Pur,0,0,visible,"Armoire de bas Dilamco, dimensions 18 x 24 x 34 1/2 po. Finition Shaker disponible selon les variantes.","Module Dilamco armoire de bas (B18), dimensions 18 x 24 x 34 1/2 po. Cabinet en contreplaqué avec fini intérieur en placage de bouleau. Porte HDF avec moulure en bouleau. Fini extérieur assorti à la porte selon la finition choisie. Prix, disponibilité, panneaux de finition, fillers et installation à confirmer avant publication.",,,taxable,1,,0,0,0,Armoires de cuisine > Armoires de bas > Standard,"Dilamco, armoires, Shaker, catalogue technique",,sku:B18,2,Type de module,Armoire de bas,1,0,,Largeur,18,1,0,,Largeur B,,0,0,,Profondeur,24,1,0,,Hauteur,34 1/2,1,0,,Hauteur de plafond,,0,0,,Type de coin,Non,1,0,,Style de porte,Shaker,1,0,,Moulure,3 po,1,0,,Couleur,Blanc Pur,1,0,,B18,Armoire de bas,Armoires de cuisine > Armoires de bas > Standard,,1,18,,24,34 1/2,,Non,Blanc Pur,3 po,Shaker 3 po - Blanc Pur,Trousse Design p.6
variation,B18-CB1,Armoire de bas - 18 x 24 x 34 1/2 po - Shaker 1 po - Chêne blanc,0,0,visible,"Armoire de bas Dilamco, dimensions 18 x 24 x 34 1/2 po. Finition Shaker disponible selon les variantes.","Module Dilamco armoire de bas (B18), dimensions 18 x 24 x 34 1/2 po. Cabinet en contreplaqué avec fini intérieur en placage de bouleau. Porte HDF avec moulure en bouleau. Fini extérieur assorti à la porte selon la finition choisie. Prix, disponibilité, panneaux de finition, fillers et installation à confirmer avant publication.",,,taxable,1,,0,0,0,Armoires de cuisine > Armoires de bas > Standard,"Dilamco, armoires, Shaker, catalogue technique",,sku:B18,3,Type de module,Armoire de bas,1,0,,Largeur,18,1,0,,Largeur B,,0,0,,Profondeur,24,1,0,,Hauteur,34 1/2,1,0,,Hauteur de plafond,,0,0,,Type de coin,Non,1,0,,Style de porte,Shaker,1,0,,Moulure,1 po,1,0,,Couleur,Chêne blanc,1,0,,B18,Armoire de bas,Armoires de cuisine > Armoires de bas > Standard,,1,18,,24,34 1/2,,Non,Chêne blanc,1 po,Shaker 1 po - Chêne blanc,Trousse Design p.6
variation,B18-CB3,Armoire de bas - 18 x 24 x 34 1/2 po - Shaker 3 po - Chêne blanc,0,0,visible,"Armoire de bas Dilamco, dimensions 18 x 24 x 34 1/2 po. Finition Shaker disponible selon les variantes.","Module Dilamco armoire de bas (B18), dimensions 18 x 24 x 34 1/2 po. Cabinet en contreplaqué avec fini intérieur en placage de bouleau. Porte HDF avec moulure en bouleau. Fini extérieur assorti à la porte selon la finition choisie. Prix, disponibilité, panneaux de finition, fillers et installation à confirmer avant publication.",,,taxable,1,,0,0,0,Armoires de cuisine > Armoires de bas > Standard,"Dilamco, armoires, Shaker, catalogue technique",,sku:B18,4,Type de module,Armoire de bas,1,0,,Largeur,18,1,0,,Largeur B,,0,0,,Profondeur,24,1,0,,Hauteur,34 1/2,1,0,,Hauteur de plafond,,0,0,,Type de coin,Non,1,0,,Style de porte,Shaker,1,0,,Moulure,3 po,1,0,,Couleur,Chêne blanc,1,0,,B18,Armoire de bas,Armoires de cuisine > Armoires de bas > Standard,,1,18,,24,34 1/2,,Non,Chêne blanc,3 po,Shaker 3 po - Chêne blanc,Trousse Design p.6
variation,B18-BM1,Armoire de bas - 18 x 24 x 34 1/2 po - Shaker 1 po - Bleu marin,0,0,visible,"Armoire de bas Dilamco, dimensions 18 x 24 x 34 1/2 po. Finition Shaker disponible selon les variantes.","Module Dilamco armoire de bas (B18), dimensions 18 x 24 x 34 1/2 po. Cabinet en contreplaqué avec fini intérieur en placage de bouleau. Porte HDF avec moulure en bouleau. Fini extérieur assorti à la porte selon la finition choisie. Prix, disponibilité, panneaux de finition, fillers et installation à confirmer avant publication.",,,taxable,1,,0,0,0,Armoires de cuisine > Armoires de bas > Standard,"Dilamco, armoires, Shaker, catalogue technique",,sku:B18,5,Type de module,Armoire de bas,1,0,,Largeur,18,1,0,,Largeur B,,0,0,,Profondeur,24,1,0,,Hauteur,34 1/2,1,0,,Hauteur de plafond,,0,0,,Type de coin,Non,1,0,,Style de porte,Shaker,1,0,,Moulure,1 po,1,0,,Couleur,Bleu marin,1,0,,B18,Armoire de bas,Armoires de cuisine > Armoires de bas > Standard,,1,18,,24,34 1/2,,Non,Bleu marin,1 po,Shaker 1 po - Bleu marin,Trousse Design p.6
variation,B18-BM3,Armoire de bas - 18 x 24 x 34 1/2 po - Shaker 3 po - Bleu marin,0,0,visible,"Armoire de bas Dilamco, dimensions 18 x 24 x 34 1/2 po. Finition Shaker disponible selon les variantes.","Module Dilamco armoire de bas (B18), dimensions 18 x 24 x 34 1/2 po. Cabinet en contreplaqué avec fini intérieur en placage de bouleau. Porte HDF avec moulure en bouleau. Fini extérieur assorti à la porte selon la finition choisie. Prix, disponibilité, panneaux de finition, fillers et installation à confirmer avant publication.",,,taxable,1,,0,0,0,Armoires de cuisine > Armoires de bas > Standard,"Dilamco, armoires, Shaker, catalogue technique",,sku:B18,6,Type de module,Armoire de bas,1,0,,Largeur,18,1,0,,Largeur B,,0,0,,Profondeur,24,1,0,,Hauteur,34 1/2,1,0,,Hauteur de plafond,,0,0,,Type de coin,Non,1,0,,Style de porte,Shaker,1,0,,Moulure,3 po,1,0,,Couleur,Bleu marin,1,0,,B18,Armoire de bas,Armoires de cuisine > Armoires de bas > Standard,,1,18,,24,34 1/2,,Non,Bleu marin,3 po,Shaker 3 po - Bleu marin,Trousse Design p.6
variable,B21,Armoire de bas - 21 x 24 x 34 1/2 po,0,0,visible,"Armoire de bas Dilamco, dimensions 21 x 24 x 34 1/2 po. Finition Shaker disponible selon les variantes.","Module Dilamco armoire de bas (B21), dimensions 21 x 24 x 34 1/2 po. Cabinet en contreplaqué avec fini intérieur en placage de bouleau. Porte HDF avec moulure en bouleau. Fini extérieur assorti à la porte selon la finition choisie. Prix, disponibilité, panneaux de finition, fillers et installation à confirmer avant publication.",,,taxable,1,,0,0,0,Armoires de cuisine > Armoires de bas > Standard,"Dilamco, armoires, Shaker, catalogue technique",,,0,Type de module,Armoire de bas,1,0,,Largeur,21,1,0,,Largeur B,,0,0,,Profondeur,24,1,0,,Hauteur,34 1/2,1,0,,Hauteur de plafond,,0,0,,Type de coin,Non,1,0,,Style de porte,Shaker,1,0,Shaker,Moulure,1 po | 3 po,1,0,1 po,Couleur,Blanc Pur | Chêne blanc | Bleu marin,1,0,Blanc Pur,B21,Armoire de bas,Armoires de cuisine > Armoires de bas > Standard,,1,21,,24,34 1/2,,Non,,,,Trousse Design p.6
variation,B21-BP1,Armoire de bas - 21 x 24 x 34 1/2 po - Shaker 1 po - Blanc Pur,0,0,visible,"Armoire de bas Dilamco, dimensions 21 x 24 x 34 1/2 po. Finition Shaker disponible selon les variantes.","Module Dilamco armoire de bas (B21), dimensions 21 x 24 x 34 1/2 po. Cabinet en contreplaqué avec fini intérieur en placage de bouleau. Porte HDF avec moulure en bouleau. Fini extérieur assorti à la porte selon la finition choisie. Prix, disponibilité, panneaux de finition, fillers et installation à confirmer avant publication.",,,taxable,1,,0,0,0,Armoires de cuisine > Armoires de bas > Standard,"Dilamco, armoires, Shaker, catalogue technique",,sku:B21,1,Type de module,Armoire de bas,1,0,,Largeur,21,1,0,,Largeur B,,0,0,,Profondeur,24,1,0,,Hauteur,34 1/2,1,0,,Hauteur de plafond,,0,0,,Type de coin,Non,1,0,,Style de porte,Shaker,1,0,,Moulure,1 po,1,0,,Couleur,Blanc Pur,1,0,,B21,Armoire de bas,Armoires de cuisine > Armoires de bas > Standard,,1,21,,24,34 1/2,,Non,Blanc Pur,1 po,Shaker 1 po - Blanc Pur,Trousse Design p.6
variation,B21-BP3,Armoire de bas - 21 x 24 x 34 1/2 po - Shaker 3 po - Blanc Pur,0,0,visible,"Armoire de bas Dilamco, dimensions 21 x 24 x 34 1/2 po. Finition Shaker disponible selon les variantes.","Module Dilamco armoire de bas (B21), dimensions 21 x 24 x 34 1/2 po. Cabinet en contreplaqué avec fini intérieur en placage de bouleau. Porte HDF avec moulure en bouleau. Fini extérieur assorti à la porte selon la finition choisie. Prix, disponibilité, panneaux de finition, fillers et installation à confirmer avant publication.",,,taxable,1,,0,0,0,Armoires de cuisine > Armoires de bas > Standard,"Dilamco, armoires, Shaker, catalogue technique",,sku:B21,2,Type de module,Armoire de bas,1,0,,Largeur,21,1,0,,Largeur B,,0,0,,Profondeur,24,1,0,,Hauteur,34 1/2,1,0,,Hauteur de plafond,,0,0,,Type de coin,Non,1,0,,Style de porte,Shaker,1,0,,Moulure,3 po,1,0,,Couleur,Blanc Pur,1,0,,B21,Armoire de bas,Armoires de cuisine > Armoires de bas > Standard,,1,21,,24,34 1/2,,Non,Blanc Pur,3 po,Shaker 3 po - Blanc Pur,Trousse Design p.6
variation,B21-CB1,Armoire de bas - 21 x 24 x 34 1/2 po - Shaker 1 po - Chêne blanc,0,0,visible,"Armoire de bas Dilamco, dimensions 21 x 24 x 34 1/2 po. Finition Shaker disponible selon les variantes.","Module Dilamco armoire de bas (B21), dimensions 21 x 24 x 34 1/2 po. Cabinet en contreplaqué avec fini intérieur en placage de bouleau. Porte HDF avec moulure en bouleau. Fini extérieur assorti à la porte selon la finition choisie. Prix, disponibilité, panneaux de finition, fillers et installation à confirmer avant publication.",,,taxable,1,,0,0,0,Armoires de cuisine > Armoires de bas > Standard,"Dilamco, armoires, Shaker, catalogue technique",,sku:B21,3,Type de module,Armoire de bas,1,0,,Largeur,21,1,0,,Largeur B,,0,0,,Profondeur,24,1,0,,Hauteur,34 1/2,1,0,,Hauteur de plafond,,0,0,,Type de coin,Non,1,0,,Style de porte,Shaker,1,0,,Moulure,1 po,1,0,,Couleur,Chêne blanc,1,0,,B21,Armoire de bas,Armoires de cuisine > Armoires de bas > Standard,,1,21,,24,34 1/2,,Non,Chêne blanc,1 po,Shaker 1 po - Chêne blanc,Trousse Design p.6
variation,B21-CB3,Armoire de bas - 21 x 24 x 34 1/2 po - Shaker 3 po - Chêne blanc,0,0,visible,"Armoire de bas Dilamco, dimensions 21 x 24 x 34 1/2 po. Finition Shaker disponible selon les variantes.","Module Dilamco armoire de bas (B21), dimensions 21 x 24 x 34 1/2 po. Cabinet en contreplaqué avec fini intérieur en placage de bouleau. Porte HDF avec moulure en bouleau. Fini extérieur assorti à la porte selon la finition choisie. Prix, disponibilité, panneaux de finition, fillers et installation à confirmer avant publication.",,,taxable,1,,0,0,0,Armoires de cuisine > Armoires de bas > Standard,"Dilamco, armoires, Shaker, catalogue technique",,sku:B21,4,Type de module,Armoire de bas,1,0,,Largeur,21,1,0,,Largeur B,,0,0,,Profondeur,24,1,0,,Hauteur,34 1/2,1,0,,Hauteur de plafond,,0,0,,Type de coin,Non,1,0,,Style de porte,Shaker,1,0,,Moulure,3 po,1,0,,Couleur,Chêne blanc,1,0,,B21,Armoire de bas,Armoires de cuisine > Armoires de bas > Standard,,1,21,,24,34 1/2,,Non,Chêne blanc,3 po,Shaker 3 po - Chêne blanc,Trousse Design p.6
variation,B21-BM1,Armoire de bas - 21 x 24 x 34 1/2 po - Shaker 1 po - Bleu marin,0,0,visible,"Armoire de bas Dilamco, dimensions 21 x 24 x 34 1/2 po. Finition Shaker disponible selon les variantes.","Module Dilamco armoire de bas (B21), dimensions 21 x 24 x 34 1/2 po. Cabinet en contreplaqué avec fini intérieur en placage de bouleau. Porte HDF avec moulure en bouleau. Fini extérieur assorti à la porte selon la finition choisie. Prix, disponibilité, panneaux de finition, fillers et installation à confirmer avant publication.",,,taxable,1,,0,0,0,Armoires de cuisine > Armoires de bas > Standard,"Dilamco, armoires, Shaker, catalogue technique",,sku:B21,5,Type de module,Armoire de bas,1,0,,Largeur,21,1,0,,Largeur B,,0,0,,Profondeur,24,1,0,,Hauteur,34 1/2,1,0,,Hauteur de plafond,,0,0,,Type de coin,Non,1,0,,Style de porte,Shaker,1,0,,Moulure,1 po,1,0,,Couleur,Bleu marin,1,0,,B21,Armoire de bas,Armoires de cuisine > Armoires de bas > Standard,,1,21,,24,34 1/2,,Non,Bleu marin,1 po,Shaker 1 po - Bleu marin,Trousse Design p.6
variation,B21-BM3,Armoire de bas - 21 x 24 x 34 1/2 po - Shaker 3 po - Bleu marin,0,0,visible,"Armoire de bas Dilamco, dimensions 21 x 24 x 34 1/2 po. Finition Shaker disponible selon les variantes.","Module Dilamco armoire de bas (B21), dimensions 21 x 24 x 34 1/2 po. Cabinet en contreplaqué avec fini intérieur en placage de bouleau. Porte HDF avec moulure en bouleau. Fini extérieur assorti à la porte selon la finition choisie. Prix, disponibilité, panneaux de finition, fillers et installation à confirmer avant publication.",,,taxable,1,,0,0,0,Armoires de cuisine > Armoires de bas > Standard,"Dilamco, armoires, Shaker, catalogue technique",,sku:B21,6,Type de module,Armoire de bas,1,0,,Largeur,21,1,0,,Largeur B,,0,0,,Profondeur,24,1,0,,Hauteur,34 1/2,1,0,,Hauteur de plafond,,0,0,,Type de coin,Non,1,0,,Style de porte,Shaker,1,0,,Moulure,3 po,1,0,,Couleur,Bleu marin,1,0,,B21,Armoire de bas,Armoires de cuisine > Armoires de bas > Standard,,1,21,,24,34 1/2,,Non,Bleu marin,3 po,Shaker 3 po - Bleu marin,Trousse Design p.6
variable,B24,Armoire de bas - 24 x 24 x 34 1/2 po,0,0,visible,"Armoire de bas Dilamco, dimensions 24 x 24 x 34 1/2 po. Finition Shaker disponible selon les variantes.","Module Dilamco armoire de bas (B24), dimensions 24 x 24 x 34 1/2 po. Cabinet en contreplaqué avec fini intérieur en placage de bouleau. Porte HDF avec moulure en bouleau. Fini extérieur assorti à la porte selon la finition choisie. Prix, disponibilité, panneaux de finition, fillers et installation à confirmer avant publication.",,,taxable,1,,0,0,0,Armoires de cuisine > Armoires de bas > Standard,"Dilamco, armoires, Shaker, catalogue technique",,,0,Type de module,Armoire de bas,1,0,,Largeur,24,1,0,,Largeur B,,0,0,,Profondeur,24,1,0,,Hauteur,34 1/2,1,0,,Hauteur de plafond,,0,0,,Type de coin,Non,1,0,,Style de porte,Shaker,1,0,Shaker,Moulure,1 po | 3 po,1,0,1 po,Couleur,Blanc Pur | Chêne blanc | Bleu marin,1,0,Blanc Pur,B24,Armoire de bas,Armoires de cuisine > Armoires de bas > Standard,,2,24,,24,34 1/2,,Non,,,,Trousse Design p.6
variation,B24-BP1,Armoire de bas - 24 x 24 x 34 1/2 po - Shaker 1 po - Blanc Pur,0,0,visible,"Armoire de bas Dilamco, dimensions 24 x 24 x 34 1/2 po. Finition Shaker disponible selon les variantes.","Module Dilamco armoire de bas (B24), dimensions 24 x 24 x 34 1/2 po. Cabinet en contreplaqué avec fini intérieur en placage de bouleau. Porte HDF avec moulure en bouleau. Fini extérieur assorti à la porte selon la finition choisie. Prix, disponibilité, panneaux de finition, fillers et installation à confirmer avant publication.",,,taxable,1,,0,0,0,Armoires de cuisine > Armoires de bas > Standard,"Dilamco, armoires, Shaker, catalogue technique",,sku:B24,1,Type de module,Armoire de bas,1,0,,Largeur,24,1,0,,Largeur B,,0,0,,Profondeur,24,1,0,,Hauteur,34 1/2,1,0,,Hauteur de plafond,,0,0,,Type de coin,Non,1,0,,Style de porte,Shaker,1,0,,Moulure,1 po,1,0,,Couleur,Blanc Pur,1,0,,B24,Armoire de bas,Armoires de cuisine > Armoires de bas > Standard,,2,24,,24,34 1/2,,Non,Blanc Pur,1 po,Shaker 1 po - Blanc Pur,Trousse Design p.6
variation,B24-BP3,Armoire de bas - 24 x 24 x 34 1/2 po - Shaker 3 po - Blanc Pur,0,0,visible,"Armoire de bas Dilamco, dimensions 24 x 24 x 34 1/2 po. Finition Shaker disponible selon les variantes.","Module Dilamco armoire de bas (B24), dimensions 24 x 24 x 34 1/2 po. Cabinet en contreplaqué avec fini intérieur en placage de bouleau. Porte HDF avec moulure en bouleau. Fini extérieur assorti à la porte selon la finition choisie. Prix, disponibilité, panneaux de finition, fillers et installation à confirmer avant publication.",,,taxable,1,,0,0,0,Armoires de cuisine > Armoires de bas > Standard,"Dilamco, armoires, Shaker, catalogue technique",,sku:B24,2,Type de module,Armoire de bas,1,0,,Largeur,24,1,0,,Largeur B,,0,0,,Profondeur,24,1,0,,Hauteur,34 1/2,1,0,,Hauteur de plafond,,0,0,,Type de coin,Non,1,0,,Style de porte,Shaker,1,0,,Moulure,3 po,1,0,,Couleur,Blanc Pur,1,0,,B24,Armoire de bas,Armoires de cuisine > Armoires de bas > Standard,,2,24,,24,34 1/2,,Non,Blanc Pur,3 po,Shaker 3 po - Blanc Pur,Trousse Design p.6
variation,B24-CB1,Armoire de bas - 24 x 24 x 34 1/2 po - Shaker 1 po - Chêne blanc,0,0,visible,"Armoire de bas Dilamco, dimensions 24 x 24 x 34 1/2 po. Finition Shaker disponible selon les variantes.","Module Dilamco armoire de bas (B24), dimensions 24 x 24 x 34 1/2 po. Cabinet en contreplaqué avec fini intérieur en placage de bouleau. Porte HDF avec moulure en bouleau. Fini extérieur assorti à la porte selon la finition choisie. Prix, disponibilité, panneaux de finition, fillers et installation à confirmer avant publication.",,,taxable,1,,0,0,0,Armoires de cuisine > Armoires de bas > Standard,"Dilamco, armoires, Shaker, catalogue technique",,sku:B24,3,Type de module,Armoire de bas,1,0,,Largeur,24,1,0,,Largeur B,,0,0,,Profondeur,24,1,0,,Hauteur,34 1/2,1,0,,Hauteur de plafond,,0,0,,Type de coin,Non,1,0,,Style de porte,Shaker,1,0,,Moulure,1 po,1,0,,Couleur,Chêne blanc,1,0,,B24,Armoire de bas,Armoires de cuisine > Armoires de bas > Standard,,2,24,,24,34 1/2,,Non,Chêne blanc,1 po,Shaker 1 po - Chêne blanc,Trousse Design p.6
variation,B24-CB3,Armoire de bas - 24 x 24 x 34 1/2 po - Shaker 3 po - Chêne blanc,0,0,visible,"Armoire de bas Dilamco, dimensions 24 x 24 x 34 1/2 po. Finition Shaker disponible selon les variantes.","Module Dilamco armoire de bas (B24), dimensions 24 x 24 x 34 1/2 po. Cabinet en contreplaqué avec fini intérieur en placage de bouleau. Porte HDF avec moulure en bouleau. Fini extérieur assorti à la porte selon la finition choisie. Prix, disponibilité, panneaux de finition, fillers et installation à confirmer avant publication.",,,taxable,1,,0,0,0,Armoires de cuisine > Armoires de bas > Standard,"Dilamco, armoires, Shaker, catalogue technique",,sku:B24,4,Type de module,Armoire de bas,1,0,,Largeur,24,1,0,,Largeur B,,0,0,,Profondeur,24,1,0,,Hauteur,34 1/2,1,0,,Hauteur de plafond,,0,0,,Type de coin,Non,1,0,,Style de porte,Shaker,1,0,,Moulure,3 po,1,0,,Couleur,Chêne blanc,1,0,,B24,Armoire de bas,Armoires de cuisine > Armoires de bas > Standard,,2,24,,24,34 1/2,,Non,Chêne blanc,3 po,Shaker 3 po - Chêne blanc,Trousse Design p.6
variation,B24-BM1,Armoire de bas - 24 x 24 x 34 1/2 po - Shaker 1 po - Bleu marin,0,0,visible,"Armoire de bas Dilamco, dimensions 24 x 24 x 34 1/2 po. Finition Shaker disponible selon les variantes.","Module Dilamco armoire de bas (B24), dimensions 24 x 24 x 34 1/2 po. Cabinet en contreplaqué avec fini intérieur en placage de bouleau. Porte HDF avec moulure en bouleau. Fini extérieur assorti à la porte selon la finition choisie. Prix, disponibilité, panneaux de finition, fillers et installation à confirmer avant publication.",,,taxable,1,,0,0,0,Armoires de cuisine > Armoires de bas > Standard,"Dilamco, armoires, Shaker, catalogue technique",,sku:B24,5,Type de module,Armoire de bas,1,0,,Largeur,24,1,0,,Largeur B,,0,0,,Profondeur,24,1,0,,Hauteur,34 1/2,1,0,,Hauteur de plafond,,0,0,,Type de coin,Non,1,0,,Style de porte,Shaker,1,0,,Moulure,1 po,1,0,,Couleur,Bleu marin,1,0,,B24,Armoire de bas,Armoires de cuisine > Armoires de bas > Standard,,2,24,,24,34 1/2,,Non,Bleu marin,1 po,Shaker 1 po - Bleu marin,Trousse Design p.6
variation,B24-BM3,Armoire de bas - 24 x 24 x 34 1/2 po - Shaker 3 po - Bleu marin,0,0,visible,"Armoire de bas Dilamco, dimensions 24 x 24 x 34 1/2 po. Finition Shaker disponible selon les variantes.","Module Dilamco armoire de bas (B24), dimensions 24 x 24 x 34 1/2 po. Cabinet en contreplaqué avec fini intérieur en placage de bouleau. Porte HDF avec moulure en bouleau. Fini extérieur assorti à la porte selon la finition choisie. Prix, disponibilité, panneaux de finition, fillers et installation à confirmer avant publication.",,,taxable,1,,0,0,0,Armoires de cuisine > Armoires de bas > Standard,"Dilamco, armoires, Shaker, catalogue technique",,sku:B24,6,Type de module,Armoire de bas,1,0,,Largeur,24,1,0,,Largeur B,,0,0,,Profondeur,24,1,0,,Hauteur,34 1/2,1,0,,Hauteur de plafond,,0,0,,Type de coin,Non,1,0,,Style de porte,Shaker,1,0,,Moulure,3 po,1,0,,Couleur,Bleu marin,1,0,,B24,Armoire de bas,Armoires de cuisine > Armoires de bas > Standard,,2,24,,24,34 1/2,,Non,Bleu marin,3 po,Shaker 3 po - Bleu marin,Trousse Design p.6
variable,B27,Armoire de bas - 27 x 24 x 34 1/2 po,0,0,visible,"Armoire de bas Dilamco, dimensions 27 x 24 x 34 1/2 po. Finition Shaker disponible selon les variantes.","Module Dilamco armoire de bas (B27), dimensions 27 x 24 x 34 1/2 po. Cabinet en contreplaqué avec fini intérieur en placage de bouleau. Porte HDF avec moulure en bouleau. Fini extérieur assorti à la porte selon la finition choisie. Prix, disponibilité, panneaux de finition, fillers et installation à confirmer avant publication.",,,taxable,1,,0,0,0,Armoires de cuisine > Armoires de bas > Standard,"Dilamco, armoires, Shaker, catalogue technique",,,0,Type de module,Armoire de bas,1,0,,Largeur,27,1,0,,Largeur B,,0,0,,Profondeur,24,1,0,,Hauteur,34 1/2,1,0,,Hauteur de plafond,,0,0,,Type de coin,Non,1,0,,Style de porte,Shaker,1,0,Shaker,Moulure,1 po | 3 po,1,0,1 po,Couleur,Blanc Pur | Chêne blanc | Bleu marin,1,0,Blanc Pur,B27,Armoire de bas,Armoires de cuisine > Armoires de bas > Standard,,2,27,,24,34 1/2,,Non,,,,Trousse Design p.6
variation,B27-BP1,Armoire de bas - 27 x 24 x 34 1/2 po - Shaker 1 po - Blanc Pur,0,0,visible,"Armoire de bas Dilamco, dimensions 27 x 24 x 34 1/2 po. Finition Shaker disponible selon les variantes.","Module Dilamco armoire de bas (B27), dimensions 27 x 24 x 34 1/2 po. Cabinet en contreplaqué avec fini intérieur en placage de bouleau. Porte HDF avec moulure en bouleau. Fini extérieur assorti à la porte selon la finition choisie. Prix, disponibilité, panneaux de finition, fillers et installation à confirmer avant publication.",,,taxable,1,,0,0,0,Armoires de cuisine > Armoires de bas > Standard,"Dilamco, armoires, Shaker, catalogue technique",,sku:B27,1,Type de module,Armoire de bas,1,0,,Largeur,27,1,0,,Largeur B,,0,0,,Profondeur,24,1,0,,Hauteur,34 1/2,1,0,,Hauteur de plafond,,0,0,,Type de coin,Non,1,0,,Style de porte,Shaker,1,0,,Moulure,1 po,1,0,,Couleur,Blanc Pur,1,0,,B27,Armoire de bas,Armoires de cuisine > Armoires de bas > Standard,,2,27,,24,34 1/2,,Non,Blanc Pur,1 po,Shaker 1 po - Blanc Pur,Trousse Design p.6
variation,B27-BP3,Armoire de bas - 27 x 24 x 34 1/2 po - Shaker 3 po - Blanc Pur,0,0,visible,"Armoire de bas Dilamco, dimensions 27 x 24 x 34 1/2 po. Finition Shaker disponible selon les variantes.","Module Dilamco armoire de bas (B27), dimensions 27 x 24 x 34 1/2 po. Cabinet en contreplaqué avec fini intérieur en placage de bouleau. Porte HDF avec moulure en bouleau. Fini extérieur assorti à la porte selon la finition choisie. Prix, disponibilité, panneaux de finition, fillers et installation à confirmer avant publication.",,,taxable,1,,0,0,0,Armoires de cuisine > Armoires de bas > Standard,"Dilamco, armoires, Shaker, catalogue technique",,sku:B27,2,Type de module,Armoire de bas,1,0,,Largeur,27,1,0,,Largeur B,,0,0,,Profondeur,24,1,0,,Hauteur,34 1/2,1,0,,Hauteur de plafond,,0,0,,Type de coin,Non,1,0,,Style de porte,Shaker,1,0,,Moulure,3 po,1,0,,Couleur,Blanc Pur,1,0,,B27,Armoire de bas,Armoires de cuisine > Armoires de bas > Standard,,2,27,,24,34 1/2,,Non,Blanc Pur,3 po,Shaker 3 po - Blanc Pur,Trousse Design p.6
variation,B27-CB1,Armoire de bas - 27 x 24 x 34 1/2 po - Shaker 1 po - Chêne blanc,0,0,visible,"Armoire de bas Dilamco, dimensions 27 x 24 x 34 1/2 po. Finition Shaker disponible selon les variantes.","Module Dilamco armoire de bas (B27), dimensions 27 x 24 x 34 1/2 po. Cabinet en contreplaqué avec fini intérieur en placage de bouleau. Porte HDF avec moulure en bouleau. Fini extérieur assorti à la porte selon la finition choisie. Prix, disponibilité, panneaux de finition, fillers et installation à confirmer avant publication.",,,taxable,1,,0,0,0,Armoires de cuisine > Armoires de bas > Standard,"Dilamco, armoires, Shaker, catalogue technique",,sku:B27,3,Type de module,Armoire de bas,1,0,,Largeur,27,1,0,,Largeur B,,0,0,,Profondeur,24,1,0,,Hauteur,34 1/2,1,0,,Hauteur de plafond,,0,0,,Type de coin,Non,1,0,,Style de porte,Shaker,1,0,,Moulure,1 po,1,0,,Couleur,Chêne blanc,1,0,,B27,Armoire de bas,Armoires de cuisine > Armoires de bas > Standard,,2,27,,24,34 1/2,,Non,Chêne blanc,1 po,Shaker 1 po - Chêne blanc,Trousse Design p.6
variation,B27-CB3,Armoire de bas - 27 x 24 x 34 1/2 po - Shaker 3 po - Chêne blanc,0,0,visible,"Armoire de bas Dilamco, dimensions 27 x 24 x 34 1/2 po. Finition Shaker disponible selon les variantes.","Module Dilamco armoire de bas (B27), dimensions 27 x 24 x 34 1/2 po. Cabinet en contreplaqué avec fini intérieur en placage de bouleau. Porte HDF avec moulure en bouleau. Fini extérieur assorti à la porte selon la finition choisie. Prix, disponibilité, panneaux de finition, fillers et installation à confirmer avant publication.",,,taxable,1,,0,0,0,Armoires de cuisine > Armoires de bas > Standard,"Dilamco, armoires, Shaker, catalogue technique",,sku:B27,4,Type de module,Armoire de bas,1,0,,Largeur,27,1,0,,Largeur B,,0,0,,Profondeur,24,1,0,,Hauteur,34 1/2,1,0,,Hauteur de plafond,,0,0,,Type de coin,Non,1,0,,Style de porte,Shaker,1,0,,Moulure,3 po,1,0,,Couleur,Chêne blanc,1,0,,B27,Armoire de bas,Armoires de cuisine > Armoires de bas > Standard,,2,27,,24,34 1/2,,Non,Chêne blanc,3 po,Shaker 3 po - Chêne blanc,Trousse Design p.6
variation,B27-BM1,Armoire de bas - 27 x 24 x 34 1/2 po - Shaker 1 po - Bleu marin,0,0,visible,"Armoire de bas Dilamco, dimensions 27 x 24 x 34 1/2 po. Finition Shaker disponible selon les variantes.","Module Dilamco armoire de bas (B27), dimensions 27 x 24 x 34 1/2 po. Cabinet en contreplaqué avec fini intérieur en placage de bouleau. Porte HDF avec moulure en bouleau. Fini extérieur assorti à la porte selon la finition choisie. Prix, disponibilité, panneaux de finition, fillers et installation à confirmer avant publication.",,,taxable,1,,0,0,0,Armoires de cuisine > Armoires de bas > Standard,"Dilamco, armoires, Shaker, catalogue technique",,sku:B27,5,Type de module,Armoire de bas,1,0,,Largeur,27,1,0,,Largeur B,,0,0,,Profondeur,24,1,0,,Hauteur,34 1/2,1,0,,Hauteur de plafond,,0,0,,Type de coin,Non,1,0,,Style de porte,Shaker,1,0,,Moulure,1 po,1,0,,Couleur,Bleu marin,1,0,,B27,Armoire de bas,Armoires de cuisine > Armoires de bas > Standard,,2,27,,24,34 1/2,,Non,Bleu marin,1 po,Shaker 1 po - Bleu marin,Trousse Design p.6
variation,B27-BM3,Armoire de bas - 27 x 24 x 34 1/2 po - Shaker 3 po - Bleu marin,0,0,visible,"Armoire de bas Dilamco, dimensions 27 x 24 x 34 1/2 po. Finition Shaker disponible selon les variantes.","Module Dilamco armoire de bas (B27), dimensions 27 x 24 x 34 1/2 po. Cabinet en contreplaqué avec fini intérieur en placage de bouleau. Porte HDF avec moulure en bouleau. Fini extérieur assorti à la porte selon la finition choisie. Prix, disponibilité, panneaux de finition, fillers et installation à confirmer avant publication.",,,taxable,1,,0,0,0,Armoires de cuisine > Armoires de bas > Standard,"Dilamco, armoires, Shaker, catalogue technique",,sku:B27,6,Type de module,Armoire de bas,1,0,,Largeur,27,1,0,,Largeur B,,0,0,,Profondeur,24,1,0,,Hauteur,34 1/2,1,0,,Hauteur de plafond,,0,0,,Type de coin,Non,1,0,,Style de porte,Shaker,1,0,,Moulure,3 po,1,0,,Couleur,Bleu marin,1,0,,B27,Armoire de bas,Armoires de cuisine > Armoires de bas > Standard,,2,27,,24,34 1/2,,Non,Bleu marin,3 po,Shaker 3 po - Bleu marin,Trousse Design p.6
variable,B30,Armoire de bas - 30 x 24 x 34 1/2 po,0,0,visible,"Armoire de bas Dilamco, dimensions 30 x 24 x 34 1/2 po. Finition Shaker disponible selon les variantes.","Module Dilamco armoire de bas (B30), dimensions 30 x 24 x 34 1/2 po. Cabinet en contreplaqué avec fini intérieur en placage de bouleau. Porte HDF avec moulure en bouleau. Fini extérieur assorti à la porte selon la finition choisie. Prix, disponibilité, panneaux de finition, fillers et installation à confirmer avant publication.",,,taxable,1,,0,0,0,Armoires de cuisine > Armoires de bas > Standard,"Dilamco, armoires, Shaker, catalogue technique",,,0,Type de module,Armoire de bas,1,0,,Largeur,30,1,0,,Largeur B,,0,0,,Profondeur,24,1,0,,Hauteur,34 1/2,1,0,,Hauteur de plafond,,0,0,,Type de coin,Non,1,0,,Style de porte,Shaker,1,0,Shaker,Moulure,1 po | 3 po,1,0,1 po,Couleur,Blanc Pur | Chêne blanc | Bleu marin,1,0,Blanc Pur,B30,Armoire de bas,Armoires de cuisine > Armoires de bas > Standard,,2,30,,24,34 1/2,,Non,,,,Trousse Design p.6
variation,B30-BP1,Armoire de bas - 30 x 24 x 34 1/2 po - Shaker 1 po - Blanc Pur,0,0,visible,"Armoire de bas Dilamco, dimensions 30 x 24 x 34 1/2 po. Finition Shaker disponible selon les variantes.","Module Dilamco armoire de bas (B30), dimensions 30 x 24 x 34 1/2 po. Cabinet en contreplaqué avec fini intérieur en placage de bouleau. Porte HDF avec moulure en bouleau. Fini extérieur assorti à la porte selon la finition choisie. Prix, disponibilité, panneaux de finition, fillers et installation à confirmer avant publication.",,,taxable,1,,0,0,0,Armoires de cuisine > Armoires de bas > Standard,"Dilamco, armoires, Shaker, catalogue technique",,sku:B30,1,Type de module,Armoire de bas,1,0,,Largeur,30,1,0,,Largeur B,,0,0,,Profondeur,24,1,0,,Hauteur,34 1/2,1,0,,Hauteur de plafond,,0,0,,Type de coin,Non,1,0,,Style de porte,Shaker,1,0,,Moulure,1 po,1,0,,Couleur,Blanc Pur,1,0,,B30,Armoire de bas,Armoires de cuisine > Armoires de bas > Standard,,2,30,,24,34 1/2,,Non,Blanc Pur,1 po,Shaker 1 po - Blanc Pur,Trousse Design p.6
variation,B30-BP3,Armoire de bas - 30 x 24 x 34 1/2 po - Shaker 3 po - Blanc Pur,0,0,visible,"Armoire de bas Dilamco, dimensions 30 x 24 x 34 1/2 po. Finition Shaker disponible selon les variantes.","Module Dilamco armoire de bas (B30), dimensions 30 x 24 x 34 1/2 po. Cabinet en contreplaqué avec fini intérieur en placage de bouleau. Porte HDF avec moulure en bouleau. Fini extérieur assorti à la porte selon la finition choisie. Prix, disponibilité, panneaux de finition, fillers et installation à confirmer avant publication.",,,taxable,1,,0,0,0,Armoires de cuisine > Armoires de bas > Standard,"Dilamco, armoires, Shaker, catalogue technique",,sku:B30,2,Type de module,Armoire de bas,1,0,,Largeur,30,1,0,,Largeur B,,0,0,,Profondeur,24,1,0,,Hauteur,34 1/2,1,0,,Hauteur de plafond,,0,0,,Type de coin,Non,1,0,,Style de porte,Shaker,1,0,,Moulure,3 po,1,0,,Couleur,Blanc Pur,1,0,,B30,Armoire de bas,Armoires de cuisine > Armoires de bas > Standard,,2,30,,24,34 1/2,,Non,Blanc Pur,3 po,Shaker 3 po - Blanc Pur,Trousse Design p.6
variation,B30-CB1,Armoire de bas - 30 x 24 x 34 1/2 po - Shaker 1 po - Chêne blanc,0,0,visible,"Armoire de bas Dilamco, dimensions 30 x 24 x 34 1/2 po. Finition Shaker disponible selon les variantes.","Module Dilamco armoire de bas (B30), dimensions 30 x 24 x 34 1/2 po. Cabinet en contreplaqué avec fini intérieur en placage de bouleau. Porte HDF avec moulure en bouleau. Fini extérieur assorti à la porte selon la finition choisie. Prix, disponibilité, panneaux de finition, fillers et installation à confirmer avant publication.",,,taxable,1,,0,0,0,Armoires de cuisine > Armoires de bas > Standard,"Dilamco, armoires, Shaker, catalogue technique",,sku:B30,3,Type de module,Armoire de bas,1,0,,Largeur,30,1,0,,Largeur B,,0,0,,Profondeur,24,1,0,,Hauteur,34 1/2,1,0,,Hauteur de plafond,,0,0,,Type de coin,Non,1,0,,Style de porte,Shaker,1,0,,Moulure,1 po,1,0,,Couleur,Chêne blanc,1,0,,B30,Armoire de bas,Armoires de cuisine > Armoires de bas > Standard,,2,30,,24,34 1/2,,Non,Chêne blanc,1 po,Shaker 1 po - Chêne blanc,Trousse Design p.6
variation,B30-CB3,Armoire de bas - 30 x 24 x 34 1/2 po - Shaker 3 po - Chêne blanc,0,0,visible,"Armoire de bas Dilamco, dimensions 30 x 24 x 34 1/2 po. Finition Shaker disponible selon les variantes.","Module Dilamco armoire de bas (B30), dimensions 30 x 24 x 34 1/2 po. Cabinet en contreplaqué avec fini intérieur en placage de bouleau. Porte HDF avec moulure en bouleau. Fini extérieur assorti à la porte selon la finition choisie. Prix, disponibilité, panneaux de finition, fillers et installation à confirmer avant publication.",,,taxable,1,,0,0,0,Armoires de cuisine > Armoires de bas > Standard,"Dilamco, armoires, Shaker, catalogue technique",,sku:B30,4,Type de module,Armoire de bas,1,0,,Largeur,30,1,0,,Largeur B,,0,0,,Profondeur,24,1,0,,Hauteur,34 1/2,1,0,,Hauteur de plafond,,0,0,,Type de coin,Non,1,0,,Style de porte,Shaker,1,0,,Moulure,3 po,1,0,,Couleur,Chêne blanc,1,0,,B30,Armoire de bas,Armoires de cuisine > Armoires de bas > Standard,,2,30,,24,34 1/2,,Non,Chêne blanc,3 po,Shaker 3 po - Chêne blanc,Trousse Design p.6
variation,B30-BM1,Armoire de bas - 30 x 24 x 34 1/2 po - Shaker 1 po - Bleu marin,0,0,visible,"Armoire de bas Dilamco, dimensions 30 x 24 x 34 1/2 po. Finition Shaker disponible selon les variantes.","Module Dilamco armoire de bas (B30), dimensions 30 x 24 x 34 1/2 po. Cabinet en contreplaqué avec fini intérieur en placage de bouleau. Porte HDF avec moulure en bouleau. Fini extérieur assorti à la porte selon la finition choisie. Prix, disponibilité, panneaux de finition, fillers et installation à confirmer avant publication.",,,taxable,1,,0,0,0,Armoires de cuisine > Armoires de bas > Standard,"Dilamco, armoires, Shaker, catalogue technique",,sku:B30,5,Type de module,Armoire de bas,1,0,,Largeur,30,1,0,,Largeur B,,0,0,,Profondeur,24,1,0,,Hauteur,34 1/2,1,0,,Hauteur de plafond,,0,0,,Type de coin,Non,1,0,,Style de porte,Shaker,1,0,,Moulure,1 po,1,0,,Couleur,Bleu marin,1,0,,B30,Armoire de bas,Armoires de cuisine > Armoires de bas > Standard,,2,30,,24,34 1/2,,Non,Bleu marin,1 po,Shaker 1 po - Bleu marin,Trousse Design p.6
variation,B30-BM3,Armoire de bas - 30 x 24 x 34 1/2 po - Shaker 3 po - Bleu marin,0,0,visible,"Armoire de bas Dilamco, dimensions 30 x 24 x 34 1/2 po. Finition Shaker disponible selon les variantes.","Module Dilamco armoire de bas (B30), dimensions 30 x 24 x 34 1/2 po. Cabinet en contreplaqué avec fini intérieur en placage de bouleau. Porte HDF avec moulure en bouleau. Fini extérieur assorti à la porte selon la finition choisie. Prix, disponibilité, panneaux de finition, fillers et installation à confirmer avant publication.",,,taxable,1,,0,0,0,Armoires de cuisine > Armoires de bas > Standard,"Dilamco, armoires, Shaker, catalogue technique",,sku:B30,6,Type de module,Armoire de bas,1,0,,Largeur,30,1,0,,Largeur B,,0,0,,Profondeur,24,1,0,,Hauteur,34 1/2,1,0,,Hauteur de plafond,,0,0,,Type de coin,Non,1,0,,Style de porte,Shaker,1,0,,Moulure,3 po,1,0,,Couleur,Bleu marin,1,0,,B30,Armoire de bas,Armoires de cuisine > Armoires de bas > Standard,,2,30,,24,34 1/2,,Non,Bleu marin,3 po,Shaker 3 po - Bleu marin,Trousse Design p.6
variable,B33,Armoire de bas - 33 x 24 x 34 1/2 po,0,0,visible,"Armoire de bas Dilamco, dimensions 33 x 24 x 34 1/2 po. Finition Shaker disponible selon les variantes.","Module Dilamco armoire de bas (B33), dimensions 33 x 24 x 34 1/2 po. Cabinet en contreplaqué avec fini intérieur en placage de bouleau. Porte HDF avec moulure en bouleau. Fini extérieur assorti à la porte selon la finition choisie. Prix, disponibilité, panneaux de finition, fillers et installation à confirmer avant publication.",,,taxable,1,,0,0,0,Armoires de cuisine > Armoires de bas > Standard,"Dilamco, armoires, Shaker, catalogue technique",,,0,Type de module,Armoire de bas,1,0,,Largeur,33,1,0,,Largeur B,,0,0,,Profondeur,24,1,0,,Hauteur,34 1/2,1,0,,Hauteur de plafond,,0,0,,Type de coin,Non,1,0,,Style de porte,Shaker,1,0,Shaker,Moulure,1 po | 3 po,1,0,1 po,Couleur,Blanc Pur | Chêne blanc | Bleu marin,1,0,Blanc Pur,B33,Armoire de bas,Armoires de cuisine > Armoires de bas > Standard,,2,33,,24,34 1/2,,Non,,,,Trousse Design p.6
variation,B33-BP1,Armoire de bas - 33 x 24 x 34 1/2 po - Shaker 1 po - Blanc Pur,0,0,visible,"Armoire de bas Dilamco, dimensions 33 x 24 x 34 1/2 po. Finition Shaker disponible selon les variantes.","Module Dilamco armoire de bas (B33), dimensions 33 x 24 x 34 1/2 po. Cabinet en contreplaqué avec fini intérieur en placage de bouleau. Porte HDF avec moulure en bouleau. Fini extérieur assorti à la porte selon la finition choisie. Prix, disponibilité, panneaux de finition, fillers et installation à confirmer avant publication.",,,taxable,1,,0,0,0,Armoires de cuisine > Armoires de bas > Standard,"Dilamco, armoires, Shaker, catalogue technique",,sku:B33,1,Type de module,Armoire de bas,1,0,,Largeur,33,1,0,,Largeur B,,0,0,,Profondeur,24,1,0,,Hauteur,34 1/2,1,0,,Hauteur de plafond,,0,0,,Type de coin,Non,1,0,,Style de porte,Shaker,1,0,,Moulure,1 po,1,0,,Couleur,Blanc Pur,1,0,,B33,Armoire de bas,Armoires de cuisine > Armoires de bas > Standard,,2,33,,24,34 1/2,,Non,Blanc Pur,1 po,Shaker 1 po - Blanc Pur,Trousse Design p.6
variation,B33-BP3,Armoire de bas - 33 x 24 x 34 1/2 po - Shaker 3 po - Blanc Pur,0,0,visible,"Armoire de bas Dilamco, dimensions 33 x 24 x 34 1/2 po. Finition Shaker disponible selon les variantes.","Module Dilamco armoire de bas (B33), dimensions 33 x 24 x 34 1/2 po. Cabinet en contreplaqué avec fini intérieur en placage de bouleau. Porte HDF avec moulure en bouleau. Fini extérieur assorti à la porte selon la finition choisie. Prix, disponibilité, panneaux de finition, fillers et installation à confirmer avant publication.",,,taxable,1,,0,0,0,Armoires de cuisine > Armoires de bas > Standard,"Dilamco, armoires, Shaker, catalogue technique",,sku:B33,2,Type de module,Armoire de bas,1,0,,Largeur,33,1,0,,Largeur B,,0,0,,Profondeur,24,1,0,,Hauteur,34 1/2,1,0,,Hauteur de plafond,,0,0,,Type de coin,Non,1,0,,Style de porte,Shaker,1,0,,Moulure,3 po,1,0,,Couleur,Blanc Pur,1,0,,B33,Armoire de bas,Armoires de cuisine > Armoires de bas > Standard,,2,33,,24,34 1/2,,Non,Blanc Pur,3 po,Shaker 3 po - Blanc Pur,Trousse Design p.6
variation,B33-CB1,Armoire de bas - 33 x 24 x 34 1/2 po - Shaker 1 po - Chêne blanc,0,0,visible,"Armoire de bas Dilamco, dimensions 33 x 24 x 34 1/2 po. Finition Shaker disponible selon les variantes.","Module Dilamco armoire de bas (B33), dimensions 33 x 24 x 34 1/2 po. Cabinet en contreplaqué avec fini intérieur en placage de bouleau. Porte HDF avec moulure en bouleau. Fini extérieur assorti à la porte selon la finition choisie. Prix, disponibilité, panneaux de finition, fillers et installation à confirmer avant publication.",,,taxable,1,,0,0,0,Armoires de cuisine > Armoires de bas > Standard,"Dilamco, armoires, Shaker, catalogue technique",,sku:B33,3,Type de module,Armoire de bas,1,0,,Largeur,33,1,0,,Largeur B,,0,0,,Profondeur,24,1,0,,Hauteur,34 1/2,1,0,,Hauteur de plafond,,0,0,,Type de coin,Non,1,0,,Style de porte,Shaker,1,0,,Moulure,1 po,1,0,,Couleur,Chêne blanc,1,0,,B33,Armoire de bas,Armoires de cuisine > Armoires de bas > Standard,,2,33,,24,34 1/2,,Non,Chêne blanc,1 po,Shaker 1 po - Chêne blanc,Trousse Design p.6
variation,B33-CB3,Armoire de bas - 33 x 24 x 34 1/2 po - Shaker 3 po - Chêne blanc,0,0,visible,"Armoire de bas Dilamco, dimensions 33 x 24 x 34 1/2 po. Finition Shaker disponible selon les variantes.","Module Dilamco armoire de bas (B33), dimensions 33 x 24 x 34 1/2 po. Cabinet en contreplaqué avec fini intérieur en placage de bouleau. Porte HDF avec moulure en bouleau. Fini extérieur assorti à la porte selon la finition choisie. Prix, disponibilité, panneaux de finition, fillers et installation à confirmer avant publication.",,,taxable,1,,0,0,0,Armoires de cuisine > Armoires de bas > Standard,"Dilamco, armoires, Shaker, catalogue technique",,sku:B33,4,Type de module,Armoire de bas,1,0,,Largeur,33,1,0,,Largeur B,,0,0,,Profondeur,24,1,0,,Hauteur,34 1/2,1,0,,Hauteur de plafond,,0,0,,Type de coin,Non,1,0,,Style de porte,Shaker,1,0,,Moulure,3 po,1,0,,Couleur,Chêne blanc,1,0,,B33,Armoire de bas,Armoires de cuisine > Armoires de bas > Standard,,2,33,,24,34 1/2,,Non,Chêne blanc,3 po,Shaker 3 po - Chêne blanc,Trousse Design p.6
variation,B33-BM1,Armoire de bas - 33 x 24 x 34 1/2 po - Shaker 1 po - Bleu marin,0,0,visible,"Armoire de bas Dilamco, dimensions 33 x 24 x 34 1/2 po. Finition Shaker disponible selon les variantes.","Module Dilamco armoire de bas (B33), dimensions 33 x 24 x 34 1/2 po. Cabinet en contreplaqué avec fini intérieur en placage de bouleau. Porte HDF avec moulure en bouleau. Fini extérieur assorti à la porte selon la finition choisie. Prix, disponibilité, panneaux de finition, fillers et installation à confirmer avant publication.",,,taxable,1,,0,0,0,Armoires de cuisine > Armoires de bas > Standard,"Dilamco, armoires, Shaker, catalogue technique",,sku:B33,5,Type de module,Armoire de bas,1,0,,Largeur,33,1,0,,Largeur B,,0,0,,Profondeur,24,1,0,,Hauteur,34 1/2,1,0,,Hauteur de plafond,,0,0,,Type de coin,Non,1,0,,Style de porte,Shaker,1,0,,Moulure,1 po,1,0,,Couleur,Bleu marin,1,0,,B33,Armoire de bas,Armoires de cuisine > Armoires de bas > Standard,,2,33,,24,34 1/2,,Non,Bleu marin,1 po,Shaker 1 po - Bleu marin,Trousse Design p.6
variation,B33-BM3,Armoire de bas - 33 x 24 x 34 1/2 po - Shaker 3 po - Bleu marin,0,0,visible,"Armoire de bas Dilamco, dimensions 33 x 24 x 34 1/2 po. Finition Shaker disponible selon les variantes.","Module Dilamco armoire de bas (B33), dimensions 33 x 24 x 34 1/2 po. Cabinet en contreplaqué avec fini intérieur en placage de bouleau. Porte HDF avec moulure en bouleau. Fini extérieur assorti à la porte selon la finition choisie. Prix, disponibilité, panneaux de finition, fillers et installation à confirmer avant publication.",,,taxable,1,,0,0,0,Armoires de cuisine > Armoires de bas > Standard,"Dilamco, armoires, Shaker, catalogue technique",,sku:B33,6,Type de module,Armoire de bas,1,0,,Largeur,33,1,0,,Largeur B,,0,0,,Profondeur,24,1,0,,Hauteur,34 1/2,1,0,,Hauteur de plafond,,0,0,,Type de coin,Non,1,0,,Style de porte,Shaker,1,0,,Moulure,3 po,1,0,,Couleur,Bleu marin,1,0,,B33,Armoire de bas,Armoires de cuisine > Armoires de bas > Standard,,2,33,,24,34 1/2,,Non,Bleu marin,3 po,Shaker 3 po - Bleu marin,Trousse Design p.6
variable,B36,Armoire de bas - 36 x 24 x 34 1/2 po,0,0,visible,"Armoire de bas Dilamco, dimensions 36 x 24 x 34 1/2 po. Finition Shaker disponible selon les variantes.","Module Dilamco armoire de bas (B36), dimensions 36 x 24 x 34 1/2 po. Cabinet en contreplaqué avec fini intérieur en placage de bouleau. Porte HDF avec moulure en bouleau. Fini extérieur assorti à la porte selon la finition choisie. Prix, disponibilité, panneaux de finition, fillers et installation à confirmer avant publication.",,,taxable,1,,0,0,0,Armoires de cuisine > Armoires de bas > Standard,"Dilamco, armoires, Shaker, catalogue technique",,,0,Type de module,Armoire de bas,1,0,,Largeur,36,1,0,,Largeur B,,0,0,,Profondeur,24,1,0,,Hauteur,34 1/2,1,0,,Hauteur de plafond,,0,0,,Type de coin,Non,1,0,,Style de porte,Shaker,1,0,Shaker,Moulure,1 po | 3 po,1,0,1 po,Couleur,Blanc Pur | Chêne blanc | Bleu marin,1,0,Blanc Pur,B36,Armoire de bas,Armoires de cuisine > Armoires de bas > Standard,,2,36,,24,34 1/2,,Non,,,,Trousse Design p.6
variation,B36-BP1,Armoire de bas - 36 x 24 x 34 1/2 po - Shaker 1 po - Blanc Pur,0,0,visible,"Armoire de bas Dilamco, dimensions 36 x 24 x 34 1/2 po. Finition Shaker disponible selon les variantes.","Module Dilamco armoire de bas (B36), dimensions 36 x 24 x 34 1/2 po. Cabinet en contreplaqué avec fini intérieur en placage de bouleau. Porte HDF avec moulure en bouleau. Fini extérieur assorti à la porte selon la finition choisie. Prix, disponibilité, panneaux de finition, fillers et installation à confirmer avant publication.",,,taxable,1,,0,0,0,Armoires de cuisine > Armoires de bas > Standard,"Dilamco, armoires, Shaker, catalogue technique",,sku:B36,1,Type de module,Armoire de bas,1,0,,Largeur,36,1,0,,Largeur B,,0,0,,Profondeur,24,1,0,,Hauteur,34 1/2,1,0,,Hauteur de plafond,,0,0,,Type de coin,Non,1,0,,Style de porte,Shaker,1,0,,Moulure,1 po,1,0,,Couleur,Blanc Pur,1,0,,B36,Armoire de bas,Armoires de cuisine > Armoires de bas > Standard,,2,36,,24,34 1/2,,Non,Blanc Pur,1 po,Shaker 1 po - Blanc Pur,Trousse Design p.6
variation,B36-BP3,Armoire de bas - 36 x 24 x 34 1/2 po - Shaker 3 po - Blanc Pur,0,0,visible,"Armoire de bas Dilamco, dimensions 36 x 24 x 34 1/2 po. Finition Shaker disponible selon les variantes.","Module Dilamco armoire de bas (B36), dimensions 36 x 24 x 34 1/2 po. Cabinet en contreplaqué avec fini intérieur en placage de bouleau. Porte HDF avec moulure en bouleau. Fini extérieur assorti à la porte selon la finition choisie. Prix, disponibilité, panneaux de finition, fillers et installation à confirmer avant publication.",,,taxable,1,,0,0,0,Armoires de cuisine > Armoires de bas > Standard,"Dilamco, armoires, Shaker, catalogue technique",,sku:B36,2,Type de module,Armoire de bas,1,0,,Largeur,36,1,0,,Largeur B,,0,0,,Profondeur,24,1,0,,Hauteur,34 1/2,1,0,,Hauteur de plafond,,0,0,,Type de coin,Non,1,0,,Style de porte,Shaker,1,0,,Moulure,3 po,1,0,,Couleur,Blanc Pur,1,0,,B36,Armoire de bas,Armoires de cuisine > Armoires de bas > Standard,,2,36,,24,34 1/2,,Non,Blanc Pur,3 po,Shaker 3 po - Blanc Pur,Trousse Design p.6
variation,B36-CB1,Armoire de bas - 36 x 24 x 34 1/2 po - Shaker 1 po - Chêne blanc,0,0,visible,"Armoire de bas Dilamco, dimensions 36 x 24 x 34 1/2 po. Finition Shaker disponible selon les variantes.","Module Dilamco armoire de bas (B36), dimensions 36 x 24 x 34 1/2 po. Cabinet en contreplaqué avec fini intérieur en placage de bouleau. Porte HDF avec moulure en bouleau. Fini extérieur assorti à la porte selon la finition choisie. Prix, disponibilité, panneaux de finition, fillers et installation à confirmer avant publication.",,,taxable,1,,0,0,0,Armoires de cuisine > Armoires de bas > Standard,"Dilamco, armoires, Shaker, catalogue technique",,sku:B36,3,Type de module,Armoire de bas,1,0,,Largeur,36,1,0,,Largeur B,,0,0,,Profondeur,24,1,0,,Hauteur,34 1/2,1,0,,Hauteur de plafond,,0,0,,Type de coin,Non,1,0,,Style de porte,Shaker,1,0,,Moulure,1 po,1,0,,Couleur,Chêne blanc,1,0,,B36,Armoire de bas,Armoires de cuisine > Armoires de bas > Standard,,2,36,,24,34 1/2,,Non,Chêne blanc,1 po,Shaker 1 po - Chêne blanc,Trousse Design p.6
variation,B36-CB3,Armoire de bas - 36 x 24 x 34 1/2 po - Shaker 3 po - Chêne blanc,0,0,visible,"Armoire de bas Dilamco, dimensions 36 x 24 x 34 1/2 po. Finition Shaker disponible selon les variantes.","Module Dilamco armoire de bas (B36), dimensions 36 x 24 x 34 1/2 po. Cabinet en contreplaqué avec fini intérieur en placage de bouleau. Porte HDF avec moulure en bouleau. Fini extérieur assorti à la porte selon la finition choisie. Prix, disponibilité, panneaux de finition, fillers et installation à confirmer avant publication.",,,taxable,1,,0,0,0,Armoires de cuisine > Armoires de bas > Standard,"Dilamco, armoires, Shaker, catalogue technique",,sku:B36,4,Type de module,Armoire de bas,1,0,,Largeur,36,1,0,,Largeur B,,0,0,,Profondeur,24,1,0,,Hauteur,34 1/2,1,0,,Hauteur de plafond,,0,0,,Type de coin,Non,1,0,,Style de porte,Shaker,1,0,,Moulure,3 po,1,0,,Couleur,Chêne blanc,1,0,,B36,Armoire de bas,Armoires de cuisine > Armoires de bas > Standard,,2,36,,24,34 1/2,,Non,Chêne blanc,3 po,Shaker 3 po - Chêne blanc,Trousse Design p.6
variation,B36-BM1,Armoire de bas - 36 x 24 x 34 1/2 po - Shaker 1 po - Bleu marin,0,0,visible,"Armoire de bas Dilamco, dimensions 36 x 24 x 34 1/2 po. Finition Shaker disponible selon les variantes.","Module Dilamco armoire de bas (B36), dimensions 36 x 24 x 34 1/2 po. Cabinet en contreplaqué avec fini intérieur en placage de bouleau. Porte HDF avec moulure en bouleau. Fini extérieur assorti à la porte selon la finition choisie. Prix, disponibilité, panneaux de finition, fillers et installation à confirmer avant publication.",,,taxable,1,,0,0,0,Armoires de cuisine > Armoires de bas > Standard,"Dilamco, armoires, Shaker, catalogue technique",,sku:B36,5,Type de module,Armoire de bas,1,0,,Largeur,36,1,0,,Largeur B,,0,0,,Profondeur,24,1,0,,Hauteur,34 1/2,1,0,,Hauteur de plafond,,0,0,,Type de coin,Non,1,0,,Style de porte,Shaker,1,0,,Moulure,1 po,1,0,,Couleur,Bleu marin,1,0,,B36,Armoire de bas,Armoires de cuisine > Armoires de bas > Standard,,2,36,,24,34 1/2,,Non,Bleu marin,1 po,Shaker 1 po - Bleu marin,Trousse Design p.6
variation,B36-BM3,Armoire de bas - 36 x 24 x 34 1/2 po - Shaker 3 po - Bleu marin,0,0,visible,"Armoire de bas Dilamco, dimensions 36 x 24 x 34 1/2 po. Finition Shaker disponible selon les variantes.","Module Dilamco armoire de bas (B36), dimensions 36 x 24 x 34 1/2 po. Cabinet en contreplaqué avec fini intérieur en placage de bouleau. Porte HDF avec moulure en bouleau. Fini extérieur assorti à la porte selon la finition choisie. Prix, disponibilité, panneaux de finition, fillers et installation à confirmer avant publication.",,,taxable,1,,0,0,0,Armoires de cuisine > Armoires de bas > Standard,"Dilamco, armoires, Shaker, catalogue technique",,sku:B36,6,Type de module,Armoire de bas,1,0,,Largeur,36,1,0,,Largeur B,,0,0,,Profondeur,24,1,0,,Hauteur,34 1/2,1,0,,Hauteur de plafond,,0,0,,Type de coin,Non,1,0,,Style de porte,Shaker,1,0,,Moulure,3 po,1,0,,Couleur,Bleu marin,1,0,,B36,Armoire de bas,Armoires de cuisine > Armoires de bas > Standard,,2,36,,24,34 1/2,,Non,Bleu marin,3 po,Shaker 3 po - Bleu marin,Trousse Design p.6
variable,P-09-12-84,Garde-manger - 9 x 12 x 84 po,0,0,visible,"Garde-manger Dilamco, dimensions 9 x 12 x 84 po. Finition Shaker disponible selon les variantes.","Module Dilamco garde-manger (P-09-12-84), dimensions 9 x 12 x 84 po. Cabinet en contreplaqué avec fini intérieur en placage de bouleau. Porte HDF avec moulure en bouleau. Fini extérieur assorti à la porte selon la finition choisie. Prix, disponibilité, panneaux de finition, fillers et installation à confirmer avant publication.",,,taxable,1,,0,0,0,Armoires de cuisine > Garde-manger > Profondeur 12 po,"Dilamco, armoires, Shaker, catalogue technique",,,0,Type de module,Garde-manger,1,0,,Largeur,9,1,0,,Largeur B,,0,0,,Profondeur,12,1,0,,Hauteur,84,1,0,,Hauteur de plafond,,0,0,,Type de coin,Non,1,0,,Style de porte,Shaker,1,0,Shaker,Moulure,1 po | 3 po,1,0,1 po,Couleur,Blanc Pur,1,0,Blanc Pur,P-09-12-84,Garde-manger,Armoires de cuisine > Garde-manger > Profondeur 12 po,,1,9,,12,84,,Non,,,,Trousse Design p.7
variation,P-09-12-84-BP1,Garde-manger - 9 x 12 x 84 po - Shaker 1 po - Blanc Pur,0,0,visible,"Garde-manger Dilamco, dimensions 9 x 12 x 84 po. Finition Shaker disponible selon les variantes.","Module Dilamco garde-manger (P-09-12-84), dimensions 9 x 12 x 84 po. Cabinet en contreplaqué avec fini intérieur en placage de bouleau. Porte HDF avec moulure en bouleau. Fini extérieur assorti à la porte selon la finition choisie. Prix, disponibilité, panneaux de finition, fillers et installation à confirmer avant publication.",,,taxable,1,,0,0,0,Armoires de cuisine > Garde-manger > Profondeur 12 po,"Dilamco, armoires, Shaker, catalogue technique",,sku:P-09-12-84,1,Type de module,Garde-manger,1,0,,Largeur,9,1,0,,Largeur B,,0,0,,Profondeur,12,1,0,,Hauteur,84,1,0,,Hauteur de plafond,,0,0,,Type de coin,Non,1,0,,Style de porte,Shaker,1,0,,Moulure,1 po,1,0,,Couleur,Blanc Pur,1,0,,P-09-12-84,Garde-manger,Armoires de cuisine > Garde-manger > Profondeur 12 po,,1,9,,12,84,,Non,Blanc Pur,1 po,Shaker 1 po - Blanc Pur,Trousse Design p.7
variation,P-09-12-84-BP3,Garde-manger - 9 x 12 x 84 po - Shaker 3 po - Blanc Pur,0,0,visible,"Garde-manger Dilamco, dimensions 9 x 12 x 84 po. Finition Shaker disponible selon les variantes.","Module Dilamco garde-manger (P-09-12-84), dimensions 9 x 12 x 84 po. Cabinet en contreplaqué avec fini intérieur en placage de bouleau. Porte HDF avec moulure en bouleau. Fini extérieur assorti à la porte selon la finition choisie. Prix, disponibilité, panneaux de finition, fillers et installation à confirmer avant publication.",,,taxable,1,,0,0,0,Armoires de cuisine > Garde-manger > Profondeur 12 po,"Dilamco, armoires, Shaker, catalogue technique",,sku:P-09-12-84,2,Type de module,Garde-manger,1,0,,Largeur,9,1,0,,Largeur B,,0,0,,Profondeur,12,1,0,,Hauteur,84,1,0,,Hauteur de plafond,,0,0,,Type de coin,Non,1,0,,Style de porte,Shaker,1,0,,Moulure,3 po,1,0,,Couleur,Blanc Pur,1,0,,P-09-12-84,Garde-manger,Armoires de cuisine > Garde-manger > Profondeur 12 po,,1,9,,12,84,,Non,Blanc Pur,3 po,Shaker 3 po - Blanc Pur,Trousse Design p.7
variable,P-12-12-84,Garde-manger - 12 x 12 x 84 po,0,0,visible,"Garde-manger Dilamco, dimensions 12 x 12 x 84 po. Finition Shaker disponible selon les variantes.","Module Dilamco garde-manger (P-12-12-84), dimensions 12 x 12 x 84 po. Cabinet en contreplaqué avec fini intérieur en placage de bouleau. Porte HDF avec moulure en bouleau. Fini extérieur assorti à la porte selon la finition choisie. Prix, disponibilité, panneaux de finition, fillers et installation à confirmer avant publication.",,,taxable,1,,0,0,0,Armoires de cuisine > Garde-manger > Profondeur 12 po,"Dilamco, armoires, Shaker, catalogue technique",,,0,Type de module,Garde-manger,1,0,,Largeur,12,1,0,,Largeur B,,0,0,,Profondeur,12,1,0,,Hauteur,84,1,0,,Hauteur de plafond,,0,0,,Type de coin,Non,1,0,,Style de porte,Shaker,1,0,Shaker,Moulure,1 po | 3 po,1,0,1 po,Couleur,Blanc Pur,1,0,Blanc Pur,P-12-12-84,Garde-manger,Armoires de cuisine > Garde-manger > Profondeur 12 po,,1,12,,12,84,,Non,,,,Trousse Design p.7
variation,P-12-12-84-BP1,Garde-manger - 12 x 12 x 84 po - Shaker 1 po - Blanc Pur,0,0,visible,"Garde-manger Dilamco, dimensions 12 x 12 x 84 po. Finition Shaker disponible selon les variantes.","Module Dilamco garde-manger (P-12-12-84), dimensions 12 x 12 x 84 po. Cabinet en contreplaqué avec fini intérieur en placage de bouleau. Porte HDF avec moulure en bouleau. Fini extérieur assorti à la porte selon la finition choisie. Prix, disponibilité, panneaux de finition, fillers et installation à confirmer avant publication.",,,taxable,1,,0,0,0,Armoires de cuisine > Garde-manger > Profondeur 12 po,"Dilamco, armoires, Shaker, catalogue technique",,sku:P-12-12-84,1,Type de module,Garde-manger,1,0,,Largeur,12,1,0,,Largeur B,,0,0,,Profondeur,12,1,0,,Hauteur,84,1,0,,Hauteur de plafond,,0,0,,Type de coin,Non,1,0,,Style de porte,Shaker,1,0,,Moulure,1 po,1,0,,Couleur,Blanc Pur,1,0,,P-12-12-84,Garde-manger,Armoires de cuisine > Garde-manger > Profondeur 12 po,,1,12,,12,84,,Non,Blanc Pur,1 po,Shaker 1 po - Blanc Pur,Trousse Design p.7
variation,P-12-12-84-BP3,Garde-manger - 12 x 12 x 84 po - Shaker 3 po - Blanc Pur,0,0,visible,"Garde-manger Dilamco, dimensions 12 x 12 x 84 po. Finition Shaker disponible selon les variantes.","Module Dilamco garde-manger (P-12-12-84), dimensions 12 x 12 x 84 po. Cabinet en contreplaqué avec fini intérieur en placage de bouleau. Porte HDF avec moulure en bouleau. Fini extérieur assorti à la porte selon la finition choisie. Prix, disponibilité, panneaux de finition, fillers et installation à confirmer avant publication.",,,taxable,1,,0,0,0,Armoires de cuisine > Garde-manger > Profondeur 12 po,"Dilamco, armoires, Shaker, catalogue technique",,sku:P-12-12-84,2,Type de module,Garde-manger,1,0,,Largeur,12,1,0,,Largeur B,,0,0,,Profondeur,12,1,0,,Hauteur,84,1,0,,Hauteur de plafond,,0,0,,Type de coin,Non,1,0,,Style de porte,Shaker,1,0,,Moulure,3 po,1,0,,Couleur,Blanc Pur,1,0,,P-12-12-84,Garde-manger,Armoires de cuisine > Garde-manger > Profondeur 12 po,,1,12,,12,84,,Non,Blanc Pur,3 po,Shaker 3 po - Blanc Pur,Trousse Design p.7
variable,P-15-12-84,Garde-manger - 15 x 12 x 84 po,0,0,visible,"Garde-manger Dilamco, dimensions 15 x 12 x 84 po. Finition Shaker disponible selon les variantes.","Module Dilamco garde-manger (P-15-12-84), dimensions 15 x 12 x 84 po. Cabinet en contreplaqué avec fini intérieur en placage de bouleau. Porte HDF avec moulure en bouleau. Fini extérieur assorti à la porte selon la finition choisie. Prix, disponibilité, panneaux de finition, fillers et installation à confirmer avant publication.",,,taxable,1,,0,0,0,Armoires de cuisine > Garde-manger > Profondeur 12 po,"Dilamco, armoires, Shaker, catalogue technique",,,0,Type de module,Garde-manger,1,0,,Largeur,15,1,0,,Largeur B,,0,0,,Profondeur,12,1,0,,Hauteur,84,1,0,,Hauteur de plafond,,0,0,,Type de coin,Non,1,0,,Style de porte,Shaker,1,0,Shaker,Moulure,1 po | 3 po,1,0,1 po,Couleur,Blanc Pur,1,0,Blanc Pur,P-15-12-84,Garde-manger,Armoires de cuisine > Garde-manger > Profondeur 12 po,,1,15,,12,84,,Non,,,,Trousse Design p.7
variation,P-15-12-84-BP1,Garde-manger - 15 x 12 x 84 po - Shaker 1 po - Blanc Pur,0,0,visible,"Garde-manger Dilamco, dimensions 15 x 12 x 84 po. Finition Shaker disponible selon les variantes.","Module Dilamco garde-manger (P-15-12-84), dimensions 15 x 12 x 84 po. Cabinet en contreplaqué avec fini intérieur en placage de bouleau. Porte HDF avec moulure en bouleau. Fini extérieur assorti à la porte selon la finition choisie. Prix, disponibilité, panneaux de finition, fillers et installation à confirmer avant publication.",,,taxable,1,,0,0,0,Armoires de cuisine > Garde-manger > Profondeur 12 po,"Dilamco, armoires, Shaker, catalogue technique",,sku:P-15-12-84,1,Type de module,Garde-manger,1,0,,Largeur,15,1,0,,Largeur B,,0,0,,Profondeur,12,1,0,,Hauteur,84,1,0,,Hauteur de plafond,,0,0,,Type de coin,Non,1,0,,Style de porte,Shaker,1,0,,Moulure,1 po,1,0,,Couleur,Blanc Pur,1,0,,P-15-12-84,Garde-manger,Armoires de cuisine > Garde-manger > Profondeur 12 po,,1,15,,12,84,,Non,Blanc Pur,1 po,Shaker 1 po - Blanc Pur,Trousse Design p.7
variation,P-15-12-84-BP3,Garde-manger - 15 x 12 x 84 po - Shaker 3 po - Blanc Pur,0,0,visible,"Garde-manger Dilamco, dimensions 15 x 12 x 84 po. Finition Shaker disponible selon les variantes.","Module Dilamco garde-manger (P-15-12-84), dimensions 15 x 12 x 84 po. Cabinet en contreplaqué avec fini intérieur en placage de bouleau. Porte HDF avec moulure en bouleau. Fini extérieur assorti à la porte selon la finition choisie. Prix, disponibilité, panneaux de finition, fillers et installation à confirmer avant publication.",,,taxable,1,,0,0,0,Armoires de cuisine > Garde-manger > Profondeur 12 po,"Dilamco, armoires, Shaker, catalogue technique",,sku:P-15-12-84,2,Type de module,Garde-manger,1,0,,Largeur,15,1,0,,Largeur B,,0,0,,Profondeur,12,1,0,,Hauteur,84,1,0,,Hauteur de plafond,,0,0,,Type de coin,Non,1,0,,Style de porte,Shaker,1,0,,Moulure,3 po,1,0,,Couleur,Blanc Pur,1,0,,P-15-12-84,Garde-manger,Armoires de cuisine > Garde-manger > Profondeur 12 po,,1,15,,12,84,,Non,Blanc Pur,3 po,Shaker 3 po - Blanc Pur,Trousse Design p.7
variable,P-18-12-84,Garde-manger - 18 x 12 x 84 po,0,0,visible,"Garde-manger Dilamco, dimensions 18 x 12 x 84 po. Finition Shaker disponible selon les variantes.","Module Dilamco garde-manger (P-18-12-84), dimensions 18 x 12 x 84 po. Cabinet en contreplaqué avec fini intérieur en placage de bouleau. Porte HDF avec moulure en bouleau. Fini extérieur assorti à la porte selon la finition choisie. Prix, disponibilité, panneaux de finition, fillers et installation à confirmer avant publication.",,,taxable,1,,0,0,0,Armoires de cuisine > Garde-manger > Profondeur 12 po,"Dilamco, armoires, Shaker, catalogue technique",,,0,Type de module,Garde-manger,1,0,,Largeur,18,1,0,,Largeur B,,0,0,,Profondeur,12,1,0,,Hauteur,84,1,0,,Hauteur de plafond,,0,0,,Type de coin,Non,1,0,,Style de porte,Shaker,1,0,Shaker,Moulure,1 po | 3 po,1,0,1 po,Couleur,Blanc Pur,1,0,Blanc Pur,P-18-12-84,Garde-manger,Armoires de cuisine > Garde-manger > Profondeur 12 po,,1,18,,12,84,,Non,,,,Trousse Design p.7
variation,P-18-12-84-BP1,Garde-manger - 18 x 12 x 84 po - Shaker 1 po - Blanc Pur,0,0,visible,"Garde-manger Dilamco, dimensions 18 x 12 x 84 po. Finition Shaker disponible selon les variantes.","Module Dilamco garde-manger (P-18-12-84), dimensions 18 x 12 x 84 po. Cabinet en contreplaqué avec fini intérieur en placage de bouleau. Porte HDF avec moulure en bouleau. Fini extérieur assorti à la porte selon la finition choisie. Prix, disponibilité, panneaux de finition, fillers et installation à confirmer avant publication.",,,taxable,1,,0,0,0,Armoires de cuisine > Garde-manger > Profondeur 12 po,"Dilamco, armoires, Shaker, catalogue technique",,sku:P-18-12-84,1,Type de module,Garde-manger,1,0,,Largeur,18,1,0,,Largeur B,,0,0,,Profondeur,12,1,0,,Hauteur,84,1,0,,Hauteur de plafond,,0,0,,Type de coin,Non,1,0,,Style de porte,Shaker,1,0,,Moulure,1 po,1,0,,Couleur,Blanc Pur,1,0,,P-18-12-84,Garde-manger,Armoires de cuisine > Garde-manger > Profondeur 12 po,,1,18,,12,84,,Non,Blanc Pur,1 po,Shaker 1 po - Blanc Pur,Trousse Design p.7
variation,P-18-12-84-BP3,Garde-manger - 18 x 12 x 84 po - Shaker 3 po - Blanc Pur,0,0,visible,"Garde-manger Dilamco, dimensions 18 x 12 x 84 po. Finition Shaker disponible selon les variantes.","Module Dilamco garde-manger (P-18-12-84), dimensions 18 x 12 x 84 po. Cabinet en contreplaqué avec fini intérieur en placage de bouleau. Porte HDF avec moulure en bouleau. Fini extérieur assorti à la porte selon la finition choisie. Prix, disponibilité, panneaux de finition, fillers et installation à confirmer avant publication.",,,taxable,1,,0,0,0,Armoires de cuisine > Garde-manger > Profondeur 12 po,"Dilamco, armoires, Shaker, catalogue technique",,sku:P-18-12-84,2,Type de module,Garde-manger,1,0,,Largeur,18,1,0,,Largeur B,,0,0,,Profondeur,12,1,0,,Hauteur,84,1,0,,Hauteur de plafond,,0,0,,Type de coin,Non,1,0,,Style de porte,Shaker,1,0,,Moulure,3 po,1,0,,Couleur,Blanc Pur,1,0,,P-18-12-84,Garde-manger,Armoires de cuisine > Garde-manger > Profondeur 12 po,,1,18,,12,84,,Non,Blanc Pur,3 po,Shaker 3 po - Blanc Pur,Trousse Design p.7
variable,P-21-12-84,Garde-manger - 21 x 12 x 84 po,0,0,visible,"Garde-manger Dilamco, dimensions 21 x 12 x 84 po. Finition Shaker disponible selon les variantes.","Module Dilamco garde-manger (P-21-12-84), dimensions 21 x 12 x 84 po. Cabinet en contreplaqué avec fini intérieur en placage de bouleau. Porte HDF avec moulure en bouleau. Fini extérieur assorti à la porte selon la finition choisie. Prix, disponibilité, panneaux de finition, fillers et installation à confirmer avant publication.",,,taxable,1,,0,0,0,Armoires de cuisine > Garde-manger > Profondeur 12 po,"Dilamco, armoires, Shaker, catalogue technique",,,0,Type de module,Garde-manger,1,0,,Largeur,21,1,0,,Largeur B,,0,0,,Profondeur,12,1,0,,Hauteur,84,1,0,,Hauteur de plafond,,0,0,,Type de coin,Non,1,0,,Style de porte,Shaker,1,0,Shaker,Moulure,1 po | 3 po,1,0,1 po,Couleur,Blanc Pur,1,0,Blanc Pur,P-21-12-84,Garde-manger,Armoires de cuisine > Garde-manger > Profondeur 12 po,,1,21,,12,84,,Non,,,,Trousse Design p.7
variation,P-21-12-84-BP1,Garde-manger - 21 x 12 x 84 po - Shaker 1 po - Blanc Pur,0,0,visible,"Garde-manger Dilamco, dimensions 21 x 12 x 84 po. Finition Shaker disponible selon les variantes.","Module Dilamco garde-manger (P-21-12-84), dimensions 21 x 12 x 84 po. Cabinet en contreplaqué avec fini intérieur en placage de bouleau. Porte HDF avec moulure en bouleau. Fini extérieur assorti à la porte selon la finition choisie. Prix, disponibilité, panneaux de finition, fillers et installation à confirmer avant publication.",,,taxable,1,,0,0,0,Armoires de cuisine > Garde-manger > Profondeur 12 po,"Dilamco, armoires, Shaker, catalogue technique",,sku:P-21-12-84,1,Type de module,Garde-manger,1,0,,Largeur,21,1,0,,Largeur B,,0,0,,Profondeur,12,1,0,,Hauteur,84,1,0,,Hauteur de plafond,,0,0,,Type de coin,Non,1,0,,Style de porte,Shaker,1,0,,Moulure,1 po,1,0,,Couleur,Blanc Pur,1,0,,P-21-12-84,Garde-manger,Armoires de cuisine > Garde-manger > Profondeur 12 po,,1,21,,12,84,,Non,Blanc Pur,1 po,Shaker 1 po - Blanc Pur,Trousse Design p.7
variation,P-21-12-84-BP3,Garde-manger - 21 x 12 x 84 po - Shaker 3 po - Blanc Pur,0,0,visible,"Garde-manger Dilamco, dimensions 21 x 12 x 84 po. Finition Shaker disponible selon les variantes.","Module Dilamco garde-manger (P-21-12-84), dimensions 21 x 12 x 84 po. Cabinet en contreplaqué avec fini intérieur en placage de bouleau. Porte HDF avec moulure en bouleau. Fini extérieur assorti à la porte selon la finition choisie. Prix, disponibilité, panneaux de finition, fillers et installation à confirmer avant publication.",,,taxable,1,,0,0,0,Armoires de cuisine > Garde-manger > Profondeur 12 po,"Dilamco, armoires, Shaker, catalogue technique",,sku:P-21-12-84,2,Type de module,Garde-manger,1,0,,Largeur,21,1,0,,Largeur B,,0,0,,Profondeur,12,1,0,,Hauteur,84,1,0,,Hauteur de plafond,,0,0,,Type de coin,Non,1,0,,Style de porte,Shaker,1,0,,Moulure,3 po,1,0,,Couleur,Blanc Pur,1,0,,P-21-12-84,Garde-manger,Armoires de cuisine > Garde-manger > Profondeur 12 po,,1,21,,12,84,,Non,Blanc Pur,3 po,Shaker 3 po - Blanc Pur,Trousse Design p.7
variable,P-24-12-84,Garde-manger - 24 x 12 x 84 po,0,0,visible,"Garde-manger Dilamco, dimensions 24 x 12 x 84 po. Finition Shaker disponible selon les variantes.","Module Dilamco garde-manger (P-24-12-84), dimensions 24 x 12 x 84 po. Cabinet en contreplaqué avec fini intérieur en placage de bouleau. Porte HDF avec moulure en bouleau. Fini extérieur assorti à la porte selon la finition choisie. Prix, disponibilité, panneaux de finition, fillers et installation à confirmer avant publication.",,,taxable,1,,0,0,0,Armoires de cuisine > Garde-manger > Profondeur 12 po,"Dilamco, armoires, Shaker, catalogue technique",,,0,Type de module,Garde-manger,1,0,,Largeur,24,1,0,,Largeur B,,0,0,,Profondeur,12,1,0,,Hauteur,84,1,0,,Hauteur de plafond,,0,0,,Type de coin,Non,1,0,,Style de porte,Shaker,1,0,Shaker,Moulure,1 po | 3 po,1,0,1 po,Couleur,Blanc Pur,1,0,Blanc Pur,P-24-12-84,Garde-manger,Armoires de cuisine > Garde-manger > Profondeur 12 po,,2,24,,12,84,,Non,,,,Trousse Design p.7
variation,P-24-12-84-BP1,Garde-manger - 24 x 12 x 84 po - Shaker 1 po - Blanc Pur,0,0,visible,"Garde-manger Dilamco, dimensions 24 x 12 x 84 po. Finition Shaker disponible selon les variantes.","Module Dilamco garde-manger (P-24-12-84), dimensions 24 x 12 x 84 po. Cabinet en contreplaqué avec fini intérieur en placage de bouleau. Porte HDF avec moulure en bouleau. Fini extérieur assorti à la porte selon la finition choisie. Prix, disponibilité, panneaux de finition, fillers et installation à confirmer avant publication.",,,taxable,1,,0,0,0,Armoires de cuisine > Garde-manger > Profondeur 12 po,"Dilamco, armoires, Shaker, catalogue technique",,sku:P-24-12-84,1,Type de module,Garde-manger,1,0,,Largeur,24,1,0,,Largeur B,,0,0,,Profondeur,12,1,0,,Hauteur,84,1,0,,Hauteur de plafond,,0,0,,Type de coin,Non,1,0,,Style de porte,Shaker,1,0,,Moulure,1 po,1,0,,Couleur,Blanc Pur,1,0,,P-24-12-84,Garde-manger,Armoires de cuisine > Garde-manger > Profondeur 12 po,,2,24,,12,84,,Non,Blanc Pur,1 po,Shaker 1 po - Blanc Pur,Trousse Design p.7
variation,P-24-12-84-BP3,Garde-manger - 24 x 12 x 84 po - Shaker 3 po - Blanc Pur,0,0,visible,"Garde-manger Dilamco, dimensions 24 x 12 x 84 po. Finition Shaker disponible selon les variantes.","Module Dilamco garde-manger (P-24-12-84), dimensions 24 x 12 x 84 po. Cabinet en contreplaqué avec fini intérieur en placage de bouleau. Porte HDF avec moulure en bouleau. Fini extérieur assorti à la porte selon la finition choisie. Prix, disponibilité, panneaux de finition, fillers et installation à confirmer avant publication.",,,taxable,1,,0,0,0,Armoires de cuisine > Garde-manger > Profondeur 12 po,"Dilamco, armoires, Shaker, catalogue technique",,sku:P-24-12-84,2,Type de module,Garde-manger,1,0,,Largeur,24,1,0,,Largeur B,,0,0,,Profondeur,12,1,0,,Hauteur,84,1,0,,Hauteur de plafond,,0,0,,Type de coin,Non,1,0,,Style de porte,Shaker,1,0,,Moulure,3 po,1,0,,Couleur,Blanc Pur,1,0,,P-24-12-84,Garde-manger,Armoires de cuisine > Garde-manger > Profondeur 12 po,,2,24,,12,84,,Non,Blanc Pur,3 po,Shaker 3 po - Blanc Pur,Trousse Design p.7
variable,P-09-12-90,Garde-manger - 9 x 12 x 90 po,0,0,visible,"Garde-manger Dilamco, dimensions 9 x 12 x 90 po. Finition Shaker disponible selon les variantes.","Module Dilamco garde-manger (P-09-12-90), dimensions 9 x 12 x 90 po. Cabinet en contreplaqué avec fini intérieur en placage de bouleau. Porte HDF avec moulure en bouleau. Fini extérieur assorti à la porte selon la finition choisie. Prix, disponibilité, panneaux de finition, fillers et installation à confirmer avant publication.",,,taxable,1,,0,0,0,Armoires de cuisine > Garde-manger > Profondeur 12 po,"Dilamco, armoires, Shaker, catalogue technique",,,0,Type de module,Garde-manger,1,0,,Largeur,9,1,0,,Largeur B,,0,0,,Profondeur,12,1,0,,Hauteur,90,1,0,,Hauteur de plafond,,0,0,,Type de coin,Non,1,0,,Style de porte,Shaker,1,0,Shaker,Moulure,1 po | 3 po,1,0,1 po,Couleur,Blanc Pur,1,0,Blanc Pur,P-09-12-90,Garde-manger,Armoires de cuisine > Garde-manger > Profondeur 12 po,,1,9,,12,90,,Non,,,,Trousse Design p.7
variation,P-09-12-90-BP1,Garde-manger - 9 x 12 x 90 po - Shaker 1 po - Blanc Pur,0,0,visible,"Garde-manger Dilamco, dimensions 9 x 12 x 90 po. Finition Shaker disponible selon les variantes.","Module Dilamco garde-manger (P-09-12-90), dimensions 9 x 12 x 90 po. Cabinet en contreplaqué avec fini intérieur en placage de bouleau. Porte HDF avec moulure en bouleau. Fini extérieur assorti à la porte selon la finition choisie. Prix, disponibilité, panneaux de finition, fillers et installation à confirmer avant publication.",,,taxable,1,,0,0,0,Armoires de cuisine > Garde-manger > Profondeur 12 po,"Dilamco, armoires, Shaker, catalogue technique",,sku:P-09-12-90,1,Type de module,Garde-manger,1,0,,Largeur,9,1,0,,Largeur B,,0,0,,Profondeur,12,1,0,,Hauteur,90,1,0,,Hauteur de plafond,,0,0,,Type de coin,Non,1,0,,Style de porte,Shaker,1,0,,Moulure,1 po,1,0,,Couleur,Blanc Pur,1,0,,P-09-12-90,Garde-manger,Armoires de cuisine > Garde-manger > Profondeur 12 po,,1,9,,12,90,,Non,Blanc Pur,1 po,Shaker 1 po - Blanc Pur,Trousse Design p.7
variation,P-09-12-90-BP3,Garde-manger - 9 x 12 x 90 po - Shaker 3 po - Blanc Pur,0,0,visible,"Garde-manger Dilamco, dimensions 9 x 12 x 90 po. Finition Shaker disponible selon les variantes.","Module Dilamco garde-manger (P-09-12-90), dimensions 9 x 12 x 90 po. Cabinet en contreplaqué avec fini intérieur en placage de bouleau. Porte HDF avec moulure en bouleau. Fini extérieur assorti à la porte selon la finition choisie. Prix, disponibilité, panneaux de finition, fillers et installation à confirmer avant publication.",,,taxable,1,,0,0,0,Armoires de cuisine > Garde-manger > Profondeur 12 po,"Dilamco, armoires, Shaker, catalogue technique",,sku:P-09-12-90,2,Type de module,Garde-manger,1,0,,Largeur,9,1,0,,Largeur B,,0,0,,Profondeur,12,1,0,,Hauteur,90,1,0,,Hauteur de plafond,,0,0,,Type de coin,Non,1,0,,Style de porte,Shaker,1,0,,Moulure,3 po,1,0,,Couleur,Blanc Pur,1,0,,P-09-12-90,Garde-manger,Armoires de cuisine > Garde-manger > Profondeur 12 po,,1,9,,12,90,,Non,Blanc Pur,3 po,Shaker 3 po - Blanc Pur,Trousse Design p.7
variable,P-12-12-90,Garde-manger - 12 x 12 x 90 po,0,0,visible,"Garde-manger Dilamco, dimensions 12 x 12 x 90 po. Finition Shaker disponible selon les variantes.","Module Dilamco garde-manger (P-12-12-90), dimensions 12 x 12 x 90 po. Cabinet en contreplaqué avec fini intérieur en placage de bouleau. Porte HDF avec moulure en bouleau. Fini extérieur assorti à la porte selon la finition choisie. Prix, disponibilité, panneaux de finition, fillers et installation à confirmer avant publication.",,,taxable,1,,0,0,0,Armoires de cuisine > Garde-manger > Profondeur 12 po,"Dilamco, armoires, Shaker, catalogue technique",,,0,Type de module,Garde-manger,1,0,,Largeur,12,1,0,,Largeur B,,0,0,,Profondeur,12,1,0,,Hauteur,90,1,0,,Hauteur de plafond,,0,0,,Type de coin,Non,1,0,,Style de porte,Shaker,1,0,Shaker,Moulure,1 po | 3 po,1,0,1 po,Couleur,Blanc Pur,1,0,Blanc Pur,P-12-12-90,Garde-manger,Armoires de cuisine > Garde-manger > Profondeur 12 po,,1,12,,12,90,,Non,,,,Trousse Design p.7
variation,P-12-12-90-BP1,Garde-manger - 12 x 12 x 90 po - Shaker 1 po - Blanc Pur,0,0,visible,"Garde-manger Dilamco, dimensions 12 x 12 x 90 po. Finition Shaker disponible selon les variantes.","Module Dilamco garde-manger (P-12-12-90), dimensions 12 x 12 x 90 po. Cabinet en contreplaqué avec fini intérieur en placage de bouleau. Porte HDF avec moulure en bouleau. Fini extérieur assorti à la porte selon la finition choisie. Prix, disponibilité, panneaux de finition, fillers et installation à confirmer avant publication.",,,taxable,1,,0,0,0,Armoires de cuisine > Garde-manger > Profondeur 12 po,"Dilamco, armoires, Shaker, catalogue technique",,sku:P-12-12-90,1,Type de module,Garde-manger,1,0,,Largeur,12,1,0,,Largeur B,,0,0,,Profondeur,12,1,0,,Hauteur,90,1,0,,Hauteur de plafond,,0,0,,Type de coin,Non,1,0,,Style de porte,Shaker,1,0,,Moulure,1 po,1,0,,Couleur,Blanc Pur,1,0,,P-12-12-90,Garde-manger,Armoires de cuisine > Garde-manger > Profondeur 12 po,,1,12,,12,90,,Non,Blanc Pur,1 po,Shaker 1 po - Blanc Pur,Trousse Design p.7
variation,P-12-12-90-BP3,Garde-manger - 12 x 12 x 90 po - Shaker 3 po - Blanc Pur,0,0,visible,"Garde-manger Dilamco, dimensions 12 x 12 x 90 po. Finition Shaker disponible selon les variantes.","Module Dilamco garde-manger (P-12-12-90), dimensions 12 x 12 x 90 po. Cabinet en contreplaqué avec fini intérieur en placage de bouleau. Porte HDF avec moulure en bouleau. Fini extérieur assorti à la porte selon la finition choisie. Prix, disponibilité, panneaux de finition, fillers et installation à confirmer avant publication.",,,taxable,1,,0,0,0,Armoires de cuisine > Garde-manger > Profondeur 12 po,"Dilamco, armoires, Shaker, catalogue technique",,sku:P-12-12-90,2,Type de module,Garde-manger,1,0,,Largeur,12,1,0,,Largeur B,,0,0,,Profondeur,12,1,0,,Hauteur,90,1,0,,Hauteur de plafond,,0,0,,Type de coin,Non,1,0,,Style de porte,Shaker,1,0,,Moulure,3 po,1,0,,Couleur,Blanc Pur,1,0,,P-12-12-90,Garde-manger,Armoires de cuisine > Garde-manger > Profondeur 12 po,,1,12,,12,90,,Non,Blanc Pur,3 po,Shaker 3 po - Blanc Pur,Trousse Design p.7
variable,P-15-12-90,Garde-manger - 15 x 12 x 90 po,0,0,visible,"Garde-manger Dilamco, dimensions 15 x 12 x 90 po. Finition Shaker disponible selon les variantes.","Module Dilamco garde-manger (P-15-12-90), dimensions 15 x 12 x 90 po. Cabinet en contreplaqué avec fini intérieur en placage de bouleau. Porte HDF avec moulure en bouleau. Fini extérieur assorti à la porte selon la finition choisie. Prix, disponibilité, panneaux de finition, fillers et installation à confirmer avant publication.",,,taxable,1,,0,0,0,Armoires de cuisine > Garde-manger > Profondeur 12 po,"Dilamco, armoires, Shaker, catalogue technique",,,0,Type de module,Garde-manger,1,0,,Largeur,15,1,0,,Largeur B,,0,0,,Profondeur,12,1,0,,Hauteur,90,1,0,,Hauteur de plafond,,0,0,,Type de coin,Non,1,0,,Style de porte,Shaker,1,0,Shaker,Moulure,1 po | 3 po,1,0,1 po,Couleur,Blanc Pur,1,0,Blanc Pur,P-15-12-90,Garde-manger,Armoires de cuisine > Garde-manger > Profondeur 12 po,,1,15,,12,90,,Non,,,,Trousse Design p.7
variation,P-15-12-90-BP1,Garde-manger - 15 x 12 x 90 po - Shaker 1 po - Blanc Pur,0,0,visible,"Garde-manger Dilamco, dimensions 15 x 12 x 90 po. Finition Shaker disponible selon les variantes.","Module Dilamco garde-manger (P-15-12-90), dimensions 15 x 12 x 90 po. Cabinet en contreplaqué avec fini intérieur en placage de bouleau. Porte HDF avec moulure en bouleau. Fini extérieur assorti à la porte selon la finition choisie. Prix, disponibilité, panneaux de finition, fillers et installation à confirmer avant publication.",,,taxable,1,,0,0,0,Armoires de cuisine > Garde-manger > Profondeur 12 po,"Dilamco, armoires, Shaker, catalogue technique",,sku:P-15-12-90,1,Type de module,Garde-manger,1,0,,Largeur,15,1,0,,Largeur B,,0,0,,Profondeur,12,1,0,,Hauteur,90,1,0,,Hauteur de plafond,,0,0,,Type de coin,Non,1,0,,Style de porte,Shaker,1,0,,Moulure,1 po,1,0,,Couleur,Blanc Pur,1,0,,P-15-12-90,Garde-manger,Armoires de cuisine > Garde-manger > Profondeur 12 po,,1,15,,12,90,,Non,Blanc Pur,1 po,Shaker 1 po - Blanc Pur,Trousse Design p.7
variation,P-15-12-90-BP3,Garde-manger - 15 x 12 x 90 po - Shaker 3 po - Blanc Pur,0,0,visible,"Garde-manger Dilamco, dimensions 15 x 12 x 90 po. Finition Shaker disponible selon les variantes.","Module Dilamco garde-manger (P-15-12-90), dimensions 15 x 12 x 90 po. Cabinet en contreplaqué avec fini intérieur en placage de bouleau. Porte HDF avec moulure en bouleau. Fini extérieur assorti à la porte selon la finition choisie. Prix, disponibilité, panneaux de finition, fillers et installation à confirmer avant publication.",,,taxable,1,,0,0,0,Armoires de cuisine > Garde-manger > Profondeur 12 po,"Dilamco, armoires, Shaker, catalogue technique",,sku:P-15-12-90,2,Type de module,Garde-manger,1,0,,Largeur,15,1,0,,Largeur B,,0,0,,Profondeur,12,1,0,,Hauteur,90,1,0,,Hauteur de plafond,,0,0,,Type de coin,Non,1,0,,Style de porte,Shaker,1,0,,Moulure,3 po,1,0,,Couleur,Blanc Pur,1,0,,P-15-12-90,Garde-manger,Armoires de cuisine > Garde-manger > Profondeur 12 po,,1,15,,12,90,,Non,Blanc Pur,3 po,Shaker 3 po - Blanc Pur,Trousse Design p.7
variable,P-18-12-90,Garde-manger - 18 x 12 x 90 po,0,0,visible,"Garde-manger Dilamco, dimensions 18 x 12 x 90 po. Finition Shaker disponible selon les variantes.","Module Dilamco garde-manger (P-18-12-90), dimensions 18 x 12 x 90 po. Cabinet en contreplaqué avec fini intérieur en placage de bouleau. Porte HDF avec moulure en bouleau. Fini extérieur assorti à la porte selon la finition choisie. Prix, disponibilité, panneaux de finition, fillers et installation à confirmer avant publication.",,,taxable,1,,0,0,0,Armoires de cuisine > Garde-manger > Profondeur 12 po,"Dilamco, armoires, Shaker, catalogue technique",,,0,Type de module,Garde-manger,1,0,,Largeur,18,1,0,,Largeur B,,0,0,,Profondeur,12,1,0,,Hauteur,90,1,0,,Hauteur de plafond,,0,0,,Type de coin,Non,1,0,,Style de porte,Shaker,1,0,Shaker,Moulure,1 po | 3 po,1,0,1 po,Couleur,Blanc Pur,1,0,Blanc Pur,P-18-12-90,Garde-manger,Armoires de cuisine > Garde-manger > Profondeur 12 po,,1,18,,12,90,,Non,,,,Trousse Design p.7
variation,P-18-12-90-BP1,Garde-manger - 18 x 12 x 90 po - Shaker 1 po - Blanc Pur,0,0,visible,"Garde-manger Dilamco, dimensions 18 x 12 x 90 po. Finition Shaker disponible selon les variantes.","Module Dilamco garde-manger (P-18-12-90), dimensions 18 x 12 x 90 po. Cabinet en contreplaqué avec fini intérieur en placage de bouleau. Porte HDF avec moulure en bouleau. Fini extérieur assorti à la porte selon la finition choisie. Prix, disponibilité, panneaux de finition, fillers et installation à confirmer avant publication.",,,taxable,1,,0,0,0,Armoires de cuisine > Garde-manger > Profondeur 12 po,"Dilamco, armoires, Shaker, catalogue technique",,sku:P-18-12-90,1,Type de module,Garde-manger,1,0,,Largeur,18,1,0,,Largeur B,,0,0,,Profondeur,12,1,0,,Hauteur,90,1,0,,Hauteur de plafond,,0,0,,Type de coin,Non,1,0,,Style de porte,Shaker,1,0,,Moulure,1 po,1,0,,Couleur,Blanc Pur,1,0,,P-18-12-90,Garde-manger,Armoires de cuisine > Garde-manger > Profondeur 12 po,,1,18,,12,90,,Non,Blanc Pur,1 po,Shaker 1 po - Blanc Pur,Trousse Design p.7
variation,P-18-12-90-BP3,Garde-manger - 18 x 12 x 90 po - Shaker 3 po - Blanc Pur,0,0,visible,"Garde-manger Dilamco, dimensions 18 x 12 x 90 po. Finition Shaker disponible selon les variantes.","Module Dilamco garde-manger (P-18-12-90), dimensions 18 x 12 x 90 po. Cabinet en contreplaqué avec fini intérieur en placage de bouleau. Porte HDF avec moulure en bouleau. Fini extérieur assorti à la porte selon la finition choisie. Prix, disponibilité, panneaux de finition, fillers et installation à confirmer avant publication.",,,taxable,1,,0,0,0,Armoires de cuisine > Garde-manger > Profondeur 12 po,"Dilamco, armoires, Shaker, catalogue technique",,sku:P-18-12-90,2,Type de module,Garde-manger,1,0,,Largeur,18,1,0,,Largeur B,,0,0,,Profondeur,12,1,0,,Hauteur,90,1,0,,Hauteur de plafond,,0,0,,Type de coin,Non,1,0,,Style de porte,Shaker,1,0,,Moulure,3 po,1,0,,Couleur,Blanc Pur,1,0,,P-18-12-90,Garde-manger,Armoires de cuisine > Garde-manger > Profondeur 12 po,,1,18,,12,90,,Non,Blanc Pur,3 po,Shaker 3 po - Blanc Pur,Trousse Design p.7
variable,P-21-12-90,Garde-manger - 21 x 12 x 90 po,0,0,visible,"Garde-manger Dilamco, dimensions 21 x 12 x 90 po. Finition Shaker disponible selon les variantes.","Module Dilamco garde-manger (P-21-12-90), dimensions 21 x 12 x 90 po. Cabinet en contreplaqué avec fini intérieur en placage de bouleau. Porte HDF avec moulure en bouleau. Fini extérieur assorti à la porte selon la finition choisie. Prix, disponibilité, panneaux de finition, fillers et installation à confirmer avant publication.",,,taxable,1,,0,0,0,Armoires de cuisine > Garde-manger > Profondeur 12 po,"Dilamco, armoires, Shaker, catalogue technique",,,0,Type de module,Garde-manger,1,0,,Largeur,21,1,0,,Largeur B,,0,0,,Profondeur,12,1,0,,Hauteur,90,1,0,,Hauteur de plafond,,0,0,,Type de coin,Non,1,0,,Style de porte,Shaker,1,0,Shaker,Moulure,1 po | 3 po,1,0,1 po,Couleur,Blanc Pur,1,0,Blanc Pur,P-21-12-90,Garde-manger,Armoires de cuisine > Garde-manger > Profondeur 12 po,,1,21,,12,90,,Non,,,,Trousse Design p.7
variation,P-21-12-90-BP1,Garde-manger - 21 x 12 x 90 po - Shaker 1 po - Blanc Pur,0,0,visible,"Garde-manger Dilamco, dimensions 21 x 12 x 90 po. Finition Shaker disponible selon les variantes.","Module Dilamco garde-manger (P-21-12-90), dimensions 21 x 12 x 90 po. Cabinet en contreplaqué avec fini intérieur en placage de bouleau. Porte HDF avec moulure en bouleau. Fini extérieur assorti à la porte selon la finition choisie. Prix, disponibilité, panneaux de finition, fillers et installation à confirmer avant publication.",,,taxable,1,,0,0,0,Armoires de cuisine > Garde-manger > Profondeur 12 po,"Dilamco, armoires, Shaker, catalogue technique",,sku:P-21-12-90,1,Type de module,Garde-manger,1,0,,Largeur,21,1,0,,Largeur B,,0,0,,Profondeur,12,1,0,,Hauteur,90,1,0,,Hauteur de plafond,,0,0,,Type de coin,Non,1,0,,Style de porte,Shaker,1,0,,Moulure,1 po,1,0,,Couleur,Blanc Pur,1,0,,P-21-12-90,Garde-manger,Armoires de cuisine > Garde-manger > Profondeur 12 po,,1,21,,12,90,,Non,Blanc Pur,1 po,Shaker 1 po - Blanc Pur,Trousse Design p.7
variation,P-21-12-90-BP3,Garde-manger - 21 x 12 x 90 po - Shaker 3 po - Blanc Pur,0,0,visible,"Garde-manger Dilamco, dimensions 21 x 12 x 90 po. Finition Shaker disponible selon les variantes.","Module Dilamco garde-manger (P-21-12-90), dimensions 21 x 12 x 90 po. Cabinet en contreplaqué avec fini intérieur en placage de bouleau. Porte HDF avec moulure en bouleau. Fini extérieur assorti à la porte selon la finition choisie. Prix, disponibilité, panneaux de finition, fillers et installation à confirmer avant publication.",,,taxable,1,,0,0,0,Armoires de cuisine > Garde-manger > Profondeur 12 po,"Dilamco, armoires, Shaker, catalogue technique",,sku:P-21-12-90,2,Type de module,Garde-manger,1,0,,Largeur,21,1,0,,Largeur B,,0,0,,Profondeur,12,1,0,,Hauteur,90,1,0,,Hauteur de plafond,,0,0,,Type de coin,Non,1,0,,Style de porte,Shaker,1,0,,Moulure,3 po,1,0,,Couleur,Blanc Pur,1,0,,P-21-12-90,Garde-manger,Armoires de cuisine > Garde-manger > Profondeur 12 po,,1,21,,12,90,,Non,Blanc Pur,3 po,Shaker 3 po - Blanc Pur,Trousse Design p.7
variable,P-24-12-90,Garde-manger - 24 x 12 x 90 po,0,0,visible,"Garde-manger Dilamco, dimensions 24 x 12 x 90 po. Finition Shaker disponible selon les variantes.","Module Dilamco garde-manger (P-24-12-90), dimensions 24 x 12 x 90 po. Cabinet en contreplaqué avec fini intérieur en placage de bouleau. Porte HDF avec moulure en bouleau. Fini extérieur assorti à la porte selon la finition choisie. Prix, disponibilité, panneaux de finition, fillers et installation à confirmer avant publication.",,,taxable,1,,0,0,0,Armoires de cuisine > Garde-manger > Profondeur 12 po,"Dilamco, armoires, Shaker, catalogue technique",,,0,Type de module,Garde-manger,1,0,,Largeur,24,1,0,,Largeur B,,0,0,,Profondeur,12,1,0,,Hauteur,90,1,0,,Hauteur de plafond,,0,0,,Type de coin,Non,1,0,,Style de porte,Shaker,1,0,Shaker,Moulure,1 po | 3 po,1,0,1 po,Couleur,Blanc Pur,1,0,Blanc Pur,P-24-12-90,Garde-manger,Armoires de cuisine > Garde-manger > Profondeur 12 po,,2,24,,12,90,,Non,,,,Trousse Design p.7
variation,P-24-12-90-BP1,Garde-manger - 24 x 12 x 90 po - Shaker 1 po - Blanc Pur,0,0,visible,"Garde-manger Dilamco, dimensions 24 x 12 x 90 po. Finition Shaker disponible selon les variantes.","Module Dilamco garde-manger (P-24-12-90), dimensions 24 x 12 x 90 po. Cabinet en contreplaqué avec fini intérieur en placage de bouleau. Porte HDF avec moulure en bouleau. Fini extérieur assorti à la porte selon la finition choisie. Prix, disponibilité, panneaux de finition, fillers et installation à confirmer avant publication.",,,taxable,1,,0,0,0,Armoires de cuisine > Garde-manger > Profondeur 12 po,"Dilamco, armoires, Shaker, catalogue technique",,sku:P-24-12-90,1,Type de module,Garde-manger,1,0,,Largeur,24,1,0,,Largeur B,,0,0,,Profondeur,12,1,0,,Hauteur,90,1,0,,Hauteur de plafond,,0,0,,Type de coin,Non,1,0,,Style de porte,Shaker,1,0,,Moulure,1 po,1,0,,Couleur,Blanc Pur,1,0,,P-24-12-90,Garde-manger,Armoires de cuisine > Garde-manger > Profondeur 12 po,,2,24,,12,90,,Non,Blanc Pur,1 po,Shaker 1 po - Blanc Pur,Trousse Design p.7
variation,P-24-12-90-BP3,Garde-manger - 24 x 12 x 90 po - Shaker 3 po - Blanc Pur,0,0,visible,"Garde-manger Dilamco, dimensions 24 x 12 x 90 po. Finition Shaker disponible selon les variantes.","Module Dilamco garde-manger (P-24-12-90), dimensions 24 x 12 x 90 po. Cabinet en contreplaqué avec fini intérieur en placage de bouleau. Porte HDF avec moulure en bouleau. Fini extérieur assorti à la porte selon la finition choisie. Prix, disponibilité, panneaux de finition, fillers et installation à confirmer avant publication.",,,taxable,1,,0,0,0,Armoires de cuisine > Garde-manger > Profondeur 12 po,"Dilamco, armoires, Shaker, catalogue technique",,sku:P-24-12-90,2,Type de module,Garde-manger,1,0,,Largeur,24,1,0,,Largeur B,,0,0,,Profondeur,12,1,0,,Hauteur,90,1,0,,Hauteur de plafond,,0,0,,Type de coin,Non,1,0,,Style de porte,Shaker,1,0,,Moulure,3 po,1,0,,Couleur,Blanc Pur,1,0,,P-24-12-90,Garde-manger,Armoires de cuisine > Garde-manger > Profondeur 12 po,,2,24,,12,90,,Non,Blanc Pur,3 po,Shaker 3 po - Blanc Pur,Trousse Design p.7
variable,P-09-12-96,Garde-manger - 9 x 12 x 96 po,0,0,visible,"Garde-manger Dilamco, dimensions 9 x 12 x 96 po. Finition Shaker disponible selon les variantes.","Module Dilamco garde-manger (P-09-12-96), dimensions 9 x 12 x 96 po. Cabinet en contreplaqué avec fini intérieur en placage de bouleau. Porte HDF avec moulure en bouleau. Fini extérieur assorti à la porte selon la finition choisie. Prix, disponibilité, panneaux de finition, fillers et installation à confirmer avant publication.",,,taxable,1,,0,0,0,Armoires de cuisine > Garde-manger > Profondeur 12 po,"Dilamco, armoires, Shaker, catalogue technique",,,0,Type de module,Garde-manger,1,0,,Largeur,9,1,0,,Largeur B,,0,0,,Profondeur,12,1,0,,Hauteur,96,1,0,,Hauteur de plafond,,0,0,,Type de coin,Non,1,0,,Style de porte,Shaker,1,0,Shaker,Moulure,1 po | 3 po,1,0,1 po,Couleur,Blanc Pur,1,0,Blanc Pur,P-09-12-96,Garde-manger,Armoires de cuisine > Garde-manger > Profondeur 12 po,,1,9,,12,96,,Non,,,,Trousse Design p.7
variation,P-09-12-96-BP1,Garde-manger - 9 x 12 x 96 po - Shaker 1 po - Blanc Pur,0,0,visible,"Garde-manger Dilamco, dimensions 9 x 12 x 96 po. Finition Shaker disponible selon les variantes.","Module Dilamco garde-manger (P-09-12-96), dimensions 9 x 12 x 96 po. Cabinet en contreplaqué avec fini intérieur en placage de bouleau. Porte HDF avec moulure en bouleau. Fini extérieur assorti à la porte selon la finition choisie. Prix, disponibilité, panneaux de finition, fillers et installation à confirmer avant publication.",,,taxable,1,,0,0,0,Armoires de cuisine > Garde-manger > Profondeur 12 po,"Dilamco, armoires, Shaker, catalogue technique",,sku:P-09-12-96,1,Type de module,Garde-manger,1,0,,Largeur,9,1,0,,Largeur B,,0,0,,Profondeur,12,1,0,,Hauteur,96,1,0,,Hauteur de plafond,,0,0,,Type de coin,Non,1,0,,Style de porte,Shaker,1,0,,Moulure,1 po,1,0,,Couleur,Blanc Pur,1,0,,P-09-12-96,Garde-manger,Armoires de cuisine > Garde-manger > Profondeur 12 po,,1,9,,12,96,,Non,Blanc Pur,1 po,Shaker 1 po - Blanc Pur,Trousse Design p.7
variation,P-09-12-96-BP3,Garde-manger - 9 x 12 x 96 po - Shaker 3 po - Blanc Pur,0,0,visible,"Garde-manger Dilamco, dimensions 9 x 12 x 96 po. Finition Shaker disponible selon les variantes.","Module Dilamco garde-manger (P-09-12-96), dimensions 9 x 12 x 96 po. Cabinet en contreplaqué avec fini intérieur en placage de bouleau. Porte HDF avec moulure en bouleau. Fini extérieur assorti à la porte selon la finition choisie. Prix, disponibilité, panneaux de finition, fillers et installation à confirmer avant publication.",,,taxable,1,,0,0,0,Armoires de cuisine > Garde-manger > Profondeur 12 po,"Dilamco, armoires, Shaker, catalogue technique",,sku:P-09-12-96,2,Type de module,Garde-manger,1,0,,Largeur,9,1,0,,Largeur B,,0,0,,Profondeur,12,1,0,,Hauteur,96,1,0,,Hauteur de plafond,,0,0,,Type de coin,Non,1,0,,Style de porte,Shaker,1,0,,Moulure,3 po,1,0,,Couleur,Blanc Pur,1,0,,P-09-12-96,Garde-manger,Armoires de cuisine > Garde-manger > Profondeur 12 po,,1,9,,12,96,,Non,Blanc Pur,3 po,Shaker 3 po - Blanc Pur,Trousse Design p.7
variable,P-12-12-96,Garde-manger - 12 x 12 x 96 po,0,0,visible,"Garde-manger Dilamco, dimensions 12 x 12 x 96 po. Finition Shaker disponible selon les variantes.","Module Dilamco garde-manger (P-12-12-96), dimensions 12 x 12 x 96 po. Cabinet en contreplaqué avec fini intérieur en placage de bouleau. Porte HDF avec moulure en bouleau. Fini extérieur assorti à la porte selon la finition choisie. Prix, disponibilité, panneaux de finition, fillers et installation à confirmer avant publication.",,,taxable,1,,0,0,0,Armoires de cuisine > Garde-manger > Profondeur 12 po,"Dilamco, armoires, Shaker, catalogue technique",,,0,Type de module,Garde-manger,1,0,,Largeur,12,1,0,,Largeur B,,0,0,,Profondeur,12,1,0,,Hauteur,96,1,0,,Hauteur de plafond,,0,0,,Type de coin,Non,1,0,,Style de porte,Shaker,1,0,Shaker,Moulure,1 po | 3 po,1,0,1 po,Couleur,Blanc Pur,1,0,Blanc Pur,P-12-12-96,Garde-manger,Armoires de cuisine > Garde-manger > Profondeur 12 po,,1,12,,12,96,,Non,,,,Trousse Design p.7
variation,P-12-12-96-BP1,Garde-manger - 12 x 12 x 96 po - Shaker 1 po - Blanc Pur,0,0,visible,"Garde-manger Dilamco, dimensions 12 x 12 x 96 po. Finition Shaker disponible selon les variantes.","Module Dilamco garde-manger (P-12-12-96), dimensions 12 x 12 x 96 po. Cabinet en contreplaqué avec fini intérieur en placage de bouleau. Porte HDF avec moulure en bouleau. Fini extérieur assorti à la porte selon la finition choisie. Prix, disponibilité, panneaux de finition, fillers et installation à confirmer avant publication.",,,taxable,1,,0,0,0,Armoires de cuisine > Garde-manger > Profondeur 12 po,"Dilamco, armoires, Shaker, catalogue technique",,sku:P-12-12-96,1,Type de module,Garde-manger,1,0,,Largeur,12,1,0,,Largeur B,,0,0,,Profondeur,12,1,0,,Hauteur,96,1,0,,Hauteur de plafond,,0,0,,Type de coin,Non,1,0,,Style de porte,Shaker,1,0,,Moulure,1 po,1,0,,Couleur,Blanc Pur,1,0,,P-12-12-96,Garde-manger,Armoires de cuisine > Garde-manger > Profondeur 12 po,,1,12,,12,96,,Non,Blanc Pur,1 po,Shaker 1 po - Blanc Pur,Trousse Design p.7
variation,P-12-12-96-BP3,Garde-manger - 12 x 12 x 96 po - Shaker 3 po - Blanc Pur,0,0,visible,"Garde-manger Dilamco, dimensions 12 x 12 x 96 po. Finition Shaker disponible selon les variantes.","Module Dilamco garde-manger (P-12-12-96), dimensions 12 x 12 x 96 po. Cabinet en contreplaqué avec fini intérieur en placage de bouleau. Porte HDF avec moulure en bouleau. Fini extérieur assorti à la porte selon la finition choisie. Prix, disponibilité, panneaux de finition, fillers et installation à confirmer avant publication.",,,taxable,1,,0,0,0,Armoires de cuisine > Garde-manger > Profondeur 12 po,"Dilamco, armoires, Shaker, catalogue technique",,sku:P-12-12-96,2,Type de module,Garde-manger,1,0,,Largeur,12,1,0,,Largeur B,,0,0,,Profondeur,12,1,0,,Hauteur,96,1,0,,Hauteur de plafond,,0,0,,Type de coin,Non,1,0,,Style de porte,Shaker,1,0,,Moulure,3 po,1,0,,Couleur,Blanc Pur,1,0,,P-12-12-96,Garde-manger,Armoires de cuisine > Garde-manger > Profondeur 12 po,,1,12,,12,96,,Non,Blanc Pur,3 po,Shaker 3 po - Blanc Pur,Trousse Design p.7
variable,P-15-12-96,Garde-manger - 15 x 12 x 96 po,0,0,visible,"Garde-manger Dilamco, dimensions 15 x 12 x 96 po. Finition Shaker disponible selon les variantes.","Module Dilamco garde-manger (P-15-12-96), dimensions 15 x 12 x 96 po. Cabinet en contreplaqué avec fini intérieur en placage de bouleau. Porte HDF avec moulure en bouleau. Fini extérieur assorti à la porte selon la finition choisie. Prix, disponibilité, panneaux de finition, fillers et installation à confirmer avant publication.",,,taxable,1,,0,0,0,Armoires de cuisine > Garde-manger > Profondeur 12 po,"Dilamco, armoires, Shaker, catalogue technique",,,0,Type de module,Garde-manger,1,0,,Largeur,15,1,0,,Largeur B,,0,0,,Profondeur,12,1,0,,Hauteur,96,1,0,,Hauteur de plafond,,0,0,,Type de coin,Non,1,0,,Style de porte,Shaker,1,0,Shaker,Moulure,1 po | 3 po,1,0,1 po,Couleur,Blanc Pur,1,0,Blanc Pur,P-15-12-96,Garde-manger,Armoires de cuisine > Garde-manger > Profondeur 12 po,,1,15,,12,96,,Non,,,,Trousse Design p.7
variation,P-15-12-96-BP1,Garde-manger - 15 x 12 x 96 po - Shaker 1 po - Blanc Pur,0,0,visible,"Garde-manger Dilamco, dimensions 15 x 12 x 96 po. Finition Shaker disponible selon les variantes.","Module Dilamco garde-manger (P-15-12-96), dimensions 15 x 12 x 96 po. Cabinet en contreplaqué avec fini intérieur en placage de bouleau. Porte HDF avec moulure en bouleau. Fini extérieur assorti à la porte selon la finition choisie. Prix, disponibilité, panneaux de finition, fillers et installation à confirmer avant publication.",,,taxable,1,,0,0,0,Armoires de cuisine > Garde-manger > Profondeur 12 po,"Dilamco, armoires, Shaker, catalogue technique",,sku:P-15-12-96,1,Type de module,Garde-manger,1,0,,Largeur,15,1,0,,Largeur B,,0,0,,Profondeur,12,1,0,,Hauteur,96,1,0,,Hauteur de plafond,,0,0,,Type de coin,Non,1,0,,Style de porte,Shaker,1,0,,Moulure,1 po,1,0,,Couleur,Blanc Pur,1,0,,P-15-12-96,Garde-manger,Armoires de cuisine > Garde-manger > Profondeur 12 po,,1,15,,12,96,,Non,Blanc Pur,1 po,Shaker 1 po - Blanc Pur,Trousse Design p.7
variation,P-15-12-96-BP3,Garde-manger - 15 x 12 x 96 po - Shaker 3 po - Blanc Pur,0,0,visible,"Garde-manger Dilamco, dimensions 15 x 12 x 96 po. Finition Shaker disponible selon les variantes.","Module Dilamco garde-manger (P-15-12-96), dimensions 15 x 12 x 96 po. Cabinet en contreplaqué avec fini intérieur en placage de bouleau. Porte HDF avec moulure en bouleau. Fini extérieur assorti à la porte selon la finition choisie. Prix, disponibilité, panneaux de finition, fillers et installation à confirmer avant publication.",,,taxable,1,,0,0,0,Armoires de cuisine > Garde-manger > Profondeur 12 po,"Dilamco, armoires, Shaker, catalogue technique",,sku:P-15-12-96,2,Type de module,Garde-manger,1,0,,Largeur,15,1,0,,Largeur B,,0,0,,Profondeur,12,1,0,,Hauteur,96,1,0,,Hauteur de plafond,,0,0,,Type de coin,Non,1,0,,Style de porte,Shaker,1,0,,Moulure,3 po,1,0,,Couleur,Blanc Pur,1,0,,P-15-12-96,Garde-manger,Armoires de cuisine > Garde-manger > Profondeur 12 po,,1,15,,12,96,,Non,Blanc Pur,3 po,Shaker 3 po - Blanc Pur,Trousse Design p.7
variable,P-18-12-96,Garde-manger - 18 x 12 x 96 po,0,0,visible,"Garde-manger Dilamco, dimensions 18 x 12 x 96 po. Finition Shaker disponible selon les variantes.","Module Dilamco garde-manger (P-18-12-96), dimensions 18 x 12 x 96 po. Cabinet en contreplaqué avec fini intérieur en placage de bouleau. Porte HDF avec moulure en bouleau. Fini extérieur assorti à la porte selon la finition choisie. Prix, disponibilité, panneaux de finition, fillers et installation à confirmer avant publication.",,,taxable,1,,0,0,0,Armoires de cuisine > Garde-manger > Profondeur 12 po,"Dilamco, armoires, Shaker, catalogue technique",,,0,Type de module,Garde-manger,1,0,,Largeur,18,1,0,,Largeur B,,0,0,,Profondeur,12,1,0,,Hauteur,96,1,0,,Hauteur de plafond,,0,0,,Type de coin,Non,1,0,,Style de porte,Shaker,1,0,Shaker,Moulure,1 po | 3 po,1,0,1 po,Couleur,Blanc Pur,1,0,Blanc Pur,P-18-12-96,Garde-manger,Armoires de cuisine > Garde-manger > Profondeur 12 po,,1,18,,12,96,,Non,,,,Trousse Design p.7
variation,P-18-12-96-BP1,Garde-manger - 18 x 12 x 96 po - Shaker 1 po - Blanc Pur,0,0,visible,"Garde-manger Dilamco, dimensions 18 x 12 x 96 po. Finition Shaker disponible selon les variantes.","Module Dilamco garde-manger (P-18-12-96), dimensions 18 x 12 x 96 po. Cabinet en contreplaqué avec fini intérieur en placage de bouleau. Porte HDF avec moulure en bouleau. Fini extérieur assorti à la porte selon la finition choisie. Prix, disponibilité, panneaux de finition, fillers et installation à confirmer avant publication.",,,taxable,1,,0,0,0,Armoires de cuisine > Garde-manger > Profondeur 12 po,"Dilamco, armoires, Shaker, catalogue technique",,sku:P-18-12-96,1,Type de module,Garde-manger,1,0,,Largeur,18,1,0,,Largeur B,,0,0,,Profondeur,12,1,0,,Hauteur,96,1,0,,Hauteur de plafond,,0,0,,Type de coin,Non,1,0,,Style de porte,Shaker,1,0,,Moulure,1 po,1,0,,Couleur,Blanc Pur,1,0,,P-18-12-96,Garde-manger,Armoires de cuisine > Garde-manger > Profondeur 12 po,,1,18,,12,96,,Non,Blanc Pur,1 po,Shaker 1 po - Blanc Pur,Trousse Design p.7
variation,P-18-12-96-BP3,Garde-manger - 18 x 12 x 96 po - Shaker 3 po - Blanc Pur,0,0,visible,"Garde-manger Dilamco, dimensions 18 x 12 x 96 po. Finition Shaker disponible selon les variantes.","Module Dilamco garde-manger (P-18-12-96), dimensions 18 x 12 x 96 po. Cabinet en contreplaqué avec fini intérieur en placage de bouleau. Porte HDF avec moulure en bouleau. Fini extérieur assorti à la porte selon la finition choisie. Prix, disponibilité, panneaux de finition, fillers et installation à confirmer avant publication.",,,taxable,1,,0,0,0,Armoires de cuisine > Garde-manger > Profondeur 12 po,"Dilamco, armoires, Shaker, catalogue technique",,sku:P-18-12-96,2,Type de module,Garde-manger,1,0,,Largeur,18,1,0,,Largeur B,,0,0,,Profondeur,12,1,0,,Hauteur,96,1,0,,Hauteur de plafond,,0,0,,Type de coin,Non,1,0,,Style de porte,Shaker,1,0,,Moulure,3 po,1,0,,Couleur,Blanc Pur,1,0,,P-18-12-96,Garde-manger,Armoires de cuisine > Garde-manger > Profondeur 12 po,,1,18,,12,96,,Non,Blanc Pur,3 po,Shaker 3 po - Blanc Pur,Trousse Design p.7
variable,P-21-12-96,Garde-manger - 21 x 12 x 96 po,0,0,visible,"Garde-manger Dilamco, dimensions 21 x 12 x 96 po. Finition Shaker disponible selon les variantes.","Module Dilamco garde-manger (P-21-12-96), dimensions 21 x 12 x 96 po. Cabinet en contreplaqué avec fini intérieur en placage de bouleau. Porte HDF avec moulure en bouleau. Fini extérieur assorti à la porte selon la finition choisie. Prix, disponibilité, panneaux de finition, fillers et installation à confirmer avant publication.",,,taxable,1,,0,0,0,Armoires de cuisine > Garde-manger > Profondeur 12 po,"Dilamco, armoires, Shaker, catalogue technique",,,0,Type de module,Garde-manger,1,0,,Largeur,21,1,0,,Largeur B,,0,0,,Profondeur,12,1,0,,Hauteur,96,1,0,,Hauteur de plafond,,0,0,,Type de coin,Non,1,0,,Style de porte,Shaker,1,0,Shaker,Moulure,1 po | 3 po,1,0,1 po,Couleur,Blanc Pur,1,0,Blanc Pur,P-21-12-96,Garde-manger,Armoires de cuisine > Garde-manger > Profondeur 12 po,,1,21,,12,96,,Non,,,,Trousse Design p.7
variation,P-21-12-96-BP1,Garde-manger - 21 x 12 x 96 po - Shaker 1 po - Blanc Pur,0,0,visible,"Garde-manger Dilamco, dimensions 21 x 12 x 96 po. Finition Shaker disponible selon les variantes.","Module Dilamco garde-manger (P-21-12-96), dimensions 21 x 12 x 96 po. Cabinet en contreplaqué avec fini intérieur en placage de bouleau. Porte HDF avec moulure en bouleau. Fini extérieur assorti à la porte selon la finition choisie. Prix, disponibilité, panneaux de finition, fillers et installation à confirmer avant publication.",,,taxable,1,,0,0,0,Armoires de cuisine > Garde-manger > Profondeur 12 po,"Dilamco, armoires, Shaker, catalogue technique",,sku:P-21-12-96,1,Type de module,Garde-manger,1,0,,Largeur,21,1,0,,Largeur B,,0,0,,Profondeur,12,1,0,,Hauteur,96,1,0,,Hauteur de plafond,,0,0,,Type de coin,Non,1,0,,Style de porte,Shaker,1,0,,Moulure,1 po,1,0,,Couleur,Blanc Pur,1,0,,P-21-12-96,Garde-manger,Armoires de cuisine > Garde-manger > Profondeur 12 po,,1,21,,12,96,,Non,Blanc Pur,1 po,Shaker 1 po - Blanc Pur,Trousse Design p.7
variation,P-21-12-96-BP3,Garde-manger - 21 x 12 x 96 po - Shaker 3 po - Blanc Pur,0,0,visible,"Garde-manger Dilamco, dimensions 21 x 12 x 96 po. Finition Shaker disponible selon les variantes.","Module Dilamco garde-manger (P-21-12-96), dimensions 21 x 12 x 96 po. Cabinet en contreplaqué avec fini intérieur en placage de bouleau. Porte HDF avec moulure en bouleau. Fini extérieur assorti à la porte selon la finition choisie. Prix, disponibilité, panneaux de finition, fillers et installation à confirmer avant publication.",,,taxable,1,,0,0,0,Armoires de cuisine > Garde-manger > Profondeur 12 po,"Dilamco, armoires, Shaker, catalogue technique",,sku:P-21-12-96,2,Type de module,Garde-manger,1,0,,Largeur,21,1,0,,Largeur B,,0,0,,Profondeur,12,1,0,,Hauteur,96,1,0,,Hauteur de plafond,,0,0,,Type de coin,Non,1,0,,Style de porte,Shaker,1,0,,Moulure,3 po,1,0,,Couleur,Blanc Pur,1,0,,P-21-12-96,Garde-manger,Armoires de cuisine > Garde-manger > Profondeur 12 po,,1,21,,12,96,,Non,Blanc Pur,3 po,Shaker 3 po - Blanc Pur,Trousse Design p.7
variable,P-24-12-96,Garde-manger - 24 x 12 x 96 po,0,0,visible,"Garde-manger Dilamco, dimensions 24 x 12 x 96 po. Finition Shaker disponible selon les variantes.","Module Dilamco garde-manger (P-24-12-96), dimensions 24 x 12 x 96 po. Cabinet en contreplaqué avec fini intérieur en placage de bouleau. Porte HDF avec moulure en bouleau. Fini extérieur assorti à la porte selon la finition choisie. Prix, disponibilité, panneaux de finition, fillers et installation à confirmer avant publication.",,,taxable,1,,0,0,0,Armoires de cuisine > Garde-manger > Profondeur 12 po,"Dilamco, armoires, Shaker, catalogue technique",,,0,Type de module,Garde-manger,1,0,,Largeur,24,1,0,,Largeur B,,0,0,,Profondeur,12,1,0,,Hauteur,96,1,0,,Hauteur de plafond,,0,0,,Type de coin,Non,1,0,,Style de porte,Shaker,1,0,Shaker,Moulure,1 po | 3 po,1,0,1 po,Couleur,Blanc Pur,1,0,Blanc Pur,P-24-12-96,Garde-manger,Armoires de cuisine > Garde-manger > Profondeur 12 po,,2,24,,12,96,,Non,,,,Trousse Design p.7
variation,P-24-12-96-BP1,Garde-manger - 24 x 12 x 96 po - Shaker 1 po - Blanc Pur,0,0,visible,"Garde-manger Dilamco, dimensions 24 x 12 x 96 po. Finition Shaker disponible selon les variantes.","Module Dilamco garde-manger (P-24-12-96), dimensions 24 x 12 x 96 po. Cabinet en contreplaqué avec fini intérieur en placage de bouleau. Porte HDF avec moulure en bouleau. Fini extérieur assorti à la porte selon la finition choisie. Prix, disponibilité, panneaux de finition, fillers et installation à confirmer avant publication.",,,taxable,1,,0,0,0,Armoires de cuisine > Garde-manger > Profondeur 12 po,"Dilamco, armoires, Shaker, catalogue technique",,sku:P-24-12-96,1,Type de module,Garde-manger,1,0,,Largeur,24,1,0,,Largeur B,,0,0,,Profondeur,12,1,0,,Hauteur,96,1,0,,Hauteur de plafond,,0,0,,Type de coin,Non,1,0,,Style de porte,Shaker,1,0,,Moulure,1 po,1,0,,Couleur,Blanc Pur,1,0,,P-24-12-96,Garde-manger,Armoires de cuisine > Garde-manger > Profondeur 12 po,,2,24,,12,96,,Non,Blanc Pur,1 po,Shaker 1 po - Blanc Pur,Trousse Design p.7
variation,P-24-12-96-BP3,Garde-manger - 24 x 12 x 96 po - Shaker 3 po - Blanc Pur,0,0,visible,"Garde-manger Dilamco, dimensions 24 x 12 x 96 po. Finition Shaker disponible selon les variantes.","Module Dilamco garde-manger (P-24-12-96), dimensions 24 x 12 x 96 po. Cabinet en contreplaqué avec fini intérieur en placage de bouleau. Porte HDF avec moulure en bouleau. Fini extérieur assorti à la porte selon la finition choisie. Prix, disponibilité, panneaux de finition, fillers et installation à confirmer avant publication.",,,taxable,1,,0,0,0,Armoires de cuisine > Garde-manger > Profondeur 12 po,"Dilamco, armoires, Shaker, catalogue technique",,sku:P-24-12-96,2,Type de module,Garde-manger,1,0,,Largeur,24,1,0,,Largeur B,,0,0,,Profondeur,12,1,0,,Hauteur,96,1,0,,Hauteur de plafond,,0,0,,Type de coin,Non,1,0,,Style de porte,Shaker,1,0,,Moulure,3 po,1,0,,Couleur,Blanc Pur,1,0,,P-24-12-96,Garde-manger,Armoires de cuisine > Garde-manger > Profondeur 12 po,,2,24,,12,96,,Non,Blanc Pur,3 po,Shaker 3 po - Blanc Pur,Trousse Design p.7
variable,P-18-24-84,Garde-manger - 18 x 24 x 84 po,0,0,visible,"Garde-manger Dilamco, dimensions 18 x 24 x 84 po. Finition Shaker disponible selon les variantes.","Module Dilamco garde-manger (P-18-24-84), dimensions 18 x 24 x 84 po. Cabinet en contreplaqué avec fini intérieur en placage de bouleau. Porte HDF avec moulure en bouleau. Fini extérieur assorti à la porte selon la finition choisie. Prix, disponibilité, panneaux de finition, fillers et installation à confirmer avant publication.",,,taxable,1,,0,0,0,Armoires de cuisine > Garde-manger > Profondeur 24 po,"Dilamco, armoires, Shaker, catalogue technique",,,0,Type de module,Garde-manger,1,0,,Largeur,18,1,0,,Largeur B,,0,0,,Profondeur,24,1,0,,Hauteur,84,1,0,,Hauteur de plafond,,0,0,,Type de coin,Non,1,0,,Style de porte,Shaker,1,0,Shaker,Moulure,1 po | 3 po,1,0,1 po,Couleur,Blanc Pur,1,0,Blanc Pur,P-18-24-84,Garde-manger,Armoires de cuisine > Garde-manger > Profondeur 24 po,,1,18,,24,84,,Non,,,,Trousse Design p.8
variation,P-18-24-84-BP1,Garde-manger - 18 x 24 x 84 po - Shaker 1 po - Blanc Pur,0,0,visible,"Garde-manger Dilamco, dimensions 18 x 24 x 84 po. Finition Shaker disponible selon les variantes.","Module Dilamco garde-manger (P-18-24-84), dimensions 18 x 24 x 84 po. Cabinet en contreplaqué avec fini intérieur en placage de bouleau. Porte HDF avec moulure en bouleau. Fini extérieur assorti à la porte selon la finition choisie. Prix, disponibilité, panneaux de finition, fillers et installation à confirmer avant publication.",,,taxable,1,,0,0,0,Armoires de cuisine > Garde-manger > Profondeur 24 po,"Dilamco, armoires, Shaker, catalogue technique",,sku:P-18-24-84,1,Type de module,Garde-manger,1,0,,Largeur,18,1,0,,Largeur B,,0,0,,Profondeur,24,1,0,,Hauteur,84,1,0,,Hauteur de plafond,,0,0,,Type de coin,Non,1,0,,Style de porte,Shaker,1,0,,Moulure,1 po,1,0,,Couleur,Blanc Pur,1,0,,P-18-24-84,Garde-manger,Armoires de cuisine > Garde-manger > Profondeur 24 po,,1,18,,24,84,,Non,Blanc Pur,1 po,Shaker 1 po - Blanc Pur,Trousse Design p.8
variation,P-18-24-84-BP3,Garde-manger - 18 x 24 x 84 po - Shaker 3 po - Blanc Pur,0,0,visible,"Garde-manger Dilamco, dimensions 18 x 24 x 84 po. Finition Shaker disponible selon les variantes.","Module Dilamco garde-manger (P-18-24-84), dimensions 18 x 24 x 84 po. Cabinet en contreplaqué avec fini intérieur en placage de bouleau. Porte HDF avec moulure en bouleau. Fini extérieur assorti à la porte selon la finition choisie. Prix, disponibilité, panneaux de finition, fillers et installation à confirmer avant publication.",,,taxable,1,,0,0,0,Armoires de cuisine > Garde-manger > Profondeur 24 po,"Dilamco, armoires, Shaker, catalogue technique",,sku:P-18-24-84,2,Type de module,Garde-manger,1,0,,Largeur,18,1,0,,Largeur B,,0,0,,Profondeur,24,1,0,,Hauteur,84,1,0,,Hauteur de plafond,,0,0,,Type de coin,Non,1,0,,Style de porte,Shaker,1,0,,Moulure,3 po,1,0,,Couleur,Blanc Pur,1,0,,P-18-24-84,Garde-manger,Armoires de cuisine > Garde-manger > Profondeur 24 po,,1,18,,24,84,,Non,Blanc Pur,3 po,Shaker 3 po - Blanc Pur,Trousse Design p.8
variable,P-21-24-84,Garde-manger - 21 x 24 x 84 po,0,0,visible,"Garde-manger Dilamco, dimensions 21 x 24 x 84 po. Finition Shaker disponible selon les variantes.","Module Dilamco garde-manger (P-21-24-84), dimensions 21 x 24 x 84 po. Cabinet en contreplaqué avec fini intérieur en placage de bouleau. Porte HDF avec moulure en bouleau. Fini extérieur assorti à la porte selon la finition choisie. Prix, disponibilité, panneaux de finition, fillers et installation à confirmer avant publication.",,,taxable,1,,0,0,0,Armoires de cuisine > Garde-manger > Profondeur 24 po,"Dilamco, armoires, Shaker, catalogue technique",,,0,Type de module,Garde-manger,1,0,,Largeur,21,1,0,,Largeur B,,0,0,,Profondeur,24,1,0,,Hauteur,84,1,0,,Hauteur de plafond,,0,0,,Type de coin,Non,1,0,,Style de porte,Shaker,1,0,Shaker,Moulure,1 po | 3 po,1,0,1 po,Couleur,Blanc Pur,1,0,Blanc Pur,P-21-24-84,Garde-manger,Armoires de cuisine > Garde-manger > Profondeur 24 po,,1,21,,24,84,,Non,,,,Trousse Design p.8
variation,P-21-24-84-BP1,Garde-manger - 21 x 24 x 84 po - Shaker 1 po - Blanc Pur,0,0,visible,"Garde-manger Dilamco, dimensions 21 x 24 x 84 po. Finition Shaker disponible selon les variantes.","Module Dilamco garde-manger (P-21-24-84), dimensions 21 x 24 x 84 po. Cabinet en contreplaqué avec fini intérieur en placage de bouleau. Porte HDF avec moulure en bouleau. Fini extérieur assorti à la porte selon la finition choisie. Prix, disponibilité, panneaux de finition, fillers et installation à confirmer avant publication.",,,taxable,1,,0,0,0,Armoires de cuisine > Garde-manger > Profondeur 24 po,"Dilamco, armoires, Shaker, catalogue technique",,sku:P-21-24-84,1,Type de module,Garde-manger,1,0,,Largeur,21,1,0,,Largeur B,,0,0,,Profondeur,24,1,0,,Hauteur,84,1,0,,Hauteur de plafond,,0,0,,Type de coin,Non,1,0,,Style de porte,Shaker,1,0,,Moulure,1 po,1,0,,Couleur,Blanc Pur,1,0,,P-21-24-84,Garde-manger,Armoires de cuisine > Garde-manger > Profondeur 24 po,,1,21,,24,84,,Non,Blanc Pur,1 po,Shaker 1 po - Blanc Pur,Trousse Design p.8
variation,P-21-24-84-BP3,Garde-manger - 21 x 24 x 84 po - Shaker 3 po - Blanc Pur,0,0,visible,"Garde-manger Dilamco, dimensions 21 x 24 x 84 po. Finition Shaker disponible selon les variantes.","Module Dilamco garde-manger (P-21-24-84), dimensions 21 x 24 x 84 po. Cabinet en contreplaqué avec fini intérieur en placage de bouleau. Porte HDF avec moulure en bouleau. Fini extérieur assorti à la porte selon la finition choisie. Prix, disponibilité, panneaux de finition, fillers et installation à confirmer avant publication.",,,taxable,1,,0,0,0,Armoires de cuisine > Garde-manger > Profondeur 24 po,"Dilamco, armoires, Shaker, catalogue technique",,sku:P-21-24-84,2,Type de module,Garde-manger,1,0,,Largeur,21,1,0,,Largeur B,,0,0,,Profondeur,24,1,0,,Hauteur,84,1,0,,Hauteur de plafond,,0,0,,Type de coin,Non,1,0,,Style de porte,Shaker,1,0,,Moulure,3 po,1,0,,Couleur,Blanc Pur,1,0,,P-21-24-84,Garde-manger,Armoires de cuisine > Garde-manger > Profondeur 24 po,,1,21,,24,84,,Non,Blanc Pur,3 po,Shaker 3 po - Blanc Pur,Trousse Design p.8
variable,P-24-24-84,Garde-manger - 24 x 24 x 84 po,0,0,visible,"Garde-manger Dilamco, dimensions 24 x 24 x 84 po. Finition Shaker disponible selon les variantes.","Module Dilamco garde-manger (P-24-24-84), dimensions 24 x 24 x 84 po. Cabinet en contreplaqué avec fini intérieur en placage de bouleau. Porte HDF avec moulure en bouleau. Fini extérieur assorti à la porte selon la finition choisie. Prix, disponibilité, panneaux de finition, fillers et installation à confirmer avant publication.",,,taxable,1,,0,0,0,Armoires de cuisine > Garde-manger > Profondeur 24 po,"Dilamco, armoires, Shaker, catalogue technique",,,0,Type de module,Garde-manger,1,0,,Largeur,24,1,0,,Largeur B,,0,0,,Profondeur,24,1,0,,Hauteur,84,1,0,,Hauteur de plafond,,0,0,,Type de coin,Non,1,0,,Style de porte,Shaker,1,0,Shaker,Moulure,1 po | 3 po,1,0,1 po,Couleur,Blanc Pur,1,0,Blanc Pur,P-24-24-84,Garde-manger,Armoires de cuisine > Garde-manger > Profondeur 24 po,,2,24,,24,84,,Non,,,,Trousse Design p.8
variation,P-24-24-84-BP1,Garde-manger - 24 x 24 x 84 po - Shaker 1 po - Blanc Pur,0,0,visible,"Garde-manger Dilamco, dimensions 24 x 24 x 84 po. Finition Shaker disponible selon les variantes.","Module Dilamco garde-manger (P-24-24-84), dimensions 24 x 24 x 84 po. Cabinet en contreplaqué avec fini intérieur en placage de bouleau. Porte HDF avec moulure en bouleau. Fini extérieur assorti à la porte selon la finition choisie. Prix, disponibilité, panneaux de finition, fillers et installation à confirmer avant publication.",,,taxable,1,,0,0,0,Armoires de cuisine > Garde-manger > Profondeur 24 po,"Dilamco, armoires, Shaker, catalogue technique",,sku:P-24-24-84,1,Type de module,Garde-manger,1,0,,Largeur,24,1,0,,Largeur B,,0,0,,Profondeur,24,1,0,,Hauteur,84,1,0,,Hauteur de plafond,,0,0,,Type de coin,Non,1,0,,Style de porte,Shaker,1,0,,Moulure,1 po,1,0,,Couleur,Blanc Pur,1,0,,P-24-24-84,Garde-manger,Armoires de cuisine > Garde-manger > Profondeur 24 po,,2,24,,24,84,,Non,Blanc Pur,1 po,Shaker 1 po - Blanc Pur,Trousse Design p.8
variation,P-24-24-84-BP3,Garde-manger - 24 x 24 x 84 po - Shaker 3 po - Blanc Pur,0,0,visible,"Garde-manger Dilamco, dimensions 24 x 24 x 84 po. Finition Shaker disponible selon les variantes.","Module Dilamco garde-manger (P-24-24-84), dimensions 24 x 24 x 84 po. Cabinet en contreplaqué avec fini intérieur en placage de bouleau. Porte HDF avec moulure en bouleau. Fini extérieur assorti à la porte selon la finition choisie. Prix, disponibilité, panneaux de finition, fillers et installation à confirmer avant publication.",,,taxable,1,,0,0,0,Armoires de cuisine > Garde-manger > Profondeur 24 po,"Dilamco, armoires, Shaker, catalogue technique",,sku:P-24-24-84,2,Type de module,Garde-manger,1,0,,Largeur,24,1,0,,Largeur B,,0,0,,Profondeur,24,1,0,,Hauteur,84,1,0,,Hauteur de plafond,,0,0,,Type de coin,Non,1,0,,Style de porte,Shaker,1,0,,Moulure,3 po,1,0,,Couleur,Blanc Pur,1,0,,P-24-24-84,Garde-manger,Armoires de cuisine > Garde-manger > Profondeur 24 po,,2,24,,24,84,,Non,Blanc Pur,3 po,Shaker 3 po - Blanc Pur,Trousse Design p.8
variable,P-27-24-84,Garde-manger - 27 x 24 x 84 po,0,0,visible,"Garde-manger Dilamco, dimensions 27 x 24 x 84 po. Finition Shaker disponible selon les variantes.","Module Dilamco garde-manger (P-27-24-84), dimensions 27 x 24 x 84 po. Cabinet en contreplaqué avec fini intérieur en placage de bouleau. Porte HDF avec moulure en bouleau. Fini extérieur assorti à la porte selon la finition choisie. Prix, disponibilité, panneaux de finition, fillers et installation à confirmer avant publication.",,,taxable,1,,0,0,0,Armoires de cuisine > Garde-manger > Profondeur 24 po,"Dilamco, armoires, Shaker, catalogue technique",,,0,Type de module,Garde-manger,1,0,,Largeur,27,1,0,,Largeur B,,0,0,,Profondeur,24,1,0,,Hauteur,84,1,0,,Hauteur de plafond,,0,0,,Type de coin,Non,1,0,,Style de porte,Shaker,1,0,Shaker,Moulure,1 po | 3 po,1,0,1 po,Couleur,Blanc Pur,1,0,Blanc Pur,P-27-24-84,Garde-manger,Armoires de cuisine > Garde-manger > Profondeur 24 po,,2,27,,24,84,,Non,,,,Trousse Design p.8
variation,P-27-24-84-BP1,Garde-manger - 27 x 24 x 84 po - Shaker 1 po - Blanc Pur,0,0,visible,"Garde-manger Dilamco, dimensions 27 x 24 x 84 po. Finition Shaker disponible selon les variantes.","Module Dilamco garde-manger (P-27-24-84), dimensions 27 x 24 x 84 po. Cabinet en contreplaqué avec fini intérieur en placage de bouleau. Porte HDF avec moulure en bouleau. Fini extérieur assorti à la porte selon la finition choisie. Prix, disponibilité, panneaux de finition, fillers et installation à confirmer avant publication.",,,taxable,1,,0,0,0,Armoires de cuisine > Garde-manger > Profondeur 24 po,"Dilamco, armoires, Shaker, catalogue technique",,sku:P-27-24-84,1,Type de module,Garde-manger,1,0,,Largeur,27,1,0,,Largeur B,,0,0,,Profondeur,24,1,0,,Hauteur,84,1,0,,Hauteur de plafond,,0,0,,Type de coin,Non,1,0,,Style de porte,Shaker,1,0,,Moulure,1 po,1,0,,Couleur,Blanc Pur,1,0,,P-27-24-84,Garde-manger,Armoires de cuisine > Garde-manger > Profondeur 24 po,,2,27,,24,84,,Non,Blanc Pur,1 po,Shaker 1 po - Blanc Pur,Trousse Design p.8
variation,P-27-24-84-BP3,Garde-manger - 27 x 24 x 84 po - Shaker 3 po - Blanc Pur,0,0,visible,"Garde-manger Dilamco, dimensions 27 x 24 x 84 po. Finition Shaker disponible selon les variantes.","Module Dilamco garde-manger (P-27-24-84), dimensions 27 x 24 x 84 po. Cabinet en contreplaqué avec fini intérieur en placage de bouleau. Porte HDF avec moulure en bouleau. Fini extérieur assorti à la porte selon la finition choisie. Prix, disponibilité, panneaux de finition, fillers et installation à confirmer avant publication.",,,taxable,1,,0,0,0,Armoires de cuisine > Garde-manger > Profondeur 24 po,"Dilamco, armoires, Shaker, catalogue technique",,sku:P-27-24-84,2,Type de module,Garde-manger,1,0,,Largeur,27,1,0,,Largeur B,,0,0,,Profondeur,24,1,0,,Hauteur,84,1,0,,Hauteur de plafond,,0,0,,Type de coin,Non,1,0,,Style de porte,Shaker,1,0,,Moulure,3 po,1,0,,Couleur,Blanc Pur,1,0,,P-27-24-84,Garde-manger,Armoires de cuisine > Garde-manger > Profondeur 24 po,,2,27,,24,84,,Non,Blanc Pur,3 po,Shaker 3 po - Blanc Pur,Trousse Design p.8
variable,P-30-24-84,Garde-manger - 30 x 24 x 84 po,0,0,visible,"Garde-manger Dilamco, dimensions 30 x 24 x 84 po. Finition Shaker disponible selon les variantes.","Module Dilamco garde-manger (P-30-24-84), dimensions 30 x 24 x 84 po. Cabinet en contreplaqué avec fini intérieur en placage de bouleau. Porte HDF avec moulure en bouleau. Fini extérieur assorti à la porte selon la finition choisie. Prix, disponibilité, panneaux de finition, fillers et installation à confirmer avant publication.",,,taxable,1,,0,0,0,Armoires de cuisine > Garde-manger > Profondeur 24 po,"Dilamco, armoires, Shaker, catalogue technique",,,0,Type de module,Garde-manger,1,0,,Largeur,30,1,0,,Largeur B,,0,0,,Profondeur,24,1,0,,Hauteur,84,1,0,,Hauteur de plafond,,0,0,,Type de coin,Non,1,0,,Style de porte,Shaker,1,0,Shaker,Moulure,1 po | 3 po,1,0,1 po,Couleur,Blanc Pur,1,0,Blanc Pur,P-30-24-84,Garde-manger,Armoires de cuisine > Garde-manger > Profondeur 24 po,,2,30,,24,84,,Non,,,,Trousse Design p.8
variation,P-30-24-84-BP1,Garde-manger - 30 x 24 x 84 po - Shaker 1 po - Blanc Pur,0,0,visible,"Garde-manger Dilamco, dimensions 30 x 24 x 84 po. Finition Shaker disponible selon les variantes.","Module Dilamco garde-manger (P-30-24-84), dimensions 30 x 24 x 84 po. Cabinet en contreplaqué avec fini intérieur en placage de bouleau. Porte HDF avec moulure en bouleau. Fini extérieur assorti à la porte selon la finition choisie. Prix, disponibilité, panneaux de finition, fillers et installation à confirmer avant publication.",,,taxable,1,,0,0,0,Armoires de cuisine > Garde-manger > Profondeur 24 po,"Dilamco, armoires, Shaker, catalogue technique",,sku:P-30-24-84,1,Type de module,Garde-manger,1,0,,Largeur,30,1,0,,Largeur B,,0,0,,Profondeur,24,1,0,,Hauteur,84,1,0,,Hauteur de plafond,,0,0,,Type de coin,Non,1,0,,Style de porte,Shaker,1,0,,Moulure,1 po,1,0,,Couleur,Blanc Pur,1,0,,P-30-24-84,Garde-manger,Armoires de cuisine > Garde-manger > Profondeur 24 po,,2,30,,24,84,,Non,Blanc Pur,1 po,Shaker 1 po - Blanc Pur,Trousse Design p.8
variation,P-30-24-84-BP3,Garde-manger - 30 x 24 x 84 po - Shaker 3 po - Blanc Pur,0,0,visible,"Garde-manger Dilamco, dimensions 30 x 24 x 84 po. Finition Shaker disponible selon les variantes.","Module Dilamco garde-manger (P-30-24-84), dimensions 30 x 24 x 84 po. Cabinet en contreplaqué avec fini intérieur en placage de bouleau. Porte HDF avec moulure en bouleau. Fini extérieur assorti à la porte selon la finition choisie. Prix, disponibilité, panneaux de finition, fillers et installation à confirmer avant publication.",,,taxable,1,,0,0,0,Armoires de cuisine > Garde-manger > Profondeur 24 po,"Dilamco, armoires, Shaker, catalogue technique",,sku:P-30-24-84,2,Type de module,Garde-manger,1,0,,Largeur,30,1,0,,Largeur B,,0,0,,Profondeur,24,1,0,,Hauteur,84,1,0,,Hauteur de plafond,,0,0,,Type de coin,Non,1,0,,Style de porte,Shaker,1,0,,Moulure,3 po,1,0,,Couleur,Blanc Pur,1,0,,P-30-24-84,Garde-manger,Armoires de cuisine > Garde-manger > Profondeur 24 po,,2,30,,24,84,,Non,Blanc Pur,3 po,Shaker 3 po - Blanc Pur,Trousse Design p.8
variable,P-33-24-84,Garde-manger - 33 x 24 x 84 po,0,0,visible,"Garde-manger Dilamco, dimensions 33 x 24 x 84 po. Finition Shaker disponible selon les variantes.","Module Dilamco garde-manger (P-33-24-84), dimensions 33 x 24 x 84 po. Cabinet en contreplaqué avec fini intérieur en placage de bouleau. Porte HDF avec moulure en bouleau. Fini extérieur assorti à la porte selon la finition choisie. Prix, disponibilité, panneaux de finition, fillers et installation à confirmer avant publication.",,,taxable,1,,0,0,0,Armoires de cuisine > Garde-manger > Profondeur 24 po,"Dilamco, armoires, Shaker, catalogue technique",,,0,Type de module,Garde-manger,1,0,,Largeur,33,1,0,,Largeur B,,0,0,,Profondeur,24,1,0,,Hauteur,84,1,0,,Hauteur de plafond,,0,0,,Type de coin,Non,1,0,,Style de porte,Shaker,1,0,Shaker,Moulure,1 po | 3 po,1,0,1 po,Couleur,Blanc Pur,1,0,Blanc Pur,P-33-24-84,Garde-manger,Armoires de cuisine > Garde-manger > Profondeur 24 po,,2,33,,24,84,,Non,,,,Trousse Design p.8
variation,P-33-24-84-BP1,Garde-manger - 33 x 24 x 84 po - Shaker 1 po - Blanc Pur,0,0,visible,"Garde-manger Dilamco, dimensions 33 x 24 x 84 po. Finition Shaker disponible selon les variantes.","Module Dilamco garde-manger (P-33-24-84), dimensions 33 x 24 x 84 po. Cabinet en contreplaqué avec fini intérieur en placage de bouleau. Porte HDF avec moulure en bouleau. Fini extérieur assorti à la porte selon la finition choisie. Prix, disponibilité, panneaux de finition, fillers et installation à confirmer avant publication.",,,taxable,1,,0,0,0,Armoires de cuisine > Garde-manger > Profondeur 24 po,"Dilamco, armoires, Shaker, catalogue technique",,sku:P-33-24-84,1,Type de module,Garde-manger,1,0,,Largeur,33,1,0,,Largeur B,,0,0,,Profondeur,24,1,0,,Hauteur,84,1,0,,Hauteur de plafond,,0,0,,Type de coin,Non,1,0,,Style de porte,Shaker,1,0,,Moulure,1 po,1,0,,Couleur,Blanc Pur,1,0,,P-33-24-84,Garde-manger,Armoires de cuisine > Garde-manger > Profondeur 24 po,,2,33,,24,84,,Non,Blanc Pur,1 po,Shaker 1 po - Blanc Pur,Trousse Design p.8
variation,P-33-24-84-BP3,Garde-manger - 33 x 24 x 84 po - Shaker 3 po - Blanc Pur,0,0,visible,"Garde-manger Dilamco, dimensions 33 x 24 x 84 po. Finition Shaker disponible selon les variantes.","Module Dilamco garde-manger (P-33-24-84), dimensions 33 x 24 x 84 po. Cabinet en contreplaqué avec fini intérieur en placage de bouleau. Porte HDF avec moulure en bouleau. Fini extérieur assorti à la porte selon la finition choisie. Prix, disponibilité, panneaux de finition, fillers et installation à confirmer avant publication.",,,taxable,1,,0,0,0,Armoires de cuisine > Garde-manger > Profondeur 24 po,"Dilamco, armoires, Shaker, catalogue technique",,sku:P-33-24-84,2,Type de module,Garde-manger,1,0,,Largeur,33,1,0,,Largeur B,,0,0,,Profondeur,24,1,0,,Hauteur,84,1,0,,Hauteur de plafond,,0,0,,Type de coin,Non,1,0,,Style de porte,Shaker,1,0,,Moulure,3 po,1,0,,Couleur,Blanc Pur,1,0,,P-33-24-84,Garde-manger,Armoires de cuisine > Garde-manger > Profondeur 24 po,,2,33,,24,84,,Non,Blanc Pur,3 po,Shaker 3 po - Blanc Pur,Trousse Design p.8
variable,P-36-24-84,Garde-manger - 36 x 24 x 84 po,0,0,visible,"Garde-manger Dilamco, dimensions 36 x 24 x 84 po. Finition Shaker disponible selon les variantes.","Module Dilamco garde-manger (P-36-24-84), dimensions 36 x 24 x 84 po. Cabinet en contreplaqué avec fini intérieur en placage de bouleau. Porte HDF avec moulure en bouleau. Fini extérieur assorti à la porte selon la finition choisie. Prix, disponibilité, panneaux de finition, fillers et installation à confirmer avant publication.",,,taxable,1,,0,0,0,Armoires de cuisine > Garde-manger > Profondeur 24 po,"Dilamco, armoires, Shaker, catalogue technique",,,0,Type de module,Garde-manger,1,0,,Largeur,36,1,0,,Largeur B,,0,0,,Profondeur,24,1,0,,Hauteur,84,1,0,,Hauteur de plafond,,0,0,,Type de coin,Non,1,0,,Style de porte,Shaker,1,0,Shaker,Moulure,1 po | 3 po,1,0,1 po,Couleur,Blanc Pur,1,0,Blanc Pur,P-36-24-84,Garde-manger,Armoires de cuisine > Garde-manger > Profondeur 24 po,,2,36,,24,84,,Non,,,,Trousse Design p.8
variation,P-36-24-84-BP1,Garde-manger - 36 x 24 x 84 po - Shaker 1 po - Blanc Pur,0,0,visible,"Garde-manger Dilamco, dimensions 36 x 24 x 84 po. Finition Shaker disponible selon les variantes.","Module Dilamco garde-manger (P-36-24-84), dimensions 36 x 24 x 84 po. Cabinet en contreplaqué avec fini intérieur en placage de bouleau. Porte HDF avec moulure en bouleau. Fini extérieur assorti à la porte selon la finition choisie. Prix, disponibilité, panneaux de finition, fillers et installation à confirmer avant publication.",,,taxable,1,,0,0,0,Armoires de cuisine > Garde-manger > Profondeur 24 po,"Dilamco, armoires, Shaker, catalogue technique",,sku:P-36-24-84,1,Type de module,Garde-manger,1,0,,Largeur,36,1,0,,Largeur B,,0,0,,Profondeur,24,1,0,,Hauteur,84,1,0,,Hauteur de plafond,,0,0,,Type de coin,Non,1,0,,Style de porte,Shaker,1,0,,Moulure,1 po,1,0,,Couleur,Blanc Pur,1,0,,P-36-24-84,Garde-manger,Armoires de cuisine > Garde-manger > Profondeur 24 po,,2,36,,24,84,,Non,Blanc Pur,1 po,Shaker 1 po - Blanc Pur,Trousse Design p.8
variation,P-36-24-84-BP3,Garde-manger - 36 x 24 x 84 po - Shaker 3 po - Blanc Pur,0,0,visible,"Garde-manger Dilamco, dimensions 36 x 24 x 84 po. Finition Shaker disponible selon les variantes.","Module Dilamco garde-manger (P-36-24-84), dimensions 36 x 24 x 84 po. Cabinet en contreplaqué avec fini intérieur en placage de bouleau. Porte HDF avec moulure en bouleau. Fini extérieur assorti à la porte selon la finition choisie. Prix, disponibilité, panneaux de finition, fillers et installation à confirmer avant publication.",,,taxable,1,,0,0,0,Armoires de cuisine > Garde-manger > Profondeur 24 po,"Dilamco, armoires, Shaker, catalogue technique",,sku:P-36-24-84,2,Type de module,Garde-manger,1,0,,Largeur,36,1,0,,Largeur B,,0,0,,Profondeur,24,1,0,,Hauteur,84,1,0,,Hauteur de plafond,,0,0,,Type de coin,Non,1,0,,Style de porte,Shaker,1,0,,Moulure,3 po,1,0,,Couleur,Blanc Pur,1,0,,P-36-24-84,Garde-manger,Armoires de cuisine > Garde-manger > Profondeur 24 po,,2,36,,24,84,,Non,Blanc Pur,3 po,Shaker 3 po - Blanc Pur,Trousse Design p.8
variable,P-18-24-90,Garde-manger - 18 x 24 x 90 po,0,0,visible,"Garde-manger Dilamco, dimensions 18 x 24 x 90 po. Finition Shaker disponible selon les variantes.","Module Dilamco garde-manger (P-18-24-90), dimensions 18 x 24 x 90 po. Cabinet en contreplaqué avec fini intérieur en placage de bouleau. Porte HDF avec moulure en bouleau. Fini extérieur assorti à la porte selon la finition choisie. Prix, disponibilité, panneaux de finition, fillers et installation à confirmer avant publication.",,,taxable,1,,0,0,0,Armoires de cuisine > Garde-manger > Profondeur 24 po,"Dilamco, armoires, Shaker, catalogue technique",,,0,Type de module,Garde-manger,1,0,,Largeur,18,1,0,,Largeur B,,0,0,,Profondeur,24,1,0,,Hauteur,90,1,0,,Hauteur de plafond,,0,0,,Type de coin,Non,1,0,,Style de porte,Shaker,1,0,Shaker,Moulure,1 po | 3 po,1,0,1 po,Couleur,Blanc Pur,1,0,Blanc Pur,P-18-24-90,Garde-manger,Armoires de cuisine > Garde-manger > Profondeur 24 po,,1,18,,24,90,,Non,,,,Trousse Design p.8
variation,P-18-24-90-BP1,Garde-manger - 18 x 24 x 90 po - Shaker 1 po - Blanc Pur,0,0,visible,"Garde-manger Dilamco, dimensions 18 x 24 x 90 po. Finition Shaker disponible selon les variantes.","Module Dilamco garde-manger (P-18-24-90), dimensions 18 x 24 x 90 po. Cabinet en contreplaqué avec fini intérieur en placage de bouleau. Porte HDF avec moulure en bouleau. Fini extérieur assorti à la porte selon la finition choisie. Prix, disponibilité, panneaux de finition, fillers et installation à confirmer avant publication.",,,taxable,1,,0,0,0,Armoires de cuisine > Garde-manger > Profondeur 24 po,"Dilamco, armoires, Shaker, catalogue technique",,sku:P-18-24-90,1,Type de module,Garde-manger,1,0,,Largeur,18,1,0,,Largeur B,,0,0,,Profondeur,24,1,0,,Hauteur,90,1,0,,Hauteur de plafond,,0,0,,Type de coin,Non,1,0,,Style de porte,Shaker,1,0,,Moulure,1 po,1,0,,Couleur,Blanc Pur,1,0,,P-18-24-90,Garde-manger,Armoires de cuisine > Garde-manger > Profondeur 24 po,,1,18,,24,90,,Non,Blanc Pur,1 po,Shaker 1 po - Blanc Pur,Trousse Design p.8
variation,P-18-24-90-BP3,Garde-manger - 18 x 24 x 90 po - Shaker 3 po - Blanc Pur,0,0,visible,"Garde-manger Dilamco, dimensions 18 x 24 x 90 po. Finition Shaker disponible selon les variantes.","Module Dilamco garde-manger (P-18-24-90), dimensions 18 x 24 x 90 po. Cabinet en contreplaqué avec fini intérieur en placage de bouleau. Porte HDF avec moulure en bouleau. Fini extérieur assorti à la porte selon la finition choisie. Prix, disponibilité, panneaux de finition, fillers et installation à confirmer avant publication.",,,taxable,1,,0,0,0,Armoires de cuisine > Garde-manger > Profondeur 24 po,"Dilamco, armoires, Shaker, catalogue technique",,sku:P-18-24-90,2,Type de module,Garde-manger,1,0,,Largeur,18,1,0,,Largeur B,,0,0,,Profondeur,24,1,0,,Hauteur,90,1,0,,Hauteur de plafond,,0,0,,Type de coin,Non,1,0,,Style de porte,Shaker,1,0,,Moulure,3 po,1,0,,Couleur,Blanc Pur,1,0,,P-18-24-90,Garde-manger,Armoires de cuisine > Garde-manger > Profondeur 24 po,,1,18,,24,90,,Non,Blanc Pur,3 po,Shaker 3 po - Blanc Pur,Trousse Design p.8
variable,P-21-24-90,Garde-manger - 21 x 24 x 90 po,0,0,visible,"Garde-manger Dilamco, dimensions 21 x 24 x 90 po. Finition Shaker disponible selon les variantes.","Module Dilamco garde-manger (P-21-24-90), dimensions 21 x 24 x 90 po. Cabinet en contreplaqué avec fini intérieur en placage de bouleau. Porte HDF avec moulure en bouleau. Fini extérieur assorti à la porte selon la finition choisie. Prix, disponibilité, panneaux de finition, fillers et installation à confirmer avant publication.",,,taxable,1,,0,0,0,Armoires de cuisine > Garde-manger > Profondeur 24 po,"Dilamco, armoires, Shaker, catalogue technique",,,0,Type de module,Garde-manger,1,0,,Largeur,21,1,0,,Largeur B,,0,0,,Profondeur,24,1,0,,Hauteur,90,1,0,,Hauteur de plafond,,0,0,,Type de coin,Non,1,0,,Style de porte,Shaker,1,0,Shaker,Moulure,1 po | 3 po,1,0,1 po,Couleur,Blanc Pur,1,0,Blanc Pur,P-21-24-90,Garde-manger,Armoires de cuisine > Garde-manger > Profondeur 24 po,,1,21,,24,90,,Non,,,,Trousse Design p.8
variation,P-21-24-90-BP1,Garde-manger - 21 x 24 x 90 po - Shaker 1 po - Blanc Pur,0,0,visible,"Garde-manger Dilamco, dimensions 21 x 24 x 90 po. Finition Shaker disponible selon les variantes.","Module Dilamco garde-manger (P-21-24-90), dimensions 21 x 24 x 90 po. Cabinet en contreplaqué avec fini intérieur en placage de bouleau. Porte HDF avec moulure en bouleau. Fini extérieur assorti à la porte selon la finition choisie. Prix, disponibilité, panneaux de finition, fillers et installation à confirmer avant publication.",,,taxable,1,,0,0,0,Armoires de cuisine > Garde-manger > Profondeur 24 po,"Dilamco, armoires, Shaker, catalogue technique",,sku:P-21-24-90,1,Type de module,Garde-manger,1,0,,Largeur,21,1,0,,Largeur B,,0,0,,Profondeur,24,1,0,,Hauteur,90,1,0,,Hauteur de plafond,,0,0,,Type de coin,Non,1,0,,Style de porte,Shaker,1,0,,Moulure,1 po,1,0,,Couleur,Blanc Pur,1,0,,P-21-24-90,Garde-manger,Armoires de cuisine > Garde-manger > Profondeur 24 po,,1,21,,24,90,,Non,Blanc Pur,1 po,Shaker 1 po - Blanc Pur,Trousse Design p.8
variation,P-21-24-90-BP3,Garde-manger - 21 x 24 x 90 po - Shaker 3 po - Blanc Pur,0,0,visible,"Garde-manger Dilamco, dimensions 21 x 24 x 90 po. Finition Shaker disponible selon les variantes.","Module Dilamco garde-manger (P-21-24-90), dimensions 21 x 24 x 90 po. Cabinet en contreplaqué avec fini intérieur en placage de bouleau. Porte HDF avec moulure en bouleau. Fini extérieur assorti à la porte selon la finition choisie. Prix, disponibilité, panneaux de finition, fillers et installation à confirmer avant publication.",,,taxable,1,,0,0,0,Armoires de cuisine > Garde-manger > Profondeur 24 po,"Dilamco, armoires, Shaker, catalogue technique",,sku:P-21-24-90,2,Type de module,Garde-manger,1,0,,Largeur,21,1,0,,Largeur B,,0,0,,Profondeur,24,1,0,,Hauteur,90,1,0,,Hauteur de plafond,,0,0,,Type de coin,Non,1,0,,Style de porte,Shaker,1,0,,Moulure,3 po,1,0,,Couleur,Blanc Pur,1,0,,P-21-24-90,Garde-manger,Armoires de cuisine > Garde-manger > Profondeur 24 po,,1,21,,24,90,,Non,Blanc Pur,3 po,Shaker 3 po - Blanc Pur,Trousse Design p.8
variable,P-24-24-90,Garde-manger - 24 x 24 x 90 po,0,0,visible,"Garde-manger Dilamco, dimensions 24 x 24 x 90 po. Finition Shaker disponible selon les variantes.","Module Dilamco garde-manger (P-24-24-90), dimensions 24 x 24 x 90 po. Cabinet en contreplaqué avec fini intérieur en placage de bouleau. Porte HDF avec moulure en bouleau. Fini extérieur assorti à la porte selon la finition choisie. Prix, disponibilité, panneaux de finition, fillers et installation à confirmer avant publication.",,,taxable,1,,0,0,0,Armoires de cuisine > Garde-manger > Profondeur 24 po,"Dilamco, armoires, Shaker, catalogue technique",,,0,Type de module,Garde-manger,1,0,,Largeur,24,1,0,,Largeur B,,0,0,,Profondeur,24,1,0,,Hauteur,90,1,0,,Hauteur de plafond,,0,0,,Type de coin,Non,1,0,,Style de porte,Shaker,1,0,Shaker,Moulure,1 po | 3 po,1,0,1 po,Couleur,Blanc Pur,1,0,Blanc Pur,P-24-24-90,Garde-manger,Armoires de cuisine > Garde-manger > Profondeur 24 po,,2,24,,24,90,,Non,,,,Trousse Design p.8
variation,P-24-24-90-BP1,Garde-manger - 24 x 24 x 90 po - Shaker 1 po - Blanc Pur,0,0,visible,"Garde-manger Dilamco, dimensions 24 x 24 x 90 po. Finition Shaker disponible selon les variantes.","Module Dilamco garde-manger (P-24-24-90), dimensions 24 x 24 x 90 po. Cabinet en contreplaqué avec fini intérieur en placage de bouleau. Porte HDF avec moulure en bouleau. Fini extérieur assorti à la porte selon la finition choisie. Prix, disponibilité, panneaux de finition, fillers et installation à confirmer avant publication.",,,taxable,1,,0,0,0,Armoires de cuisine > Garde-manger > Profondeur 24 po,"Dilamco, armoires, Shaker, catalogue technique",,sku:P-24-24-90,1,Type de module,Garde-manger,1,0,,Largeur,24,1,0,,Largeur B,,0,0,,Profondeur,24,1,0,,Hauteur,90,1,0,,Hauteur de plafond,,0,0,,Type de coin,Non,1,0,,Style de porte,Shaker,1,0,,Moulure,1 po,1,0,,Couleur,Blanc Pur,1,0,,P-24-24-90,Garde-manger,Armoires de cuisine > Garde-manger > Profondeur 24 po,,2,24,,24,90,,Non,Blanc Pur,1 po,Shaker 1 po - Blanc Pur,Trousse Design p.8
variation,P-24-24-90-BP3,Garde-manger - 24 x 24 x 90 po - Shaker 3 po - Blanc Pur,0,0,visible,"Garde-manger Dilamco, dimensions 24 x 24 x 90 po. Finition Shaker disponible selon les variantes.","Module Dilamco garde-manger (P-24-24-90), dimensions 24 x 24 x 90 po. Cabinet en contreplaqué avec fini intérieur en placage de bouleau. Porte HDF avec moulure en bouleau. Fini extérieur assorti à la porte selon la finition choisie. Prix, disponibilité, panneaux de finition, fillers et installation à confirmer avant publication.",,,taxable,1,,0,0,0,Armoires de cuisine > Garde-manger > Profondeur 24 po,"Dilamco, armoires, Shaker, catalogue technique",,sku:P-24-24-90,2,Type de module,Garde-manger,1,0,,Largeur,24,1,0,,Largeur B,,0,0,,Profondeur,24,1,0,,Hauteur,90,1,0,,Hauteur de plafond,,0,0,,Type de coin,Non,1,0,,Style de porte,Shaker,1,0,,Moulure,3 po,1,0,,Couleur,Blanc Pur,1,0,,P-24-24-90,Garde-manger,Armoires de cuisine > Garde-manger > Profondeur 24 po,,2,24,,24,90,,Non,Blanc Pur,3 po,Shaker 3 po - Blanc Pur,Trousse Design p.8
variable,P-27-24-90,Garde-manger - 27 x 24 x 90 po,0,0,visible,"Garde-manger Dilamco, dimensions 27 x 24 x 90 po. Finition Shaker disponible selon les variantes.","Module Dilamco garde-manger (P-27-24-90), dimensions 27 x 24 x 90 po. Cabinet en contreplaqué avec fini intérieur en placage de bouleau. Porte HDF avec moulure en bouleau. Fini extérieur assorti à la porte selon la finition choisie. Prix, disponibilité, panneaux de finition, fillers et installation à confirmer avant publication.",,,taxable,1,,0,0,0,Armoires de cuisine > Garde-manger > Profondeur 24 po,"Dilamco, armoires, Shaker, catalogue technique",,,0,Type de module,Garde-manger,1,0,,Largeur,27,1,0,,Largeur B,,0,0,,Profondeur,24,1,0,,Hauteur,90,1,0,,Hauteur de plafond,,0,0,,Type de coin,Non,1,0,,Style de porte,Shaker,1,0,Shaker,Moulure,1 po | 3 po,1,0,1 po,Couleur,Blanc Pur,1,0,Blanc Pur,P-27-24-90,Garde-manger,Armoires de cuisine > Garde-manger > Profondeur 24 po,,2,27,,24,90,,Non,,,,Trousse Design p.8
variation,P-27-24-90-BP1,Garde-manger - 27 x 24 x 90 po - Shaker 1 po - Blanc Pur,0,0,visible,"Garde-manger Dilamco, dimensions 27 x 24 x 90 po. Finition Shaker disponible selon les variantes.","Module Dilamco garde-manger (P-27-24-90), dimensions 27 x 24 x 90 po. Cabinet en contreplaqué avec fini intérieur en placage de bouleau. Porte HDF avec moulure en bouleau. Fini extérieur assorti à la porte selon la finition choisie. Prix, disponibilité, panneaux de finition, fillers et installation à confirmer avant publication.",,,taxable,1,,0,0,0,Armoires de cuisine > Garde-manger > Profondeur 24 po,"Dilamco, armoires, Shaker, catalogue technique",,sku:P-27-24-90,1,Type de module,Garde-manger,1,0,,Largeur,27,1,0,,Largeur B,,0,0,,Profondeur,24,1,0,,Hauteur,90,1,0,,Hauteur de plafond,,0,0,,Type de coin,Non,1,0,,Style de porte,Shaker,1,0,,Moulure,1 po,1,0,,Couleur,Blanc Pur,1,0,,P-27-24-90,Garde-manger,Armoires de cuisine > Garde-manger > Profondeur 24 po,,2,27,,24,90,,Non,Blanc Pur,1 po,Shaker 1 po - Blanc Pur,Trousse Design p.8
variation,P-27-24-90-BP3,Garde-manger - 27 x 24 x 90 po - Shaker 3 po - Blanc Pur,0,0,visible,"Garde-manger Dilamco, dimensions 27 x 24 x 90 po. Finition Shaker disponible selon les variantes.","Module Dilamco garde-manger (P-27-24-90), dimensions 27 x 24 x 90 po. Cabinet en contreplaqué avec fini intérieur en placage de bouleau. Porte HDF avec moulure en bouleau. Fini extérieur assorti à la porte selon la finition choisie. Prix, disponibilité, panneaux de finition, fillers et installation à confirmer avant publication.",,,taxable,1,,0,0,0,Armoires de cuisine > Garde-manger > Profondeur 24 po,"Dilamco, armoires, Shaker, catalogue technique",,sku:P-27-24-90,2,Type de module,Garde-manger,1,0,,Largeur,27,1,0,,Largeur B,,0,0,,Profondeur,24,1,0,,Hauteur,90,1,0,,Hauteur de plafond,,0,0,,Type de coin,Non,1,0,,Style de porte,Shaker,1,0,,Moulure,3 po,1,0,,Couleur,Blanc Pur,1,0,,P-27-24-90,Garde-manger,Armoires de cuisine > Garde-manger > Profondeur 24 po,,2,27,,24,90,,Non,Blanc Pur,3 po,Shaker 3 po - Blanc Pur,Trousse Design p.8
variable,P-30-24-90,Garde-manger - 30 x 24 x 90 po,0,0,visible,"Garde-manger Dilamco, dimensions 30 x 24 x 90 po. Finition Shaker disponible selon les variantes.","Module Dilamco garde-manger (P-30-24-90), dimensions 30 x 24 x 90 po. Cabinet en contreplaqué avec fini intérieur en placage de bouleau. Porte HDF avec moulure en bouleau. Fini extérieur assorti à la porte selon la finition choisie. Prix, disponibilité, panneaux de finition, fillers et installation à confirmer avant publication.",,,taxable,1,,0,0,0,Armoires de cuisine > Garde-manger > Profondeur 24 po,"Dilamco, armoires, Shaker, catalogue technique",,,0,Type de module,Garde-manger,1,0,,Largeur,30,1,0,,Largeur B,,0,0,,Profondeur,24,1,0,,Hauteur,90,1,0,,Hauteur de plafond,,0,0,,Type de coin,Non,1,0,,Style de porte,Shaker,1,0,Shaker,Moulure,1 po | 3 po,1,0,1 po,Couleur,Blanc Pur,1,0,Blanc Pur,P-30-24-90,Garde-manger,Armoires de cuisine > Garde-manger > Profondeur 24 po,,2,30,,24,90,,Non,,,,Trousse Design p.8
variation,P-30-24-90-BP1,Garde-manger - 30 x 24 x 90 po - Shaker 1 po - Blanc Pur,0,0,visible,"Garde-manger Dilamco, dimensions 30 x 24 x 90 po. Finition Shaker disponible selon les variantes.","Module Dilamco garde-manger (P-30-24-90), dimensions 30 x 24 x 90 po. Cabinet en contreplaqué avec fini intérieur en placage de bouleau. Porte HDF avec moulure en bouleau. Fini extérieur assorti à la porte selon la finition choisie. Prix, disponibilité, panneaux de finition, fillers et installation à confirmer avant publication.",,,taxable,1,,0,0,0,Armoires de cuisine > Garde-manger > Profondeur 24 po,"Dilamco, armoires, Shaker, catalogue technique",,sku:P-30-24-90,1,Type de module,Garde-manger,1,0,,Largeur,30,1,0,,Largeur B,,0,0,,Profondeur,24,1,0,,Hauteur,90,1,0,,Hauteur de plafond,,0,0,,Type de coin,Non,1,0,,Style de porte,Shaker,1,0,,Moulure,1 po,1,0,,Couleur,Blanc Pur,1,0,,P-30-24-90,Garde-manger,Armoires de cuisine > Garde-manger > Profondeur 24 po,,2,30,,24,90,,Non,Blanc Pur,1 po,Shaker 1 po - Blanc Pur,Trousse Design p.8
variation,P-30-24-90-BP3,Garde-manger - 30 x 24 x 90 po - Shaker 3 po - Blanc Pur,0,0,visible,"Garde-manger Dilamco, dimensions 30 x 24 x 90 po. Finition Shaker disponible selon les variantes.","Module Dilamco garde-manger (P-30-24-90), dimensions 30 x 24 x 90 po. Cabinet en contreplaqué avec fini intérieur en placage de bouleau. Porte HDF avec moulure en bouleau. Fini extérieur assorti à la porte selon la finition choisie. Prix, disponibilité, panneaux de finition, fillers et installation à confirmer avant publication.",,,taxable,1,,0,0,0,Armoires de cuisine > Garde-manger > Profondeur 24 po,"Dilamco, armoires, Shaker, catalogue technique",,sku:P-30-24-90,2,Type de module,Garde-manger,1,0,,Largeur,30,1,0,,Largeur B,,0,0,,Profondeur,24,1,0,,Hauteur,90,1,0,,Hauteur de plafond,,0,0,,Type de coin,Non,1,0,,Style de porte,Shaker,1,0,,Moulure,3 po,1,0,,Couleur,Blanc Pur,1,0,,P-30-24-90,Garde-manger,Armoires de cuisine > Garde-manger > Profondeur 24 po,,2,30,,24,90,,Non,Blanc Pur,3 po,Shaker 3 po - Blanc Pur,Trousse Design p.8
variable,P-33-24-90,Garde-manger - 33 x 24 x 90 po,0,0,visible,"Garde-manger Dilamco, dimensions 33 x 24 x 90 po. Finition Shaker disponible selon les variantes.","Module Dilamco garde-manger (P-33-24-90), dimensions 33 x 24 x 90 po. Cabinet en contreplaqué avec fini intérieur en placage de bouleau. Porte HDF avec moulure en bouleau. Fini extérieur assorti à la porte selon la finition choisie. Prix, disponibilité, panneaux de finition, fillers et installation à confirmer avant publication.",,,taxable,1,,0,0,0,Armoires de cuisine > Garde-manger > Profondeur 24 po,"Dilamco, armoires, Shaker, catalogue technique",,,0,Type de module,Garde-manger,1,0,,Largeur,33,1,0,,Largeur B,,0,0,,Profondeur,24,1,0,,Hauteur,90,1,0,,Hauteur de plafond,,0,0,,Type de coin,Non,1,0,,Style de porte,Shaker,1,0,Shaker,Moulure,1 po | 3 po,1,0,1 po,Couleur,Blanc Pur,1,0,Blanc Pur,P-33-24-90,Garde-manger,Armoires de cuisine > Garde-manger > Profondeur 24 po,,2,33,,24,90,,Non,,,,Trousse Design p.8
variation,P-33-24-90-BP1,Garde-manger - 33 x 24 x 90 po - Shaker 1 po - Blanc Pur,0,0,visible,"Garde-manger Dilamco, dimensions 33 x 24 x 90 po. Finition Shaker disponible selon les variantes.","Module Dilamco garde-manger (P-33-24-90), dimensions 33 x 24 x 90 po. Cabinet en contreplaqué avec fini intérieur en placage de bouleau. Porte HDF avec moulure en bouleau. Fini extérieur assorti à la porte selon la finition choisie. Prix, disponibilité, panneaux de finition, fillers et installation à confirmer avant publication.",,,taxable,1,,0,0,0,Armoires de cuisine > Garde-manger > Profondeur 24 po,"Dilamco, armoires, Shaker, catalogue technique",,sku:P-33-24-90,1,Type de module,Garde-manger,1,0,,Largeur,33,1,0,,Largeur B,,0,0,,Profondeur,24,1,0,,Hauteur,90,1,0,,Hauteur de plafond,,0,0,,Type de coin,Non,1,0,,Style de porte,Shaker,1,0,,Moulure,1 po,1,0,,Couleur,Blanc Pur,1,0,,P-33-24-90,Garde-manger,Armoires de cuisine > Garde-manger > Profondeur 24 po,,2,33,,24,90,,Non,Blanc Pur,1 po,Shaker 1 po - Blanc Pur,Trousse Design p.8
variation,P-33-24-90-BP3,Garde-manger - 33 x 24 x 90 po - Shaker 3 po - Blanc Pur,0,0,visible,"Garde-manger Dilamco, dimensions 33 x 24 x 90 po. Finition Shaker disponible selon les variantes.","Module Dilamco garde-manger (P-33-24-90), dimensions 33 x 24 x 90 po. Cabinet en contreplaqué avec fini intérieur en placage de bouleau. Porte HDF avec moulure en bouleau. Fini extérieur assorti à la porte selon la finition choisie. Prix, disponibilité, panneaux de finition, fillers et installation à confirmer avant publication.",,,taxable,1,,0,0,0,Armoires de cuisine > Garde-manger > Profondeur 24 po,"Dilamco, armoires, Shaker, catalogue technique",,sku:P-33-24-90,2,Type de module,Garde-manger,1,0,,Largeur,33,1,0,,Largeur B,,0,0,,Profondeur,24,1,0,,Hauteur,90,1,0,,Hauteur de plafond,,0,0,,Type de coin,Non,1,0,,Style de porte,Shaker,1,0,,Moulure,3 po,1,0,,Couleur,Blanc Pur,1,0,,P-33-24-90,Garde-manger,Armoires de cuisine > Garde-manger > Profondeur 24 po,,2,33,,24,90,,Non,Blanc Pur,3 po,Shaker 3 po - Blanc Pur,Trousse Design p.8
variable,P-36-24-90,Garde-manger - 36 x 24 x 90 po,0,0,visible,"Garde-manger Dilamco, dimensions 36 x 24 x 90 po. Finition Shaker disponible selon les variantes.","Module Dilamco garde-manger (P-36-24-90), dimensions 36 x 24 x 90 po. Cabinet en contreplaqué avec fini intérieur en placage de bouleau. Porte HDF avec moulure en bouleau. Fini extérieur assorti à la porte selon la finition choisie. Prix, disponibilité, panneaux de finition, fillers et installation à confirmer avant publication.",,,taxable,1,,0,0,0,Armoires de cuisine > Garde-manger > Profondeur 24 po,"Dilamco, armoires, Shaker, catalogue technique",,,0,Type de module,Garde-manger,1,0,,Largeur,36,1,0,,Largeur B,,0,0,,Profondeur,24,1,0,,Hauteur,90,1,0,,Hauteur de plafond,,0,0,,Type de coin,Non,1,0,,Style de porte,Shaker,1,0,Shaker,Moulure,1 po | 3 po,1,0,1 po,Couleur,Blanc Pur,1,0,Blanc Pur,P-36-24-90,Garde-manger,Armoires de cuisine > Garde-manger > Profondeur 24 po,,2,36,,24,90,,Non,,,,Trousse Design p.8
variation,P-36-24-90-BP1,Garde-manger - 36 x 24 x 90 po - Shaker 1 po - Blanc Pur,0,0,visible,"Garde-manger Dilamco, dimensions 36 x 24 x 90 po. Finition Shaker disponible selon les variantes.","Module Dilamco garde-manger (P-36-24-90), dimensions 36 x 24 x 90 po. Cabinet en contreplaqué avec fini intérieur en placage de bouleau. Porte HDF avec moulure en bouleau. Fini extérieur assorti à la porte selon la finition choisie. Prix, disponibilité, panneaux de finition, fillers et installation à confirmer avant publication.",,,taxable,1,,0,0,0,Armoires de cuisine > Garde-manger > Profondeur 24 po,"Dilamco, armoires, Shaker, catalogue technique",,sku:P-36-24-90,1,Type de module,Garde-manger,1,0,,Largeur,36,1,0,,Largeur B,,0,0,,Profondeur,24,1,0,,Hauteur,90,1,0,,Hauteur de plafond,,0,0,,Type de coin,Non,1,0,,Style de porte,Shaker,1,0,,Moulure,1 po,1,0,,Couleur,Blanc Pur,1,0,,P-36-24-90,Garde-manger,Armoires de cuisine > Garde-manger > Profondeur 24 po,,2,36,,24,90,,Non,Blanc Pur,1 po,Shaker 1 po - Blanc Pur,Trousse Design p.8
variation,P-36-24-90-BP3,Garde-manger - 36 x 24 x 90 po - Shaker 3 po - Blanc Pur,0,0,visible,"Garde-manger Dilamco, dimensions 36 x 24 x 90 po. Finition Shaker disponible selon les variantes.","Module Dilamco garde-manger (P-36-24-90), dimensions 36 x 24 x 90 po. Cabinet en contreplaqué avec fini intérieur en placage de bouleau. Porte HDF avec moulure en bouleau. Fini extérieur assorti à la porte selon la finition choisie. Prix, disponibilité, panneaux de finition, fillers et installation à confirmer avant publication.",,,taxable,1,,0,0,0,Armoires de cuisine > Garde-manger > Profondeur 24 po,"Dilamco, armoires, Shaker, catalogue technique",,sku:P-36-24-90,2,Type de module,Garde-manger,1,0,,Largeur,36,1,0,,Largeur B,,0,0,,Profondeur,24,1,0,,Hauteur,90,1,0,,Hauteur de plafond,,0,0,,Type de coin,Non,1,0,,Style de porte,Shaker,1,0,,Moulure,3 po,1,0,,Couleur,Blanc Pur,1,0,,P-36-24-90,Garde-manger,Armoires de cuisine > Garde-manger > Profondeur 24 po,,2,36,,24,90,,Non,Blanc Pur,3 po,Shaker 3 po - Blanc Pur,Trousse Design p.8
variable,P-18-24-96,Garde-manger - 18 x 24 x 96 po,0,0,visible,"Garde-manger Dilamco, dimensions 18 x 24 x 96 po. Finition Shaker disponible selon les variantes.","Module Dilamco garde-manger (P-18-24-96), dimensions 18 x 24 x 96 po. Cabinet en contreplaqué avec fini intérieur en placage de bouleau. Porte HDF avec moulure en bouleau. Fini extérieur assorti à la porte selon la finition choisie. Prix, disponibilité, panneaux de finition, fillers et installation à confirmer avant publication.",,,taxable,1,,0,0,0,Armoires de cuisine > Garde-manger > Profondeur 24 po,"Dilamco, armoires, Shaker, catalogue technique",,,0,Type de module,Garde-manger,1,0,,Largeur,18,1,0,,Largeur B,,0,0,,Profondeur,24,1,0,,Hauteur,96,1,0,,Hauteur de plafond,,0,0,,Type de coin,Non,1,0,,Style de porte,Shaker,1,0,Shaker,Moulure,1 po | 3 po,1,0,1 po,Couleur,Blanc Pur,1,0,Blanc Pur,P-18-24-96,Garde-manger,Armoires de cuisine > Garde-manger > Profondeur 24 po,,1,18,,24,96,,Non,,,,Trousse Design p.8
variation,P-18-24-96-BP1,Garde-manger - 18 x 24 x 96 po - Shaker 1 po - Blanc Pur,0,0,visible,"Garde-manger Dilamco, dimensions 18 x 24 x 96 po. Finition Shaker disponible selon les variantes.","Module Dilamco garde-manger (P-18-24-96), dimensions 18 x 24 x 96 po. Cabinet en contreplaqué avec fini intérieur en placage de bouleau. Porte HDF avec moulure en bouleau. Fini extérieur assorti à la porte selon la finition choisie. Prix, disponibilité, panneaux de finition, fillers et installation à confirmer avant publication.",,,taxable,1,,0,0,0,Armoires de cuisine > Garde-manger > Profondeur 24 po,"Dilamco, armoires, Shaker, catalogue technique",,sku:P-18-24-96,1,Type de module,Garde-manger,1,0,,Largeur,18,1,0,,Largeur B,,0,0,,Profondeur,24,1,0,,Hauteur,96,1,0,,Hauteur de plafond,,0,0,,Type de coin,Non,1,0,,Style de porte,Shaker,1,0,,Moulure,1 po,1,0,,Couleur,Blanc Pur,1,0,,P-18-24-96,Garde-manger,Armoires de cuisine > Garde-manger > Profondeur 24 po,,1,18,,24,96,,Non,Blanc Pur,1 po,Shaker 1 po - Blanc Pur,Trousse Design p.8
variation,P-18-24-96-BP3,Garde-manger - 18 x 24 x 96 po - Shaker 3 po - Blanc Pur,0,0,visible,"Garde-manger Dilamco, dimensions 18 x 24 x 96 po. Finition Shaker disponible selon les variantes.","Module Dilamco garde-manger (P-18-24-96), dimensions 18 x 24 x 96 po. Cabinet en contreplaqué avec fini intérieur en placage de bouleau. Porte HDF avec moulure en bouleau. Fini extérieur assorti à la porte selon la finition choisie. Prix, disponibilité, panneaux de finition, fillers et installation à confirmer avant publication.",,,taxable,1,,0,0,0,Armoires de cuisine > Garde-manger > Profondeur 24 po,"Dilamco, armoires, Shaker, catalogue technique",,sku:P-18-24-96,2,Type de module,Garde-manger,1,0,,Largeur,18,1,0,,Largeur B,,0,0,,Profondeur,24,1,0,,Hauteur,96,1,0,,Hauteur de plafond,,0,0,,Type de coin,Non,1,0,,Style de porte,Shaker,1,0,,Moulure,3 po,1,0,,Couleur,Blanc Pur,1,0,,P-18-24-96,Garde-manger,Armoires de cuisine > Garde-manger > Profondeur 24 po,,1,18,,24,96,,Non,Blanc Pur,3 po,Shaker 3 po - Blanc Pur,Trousse Design p.8
variable,P-21-24-96,Garde-manger - 21 x 24 x 96 po,0,0,visible,"Garde-manger Dilamco, dimensions 21 x 24 x 96 po. Finition Shaker disponible selon les variantes.","Module Dilamco garde-manger (P-21-24-96), dimensions 21 x 24 x 96 po. Cabinet en contreplaqué avec fini intérieur en placage de bouleau. Porte HDF avec moulure en bouleau. Fini extérieur assorti à la porte selon la finition choisie. Prix, disponibilité, panneaux de finition, fillers et installation à confirmer avant publication.",,,taxable,1,,0,0,0,Armoires de cuisine > Garde-manger > Profondeur 24 po,"Dilamco, armoires, Shaker, catalogue technique",,,0,Type de module,Garde-manger,1,0,,Largeur,21,1,0,,Largeur B,,0,0,,Profondeur,24,1,0,,Hauteur,96,1,0,,Hauteur de plafond,,0,0,,Type de coin,Non,1,0,,Style de porte,Shaker,1,0,Shaker,Moulure,1 po | 3 po,1,0,1 po,Couleur,Blanc Pur,1,0,Blanc Pur,P-21-24-96,Garde-manger,Armoires de cuisine > Garde-manger > Profondeur 24 po,,1,21,,24,96,,Non,,,,Trousse Design p.8
variation,P-21-24-96-BP1,Garde-manger - 21 x 24 x 96 po - Shaker 1 po - Blanc Pur,0,0,visible,"Garde-manger Dilamco, dimensions 21 x 24 x 96 po. Finition Shaker disponible selon les variantes.","Module Dilamco garde-manger (P-21-24-96), dimensions 21 x 24 x 96 po. Cabinet en contreplaqué avec fini intérieur en placage de bouleau. Porte HDF avec moulure en bouleau. Fini extérieur assorti à la porte selon la finition choisie. Prix, disponibilité, panneaux de finition, fillers et installation à confirmer avant publication.",,,taxable,1,,0,0,0,Armoires de cuisine > Garde-manger > Profondeur 24 po,"Dilamco, armoires, Shaker, catalogue technique",,sku:P-21-24-96,1,Type de module,Garde-manger,1,0,,Largeur,21,1,0,,Largeur B,,0,0,,Profondeur,24,1,0,,Hauteur,96,1,0,,Hauteur de plafond,,0,0,,Type de coin,Non,1,0,,Style de porte,Shaker,1,0,,Moulure,1 po,1,0,,Couleur,Blanc Pur,1,0,,P-21-24-96,Garde-manger,Armoires de cuisine > Garde-manger > Profondeur 24 po,,1,21,,24,96,,Non,Blanc Pur,1 po,Shaker 1 po - Blanc Pur,Trousse Design p.8
variation,P-21-24-96-BP3,Garde-manger - 21 x 24 x 96 po - Shaker 3 po - Blanc Pur,0,0,visible,"Garde-manger Dilamco, dimensions 21 x 24 x 96 po. Finition Shaker disponible selon les variantes.","Module Dilamco garde-manger (P-21-24-96), dimensions 21 x 24 x 96 po. Cabinet en contreplaqué avec fini intérieur en placage de bouleau. Porte HDF avec moulure en bouleau. Fini extérieur assorti à la porte selon la finition choisie. Prix, disponibilité, panneaux de finition, fillers et installation à confirmer avant publication.",,,taxable,1,,0,0,0,Armoires de cuisine > Garde-manger > Profondeur 24 po,"Dilamco, armoires, Shaker, catalogue technique",,sku:P-21-24-96,2,Type de module,Garde-manger,1,0,,Largeur,21,1,0,,Largeur B,,0,0,,Profondeur,24,1,0,,Hauteur,96,1,0,,Hauteur de plafond,,0,0,,Type de coin,Non,1,0,,Style de porte,Shaker,1,0,,Moulure,3 po,1,0,,Couleur,Blanc Pur,1,0,,P-21-24-96,Garde-manger,Armoires de cuisine > Garde-manger > Profondeur 24 po,,1,21,,24,96,,Non,Blanc Pur,3 po,Shaker 3 po - Blanc Pur,Trousse Design p.8
variable,P-24-24-96,Garde-manger - 24 x 24 x 96 po,0,0,visible,"Garde-manger Dilamco, dimensions 24 x 24 x 96 po. Finition Shaker disponible selon les variantes.","Module Dilamco garde-manger (P-24-24-96), dimensions 24 x 24 x 96 po. Cabinet en contreplaqué avec fini intérieur en placage de bouleau. Porte HDF avec moulure en bouleau. Fini extérieur assorti à la porte selon la finition choisie. Prix, disponibilité, panneaux de finition, fillers et installation à confirmer avant publication.",,,taxable,1,,0,0,0,Armoires de cuisine > Garde-manger > Profondeur 24 po,"Dilamco, armoires, Shaker, catalogue technique",,,0,Type de module,Garde-manger,1,0,,Largeur,24,1,0,,Largeur B,,0,0,,Profondeur,24,1,0,,Hauteur,96,1,0,,Hauteur de plafond,,0,0,,Type de coin,Non,1,0,,Style de porte,Shaker,1,0,Shaker,Moulure,1 po | 3 po,1,0,1 po,Couleur,Blanc Pur,1,0,Blanc Pur,P-24-24-96,Garde-manger,Armoires de cuisine > Garde-manger > Profondeur 24 po,,2,24,,24,96,,Non,,,,Trousse Design p.8
variation,P-24-24-96-BP1,Garde-manger - 24 x 24 x 96 po - Shaker 1 po - Blanc Pur,0,0,visible,"Garde-manger Dilamco, dimensions 24 x 24 x 96 po. Finition Shaker disponible selon les variantes.","Module Dilamco garde-manger (P-24-24-96), dimensions 24 x 24 x 96 po. Cabinet en contreplaqué avec fini intérieur en placage de bouleau. Porte HDF avec moulure en bouleau. Fini extérieur assorti à la porte selon la finition choisie. Prix, disponibilité, panneaux de finition, fillers et installation à confirmer avant publication.",,,taxable,1,,0,0,0,Armoires de cuisine > Garde-manger > Profondeur 24 po,"Dilamco, armoires, Shaker, catalogue technique",,sku:P-24-24-96,1,Type de module,Garde-manger,1,0,,Largeur,24,1,0,,Largeur B,,0,0,,Profondeur,24,1,0,,Hauteur,96,1,0,,Hauteur de plafond,,0,0,,Type de coin,Non,1,0,,Style de porte,Shaker,1,0,,Moulure,1 po,1,0,,Couleur,Blanc Pur,1,0,,P-24-24-96,Garde-manger,Armoires de cuisine > Garde-manger > Profondeur 24 po,,2,24,,24,96,,Non,Blanc Pur,1 po,Shaker 1 po - Blanc Pur,Trousse Design p.8
variation,P-24-24-96-BP3,Garde-manger - 24 x 24 x 96 po - Shaker 3 po - Blanc Pur,0,0,visible,"Garde-manger Dilamco, dimensions 24 x 24 x 96 po. Finition Shaker disponible selon les variantes.","Module Dilamco garde-manger (P-24-24-96), dimensions 24 x 24 x 96 po. Cabinet en contreplaqué avec fini intérieur en placage de bouleau. Porte HDF avec moulure en bouleau. Fini extérieur assorti à la porte selon la finition choisie. Prix, disponibilité, panneaux de finition, fillers et installation à confirmer avant publication.",,,taxable,1,,0,0,0,Armoires de cuisine > Garde-manger > Profondeur 24 po,"Dilamco, armoires, Shaker, catalogue technique",,sku:P-24-24-96,2,Type de module,Garde-manger,1,0,,Largeur,24,1,0,,Largeur B,,0,0,,Profondeur,24,1,0,,Hauteur,96,1,0,,Hauteur de plafond,,0,0,,Type de coin,Non,1,0,,Style de porte,Shaker,1,0,,Moulure,3 po,1,0,,Couleur,Blanc Pur,1,0,,P-24-24-96,Garde-manger,Armoires de cuisine > Garde-manger > Profondeur 24 po,,2,24,,24,96,,Non,Blanc Pur,3 po,Shaker 3 po - Blanc Pur,Trousse Design p.8
variable,P-27-24-96,Garde-manger - 27 x 24 x 96 po,0,0,visible,"Garde-manger Dilamco, dimensions 27 x 24 x 96 po. Finition Shaker disponible selon les variantes.","Module Dilamco garde-manger (P-27-24-96), dimensions 27 x 24 x 96 po. Cabinet en contreplaqué avec fini intérieur en placage de bouleau. Porte HDF avec moulure en bouleau. Fini extérieur assorti à la porte selon la finition choisie. Prix, disponibilité, panneaux de finition, fillers et installation à confirmer avant publication.",,,taxable,1,,0,0,0,Armoires de cuisine > Garde-manger > Profondeur 24 po,"Dilamco, armoires, Shaker, catalogue technique",,,0,Type de module,Garde-manger,1,0,,Largeur,27,1,0,,Largeur B,,0,0,,Profondeur,24,1,0,,Hauteur,96,1,0,,Hauteur de plafond,,0,0,,Type de coin,Non,1,0,,Style de porte,Shaker,1,0,Shaker,Moulure,1 po | 3 po,1,0,1 po,Couleur,Blanc Pur,1,0,Blanc Pur,P-27-24-96,Garde-manger,Armoires de cuisine > Garde-manger > Profondeur 24 po,,2,27,,24,96,,Non,,,,Trousse Design p.8
variation,P-27-24-96-BP1,Garde-manger - 27 x 24 x 96 po - Shaker 1 po - Blanc Pur,0,0,visible,"Garde-manger Dilamco, dimensions 27 x 24 x 96 po. Finition Shaker disponible selon les variantes.","Module Dilamco garde-manger (P-27-24-96), dimensions 27 x 24 x 96 po. Cabinet en contreplaqué avec fini intérieur en placage de bouleau. Porte HDF avec moulure en bouleau. Fini extérieur assorti à la porte selon la finition choisie. Prix, disponibilité, panneaux de finition, fillers et installation à confirmer avant publication.",,,taxable,1,,0,0,0,Armoires de cuisine > Garde-manger > Profondeur 24 po,"Dilamco, armoires, Shaker, catalogue technique",,sku:P-27-24-96,1,Type de module,Garde-manger,1,0,,Largeur,27,1,0,,Largeur B,,0,0,,Profondeur,24,1,0,,Hauteur,96,1,0,,Hauteur de plafond,,0,0,,Type de coin,Non,1,0,,Style de porte,Shaker,1,0,,Moulure,1 po,1,0,,Couleur,Blanc Pur,1,0,,P-27-24-96,Garde-manger,Armoires de cuisine > Garde-manger > Profondeur 24 po,,2,27,,24,96,,Non,Blanc Pur,1 po,Shaker 1 po - Blanc Pur,Trousse Design p.8
variation,P-27-24-96-BP3,Garde-manger - 27 x 24 x 96 po - Shaker 3 po - Blanc Pur,0,0,visible,"Garde-manger Dilamco, dimensions 27 x 24 x 96 po. Finition Shaker disponible selon les variantes.","Module Dilamco garde-manger (P-27-24-96), dimensions 27 x 24 x 96 po. Cabinet en contreplaqué avec fini intérieur en placage de bouleau. Porte HDF avec moulure en bouleau. Fini extérieur assorti à la porte selon la finition choisie. Prix, disponibilité, panneaux de finition, fillers et installation à confirmer avant publication.",,,taxable,1,,0,0,0,Armoires de cuisine > Garde-manger > Profondeur 24 po,"Dilamco, armoires, Shaker, catalogue technique",,sku:P-27-24-96,2,Type de module,Garde-manger,1,0,,Largeur,27,1,0,,Largeur B,,0,0,,Profondeur,24,1,0,,Hauteur,96,1,0,,Hauteur de plafond,,0,0,,Type de coin,Non,1,0,,Style de porte,Shaker,1,0,,Moulure,3 po,1,0,,Couleur,Blanc Pur,1,0,,P-27-24-96,Garde-manger,Armoires de cuisine > Garde-manger > Profondeur 24 po,,2,27,,24,96,,Non,Blanc Pur,3 po,Shaker 3 po - Blanc Pur,Trousse Design p.8
variable,P-30-24-96,Garde-manger - 30 x 24 x 96 po,0,0,visible,"Garde-manger Dilamco, dimensions 30 x 24 x 96 po. Finition Shaker disponible selon les variantes.","Module Dilamco garde-manger (P-30-24-96), dimensions 30 x 24 x 96 po. Cabinet en contreplaqué avec fini intérieur en placage de bouleau. Porte HDF avec moulure en bouleau. Fini extérieur assorti à la porte selon la finition choisie. Prix, disponibilité, panneaux de finition, fillers et installation à confirmer avant publication.",,,taxable,1,,0,0,0,Armoires de cuisine > Garde-manger > Profondeur 24 po,"Dilamco, armoires, Shaker, catalogue technique",,,0,Type de module,Garde-manger,1,0,,Largeur,30,1,0,,Largeur B,,0,0,,Profondeur,24,1,0,,Hauteur,96,1,0,,Hauteur de plafond,,0,0,,Type de coin,Non,1,0,,Style de porte,Shaker,1,0,Shaker,Moulure,1 po | 3 po,1,0,1 po,Couleur,Blanc Pur,1,0,Blanc Pur,P-30-24-96,Garde-manger,Armoires de cuisine > Garde-manger > Profondeur 24 po,,2,30,,24,96,,Non,,,,Trousse Design p.8
variation,P-30-24-96-BP1,Garde-manger - 30 x 24 x 96 po - Shaker 1 po - Blanc Pur,0,0,visible,"Garde-manger Dilamco, dimensions 30 x 24 x 96 po. Finition Shaker disponible selon les variantes.","Module Dilamco garde-manger (P-30-24-96), dimensions 30 x 24 x 96 po. Cabinet en contreplaqué avec fini intérieur en placage de bouleau. Porte HDF avec moulure en bouleau. Fini extérieur assorti à la porte selon la finition choisie. Prix, disponibilité, panneaux de finition, fillers et installation à confirmer avant publication.",,,taxable,1,,0,0,0,Armoires de cuisine > Garde-manger > Profondeur 24 po,"Dilamco, armoires, Shaker, catalogue technique",,sku:P-30-24-96,1,Type de module,Garde-manger,1,0,,Largeur,30,1,0,,Largeur B,,0,0,,Profondeur,24,1,0,,Hauteur,96,1,0,,Hauteur de plafond,,0,0,,Type de coin,Non,1,0,,Style de porte,Shaker,1,0,,Moulure,1 po,1,0,,Couleur,Blanc Pur,1,0,,P-30-24-96,Garde-manger,Armoires de cuisine > Garde-manger > Profondeur 24 po,,2,30,,24,96,,Non,Blanc Pur,1 po,Shaker 1 po - Blanc Pur,Trousse Design p.8
variation,P-30-24-96-BP3,Garde-manger - 30 x 24 x 96 po - Shaker 3 po - Blanc Pur,0,0,visible,"Garde-manger Dilamco, dimensions 30 x 24 x 96 po. Finition Shaker disponible selon les variantes.","Module Dilamco garde-manger (P-30-24-96), dimensions 30 x 24 x 96 po. Cabinet en contreplaqué avec fini intérieur en placage de bouleau. Porte HDF avec moulure en bouleau. Fini extérieur assorti à la porte selon la finition choisie. Prix, disponibilité, panneaux de finition, fillers et installation à confirmer avant publication.",,,taxable,1,,0,0,0,Armoires de cuisine > Garde-manger > Profondeur 24 po,"Dilamco, armoires, Shaker, catalogue technique",,sku:P-30-24-96,2,Type de module,Garde-manger,1,0,,Largeur,30,1,0,,Largeur B,,0,0,,Profondeur,24,1,0,,Hauteur,96,1,0,,Hauteur de plafond,,0,0,,Type de coin,Non,1,0,,Style de porte,Shaker,1,0,,Moulure,3 po,1,0,,Couleur,Blanc Pur,1,0,,P-30-24-96,Garde-manger,Armoires de cuisine > Garde-manger > Profondeur 24 po,,2,30,,24,96,,Non,Blanc Pur,3 po,Shaker 3 po - Blanc Pur,Trousse Design p.8
variable,P-33-24-96,Garde-manger - 33 x 24 x 96 po,0,0,visible,"Garde-manger Dilamco, dimensions 33 x 24 x 96 po. Finition Shaker disponible selon les variantes.","Module Dilamco garde-manger (P-33-24-96), dimensions 33 x 24 x 96 po. Cabinet en contreplaqué avec fini intérieur en placage de bouleau. Porte HDF avec moulure en bouleau. Fini extérieur assorti à la porte selon la finition choisie. Prix, disponibilité, panneaux de finition, fillers et installation à confirmer avant publication.",,,taxable,1,,0,0,0,Armoires de cuisine > Garde-manger > Profondeur 24 po,"Dilamco, armoires, Shaker, catalogue technique",,,0,Type de module,Garde-manger,1,0,,Largeur,33,1,0,,Largeur B,,0,0,,Profondeur,24,1,0,,Hauteur,96,1,0,,Hauteur de plafond,,0,0,,Type de coin,Non,1,0,,Style de porte,Shaker,1,0,Shaker,Moulure,1 po | 3 po,1,0,1 po,Couleur,Blanc Pur,1,0,Blanc Pur,P-33-24-96,Garde-manger,Armoires de cuisine > Garde-manger > Profondeur 24 po,,2,33,,24,96,,Non,,,,Trousse Design p.8
variation,P-33-24-96-BP1,Garde-manger - 33 x 24 x 96 po - Shaker 1 po - Blanc Pur,0,0,visible,"Garde-manger Dilamco, dimensions 33 x 24 x 96 po. Finition Shaker disponible selon les variantes.","Module Dilamco garde-manger (P-33-24-96), dimensions 33 x 24 x 96 po. Cabinet en contreplaqué avec fini intérieur en placage de bouleau. Porte HDF avec moulure en bouleau. Fini extérieur assorti à la porte selon la finition choisie. Prix, disponibilité, panneaux de finition, fillers et installation à confirmer avant publication.",,,taxable,1,,0,0,0,Armoires de cuisine > Garde-manger > Profondeur 24 po,"Dilamco, armoires, Shaker, catalogue technique",,sku:P-33-24-96,1,Type de module,Garde-manger,1,0,,Largeur,33,1,0,,Largeur B,,0,0,,Profondeur,24,1,0,,Hauteur,96,1,0,,Hauteur de plafond,,0,0,,Type de coin,Non,1,0,,Style de porte,Shaker,1,0,,Moulure,1 po,1,0,,Couleur,Blanc Pur,1,0,,P-33-24-96,Garde-manger,Armoires de cuisine > Garde-manger > Profondeur 24 po,,2,33,,24,96,,Non,Blanc Pur,1 po,Shaker 1 po - Blanc Pur,Trousse Design p.8
variation,P-33-24-96-BP3,Garde-manger - 33 x 24 x 96 po - Shaker 3 po - Blanc Pur,0,0,visible,"Garde-manger Dilamco, dimensions 33 x 24 x 96 po. Finition Shaker disponible selon les variantes.","Module Dilamco garde-manger (P-33-24-96), dimensions 33 x 24 x 96 po. Cabinet en contreplaqué avec fini intérieur en placage de bouleau. Porte HDF avec moulure en bouleau. Fini extérieur assorti à la porte selon la finition choisie. Prix, disponibilité, panneaux de finition, fillers et installation à confirmer avant publication.",,,taxable,1,,0,0,0,Armoires de cuisine > Garde-manger > Profondeur 24 po,"Dilamco, armoires, Shaker, catalogue technique",,sku:P-33-24-96,2,Type de module,Garde-manger,1,0,,Largeur,33,1,0,,Largeur B,,0,0,,Profondeur,24,1,0,,Hauteur,96,1,0,,Hauteur de plafond,,0,0,,Type de coin,Non,1,0,,Style de porte,Shaker,1,0,,Moulure,3 po,1,0,,Couleur,Blanc Pur,1,0,,P-33-24-96,Garde-manger,Armoires de cuisine > Garde-manger > Profondeur 24 po,,2,33,,24,96,,Non,Blanc Pur,3 po,Shaker 3 po - Blanc Pur,Trousse Design p.8
variable,P-36-24-96,Garde-manger - 36 x 24 x 96 po,0,0,visible,"Garde-manger Dilamco, dimensions 36 x 24 x 96 po. Finition Shaker disponible selon les variantes.","Module Dilamco garde-manger (P-36-24-96), dimensions 36 x 24 x 96 po. Cabinet en contreplaqué avec fini intérieur en placage de bouleau. Porte HDF avec moulure en bouleau. Fini extérieur assorti à la porte selon la finition choisie. Prix, disponibilité, panneaux de finition, fillers et installation à confirmer avant publication.",,,taxable,1,,0,0,0,Armoires de cuisine > Garde-manger > Profondeur 24 po,"Dilamco, armoires, Shaker, catalogue technique",,,0,Type de module,Garde-manger,1,0,,Largeur,36,1,0,,Largeur B,,0,0,,Profondeur,24,1,0,,Hauteur,96,1,0,,Hauteur de plafond,,0,0,,Type de coin,Non,1,0,,Style de porte,Shaker,1,0,Shaker,Moulure,1 po | 3 po,1,0,1 po,Couleur,Blanc Pur,1,0,Blanc Pur,P-36-24-96,Garde-manger,Armoires de cuisine > Garde-manger > Profondeur 24 po,,2,36,,24,96,,Non,,,,Trousse Design p.8
variation,P-36-24-96-BP1,Garde-manger - 36 x 24 x 96 po - Shaker 1 po - Blanc Pur,0,0,visible,"Garde-manger Dilamco, dimensions 36 x 24 x 96 po. Finition Shaker disponible selon les variantes.","Module Dilamco garde-manger (P-36-24-96), dimensions 36 x 24 x 96 po. Cabinet en contreplaqué avec fini intérieur en placage de bouleau. Porte HDF avec moulure en bouleau. Fini extérieur assorti à la porte selon la finition choisie. Prix, disponibilité, panneaux de finition, fillers et installation à confirmer avant publication.",,,taxable,1,,0,0,0,Armoires de cuisine > Garde-manger > Profondeur 24 po,"Dilamco, armoires, Shaker, catalogue technique",,sku:P-36-24-96,1,Type de module,Garde-manger,1,0,,Largeur,36,1,0,,Largeur B,,0,0,,Profondeur,24,1,0,,Hauteur,96,1,0,,Hauteur de plafond,,0,0,,Type de coin,Non,1,0,,Style de porte,Shaker,1,0,,Moulure,1 po,1,0,,Couleur,Blanc Pur,1,0,,P-36-24-96,Garde-manger,Armoires de cuisine > Garde-manger > Profondeur 24 po,,2,36,,24,96,,Non,Blanc Pur,1 po,Shaker 1 po - Blanc Pur,Trousse Design p.8
variation,P-36-24-96-BP3,Garde-manger - 36 x 24 x 96 po - Shaker 3 po - Blanc Pur,0,0,visible,"Garde-manger Dilamco, dimensions 36 x 24 x 96 po. Finition Shaker disponible selon les variantes.","Module Dilamco garde-manger (P-36-24-96), dimensions 36 x 24 x 96 po. Cabinet en contreplaqué avec fini intérieur en placage de bouleau. Porte HDF avec moulure en bouleau. Fini extérieur assorti à la porte selon la finition choisie. Prix, disponibilité, panneaux de finition, fillers et installation à confirmer avant publication.",,,taxable,1,,0,0,0,Armoires de cuisine > Garde-manger > Profondeur 24 po,"Dilamco, armoires, Shaker, catalogue technique",,sku:P-36-24-96,2,Type de module,Garde-manger,1,0,,Largeur,36,1,0,,Largeur B,,0,0,,Profondeur,24,1,0,,Hauteur,96,1,0,,Hauteur de plafond,,0,0,,Type de coin,Non,1,0,,Style de porte,Shaker,1,0,,Moulure,3 po,1,0,,Couleur,Blanc Pur,1,0,,P-36-24-96,Garde-manger,Armoires de cuisine > Garde-manger > Profondeur 24 po,,2,36,,24,96,,Non,Blanc Pur,3 po,Shaker 3 po - Blanc Pur,Trousse Design p.8
variable,P-18-24-108,Garde-manger - 18 x 24 x 108 po,0,0,visible,"Garde-manger Dilamco, dimensions 18 x 24 x 108 po. Finition Shaker disponible selon les variantes.","Module Dilamco garde-manger (P-18-24-108), dimensions 18 x 24 x 108 po. Cabinet en contreplaqué avec fini intérieur en placage de bouleau. Porte HDF avec moulure en bouleau. Fini extérieur assorti à la porte selon la finition choisie. Prix, disponibilité, panneaux de finition, fillers et installation à confirmer avant publication.",,,taxable,1,,0,0,0,Armoires de cuisine > Garde-manger > Profondeur 24 po,"Dilamco, armoires, Shaker, catalogue technique",,,0,Type de module,Garde-manger,1,0,,Largeur,18,1,0,,Largeur B,,0,0,,Profondeur,24,1,0,,Hauteur,108,1,0,,Hauteur de plafond,,0,0,,Type de coin,Non,1,0,,Style de porte,Shaker,1,0,Shaker,Moulure,1 po | 3 po,1,0,1 po,Couleur,Blanc Pur,1,0,Blanc Pur,P-18-24-108,Garde-manger,Armoires de cuisine > Garde-manger > Profondeur 24 po,,1,18,,24,108,,Non,,,,Trousse Design p.8
variation,P-18-24-108-BP1,Garde-manger - 18 x 24 x 108 po - Shaker 1 po - Blanc Pur,0,0,visible,"Garde-manger Dilamco, dimensions 18 x 24 x 108 po. Finition Shaker disponible selon les variantes.","Module Dilamco garde-manger (P-18-24-108), dimensions 18 x 24 x 108 po. Cabinet en contreplaqué avec fini intérieur en placage de bouleau. Porte HDF avec moulure en bouleau. Fini extérieur assorti à la porte selon la finition choisie. Prix, disponibilité, panneaux de finition, fillers et installation à confirmer avant publication.",,,taxable,1,,0,0,0,Armoires de cuisine > Garde-manger > Profondeur 24 po,"Dilamco, armoires, Shaker, catalogue technique",,sku:P-18-24-108,1,Type de module,Garde-manger,1,0,,Largeur,18,1,0,,Largeur B,,0,0,,Profondeur,24,1,0,,Hauteur,108,1,0,,Hauteur de plafond,,0,0,,Type de coin,Non,1,0,,Style de porte,Shaker,1,0,,Moulure,1 po,1,0,,Couleur,Blanc Pur,1,0,,P-18-24-108,Garde-manger,Armoires de cuisine > Garde-manger > Profondeur 24 po,,1,18,,24,108,,Non,Blanc Pur,1 po,Shaker 1 po - Blanc Pur,Trousse Design p.8
variation,P-18-24-108-BP3,Garde-manger - 18 x 24 x 108 po - Shaker 3 po - Blanc Pur,0,0,visible,"Garde-manger Dilamco, dimensions 18 x 24 x 108 po. Finition Shaker disponible selon les variantes.","Module Dilamco garde-manger (P-18-24-108), dimensions 18 x 24 x 108 po. Cabinet en contreplaqué avec fini intérieur en placage de bouleau. Porte HDF avec moulure en bouleau. Fini extérieur assorti à la porte selon la finition choisie. Prix, disponibilité, panneaux de finition, fillers et installation à confirmer avant publication.",,,taxable,1,,0,0,0,Armoires de cuisine > Garde-manger > Profondeur 24 po,"Dilamco, armoires, Shaker, catalogue technique",,sku:P-18-24-108,2,Type de module,Garde-manger,1,0,,Largeur,18,1,0,,Largeur B,,0,0,,Profondeur,24,1,0,,Hauteur,108,1,0,,Hauteur de plafond,,0,0,,Type de coin,Non,1,0,,Style de porte,Shaker,1,0,,Moulure,3 po,1,0,,Couleur,Blanc Pur,1,0,,P-18-24-108,Garde-manger,Armoires de cuisine > Garde-manger > Profondeur 24 po,,1,18,,24,108,,Non,Blanc Pur,3 po,Shaker 3 po - Blanc Pur,Trousse Design p.8
variable,P-21-24-108,Garde-manger - 21 x 24 x 108 po,0,0,visible,"Garde-manger Dilamco, dimensions 21 x 24 x 108 po. Finition Shaker disponible selon les variantes.","Module Dilamco garde-manger (P-21-24-108), dimensions 21 x 24 x 108 po. Cabinet en contreplaqué avec fini intérieur en placage de bouleau. Porte HDF avec moulure en bouleau. Fini extérieur assorti à la porte selon la finition choisie. Prix, disponibilité, panneaux de finition, fillers et installation à confirmer avant publication.",,,taxable,1,,0,0,0,Armoires de cuisine > Garde-manger > Profondeur 24 po,"Dilamco, armoires, Shaker, catalogue technique",,,0,Type de module,Garde-manger,1,0,,Largeur,21,1,0,,Largeur B,,0,0,,Profondeur,24,1,0,,Hauteur,108,1,0,,Hauteur de plafond,,0,0,,Type de coin,Non,1,0,,Style de porte,Shaker,1,0,Shaker,Moulure,1 po | 3 po,1,0,1 po,Couleur,Blanc Pur,1,0,Blanc Pur,P-21-24-108,Garde-manger,Armoires de cuisine > Garde-manger > Profondeur 24 po,,1,21,,24,108,,Non,,,,Trousse Design p.8
variation,P-21-24-108-BP1,Garde-manger - 21 x 24 x 108 po - Shaker 1 po - Blanc Pur,0,0,visible,"Garde-manger Dilamco, dimensions 21 x 24 x 108 po. Finition Shaker disponible selon les variantes.","Module Dilamco garde-manger (P-21-24-108), dimensions 21 x 24 x 108 po. Cabinet en contreplaqué avec fini intérieur en placage de bouleau. Porte HDF avec moulure en bouleau. Fini extérieur assorti à la porte selon la finition choisie. Prix, disponibilité, panneaux de finition, fillers et installation à confirmer avant publication.",,,taxable,1,,0,0,0,Armoires de cuisine > Garde-manger > Profondeur 24 po,"Dilamco, armoires, Shaker, catalogue technique",,sku:P-21-24-108,1,Type de module,Garde-manger,1,0,,Largeur,21,1,0,,Largeur B,,0,0,,Profondeur,24,1,0,,Hauteur,108,1,0,,Hauteur de plafond,,0,0,,Type de coin,Non,1,0,,Style de porte,Shaker,1,0,,Moulure,1 po,1,0,,Couleur,Blanc Pur,1,0,,P-21-24-108,Garde-manger,Armoires de cuisine > Garde-manger > Profondeur 24 po,,1,21,,24,108,,Non,Blanc Pur,1 po,Shaker 1 po - Blanc Pur,Trousse Design p.8
variation,P-21-24-108-BP3,Garde-manger - 21 x 24 x 108 po - Shaker 3 po - Blanc Pur,0,0,visible,"Garde-manger Dilamco, dimensions 21 x 24 x 108 po. Finition Shaker disponible selon les variantes.","Module Dilamco garde-manger (P-21-24-108), dimensions 21 x 24 x 108 po. Cabinet en contreplaqué avec fini intérieur en placage de bouleau. Porte HDF avec moulure en bouleau. Fini extérieur assorti à la porte selon la finition choisie. Prix, disponibilité, panneaux de finition, fillers et installation à confirmer avant publication.",,,taxable,1,,0,0,0,Armoires de cuisine > Garde-manger > Profondeur 24 po,"Dilamco, armoires, Shaker, catalogue technique",,sku:P-21-24-108,2,Type de module,Garde-manger,1,0,,Largeur,21,1,0,,Largeur B,,0,0,,Profondeur,24,1,0,,Hauteur,108,1,0,,Hauteur de plafond,,0,0,,Type de coin,Non,1,0,,Style de porte,Shaker,1,0,,Moulure,3 po,1,0,,Couleur,Blanc Pur,1,0,,P-21-24-108,Garde-manger,Armoires de cuisine > Garde-manger > Profondeur 24 po,,1,21,,24,108,,Non,Blanc Pur,3 po,Shaker 3 po - Blanc Pur,Trousse Design p.8
variable,P-24-24-108,Garde-manger - 24 x 24 x 108 po,0,0,visible,"Garde-manger Dilamco, dimensions 24 x 24 x 108 po. Finition Shaker disponible selon les variantes.","Module Dilamco garde-manger (P-24-24-108), dimensions 24 x 24 x 108 po. Cabinet en contreplaqué avec fini intérieur en placage de bouleau. Porte HDF avec moulure en bouleau. Fini extérieur assorti à la porte selon la finition choisie. Prix, disponibilité, panneaux de finition, fillers et installation à confirmer avant publication.",,,taxable,1,,0,0,0,Armoires de cuisine > Garde-manger > Profondeur 24 po,"Dilamco, armoires, Shaker, catalogue technique",,,0,Type de module,Garde-manger,1,0,,Largeur,24,1,0,,Largeur B,,0,0,,Profondeur,24,1,0,,Hauteur,108,1,0,,Hauteur de plafond,,0,0,,Type de coin,Non,1,0,,Style de porte,Shaker,1,0,Shaker,Moulure,1 po | 3 po,1,0,1 po,Couleur,Blanc Pur,1,0,Blanc Pur,P-24-24-108,Garde-manger,Armoires de cuisine > Garde-manger > Profondeur 24 po,,2,24,,24,108,,Non,,,,Trousse Design p.8
variation,P-24-24-108-BP1,Garde-manger - 24 x 24 x 108 po - Shaker 1 po - Blanc Pur,0,0,visible,"Garde-manger Dilamco, dimensions 24 x 24 x 108 po. Finition Shaker disponible selon les variantes.","Module Dilamco garde-manger (P-24-24-108), dimensions 24 x 24 x 108 po. Cabinet en contreplaqué avec fini intérieur en placage de bouleau. Porte HDF avec moulure en bouleau. Fini extérieur assorti à la porte selon la finition choisie. Prix, disponibilité, panneaux de finition, fillers et installation à confirmer avant publication.",,,taxable,1,,0,0,0,Armoires de cuisine > Garde-manger > Profondeur 24 po,"Dilamco, armoires, Shaker, catalogue technique",,sku:P-24-24-108,1,Type de module,Garde-manger,1,0,,Largeur,24,1,0,,Largeur B,,0,0,,Profondeur,24,1,0,,Hauteur,108,1,0,,Hauteur de plafond,,0,0,,Type de coin,Non,1,0,,Style de porte,Shaker,1,0,,Moulure,1 po,1,0,,Couleur,Blanc Pur,1,0,,P-24-24-108,Garde-manger,Armoires de cuisine > Garde-manger > Profondeur 24 po,,2,24,,24,108,,Non,Blanc Pur,1 po,Shaker 1 po - Blanc Pur,Trousse Design p.8
variation,P-24-24-108-BP3,Garde-manger - 24 x 24 x 108 po - Shaker 3 po - Blanc Pur,0,0,visible,"Garde-manger Dilamco, dimensions 24 x 24 x 108 po. Finition Shaker disponible selon les variantes.","Module Dilamco garde-manger (P-24-24-108), dimensions 24 x 24 x 108 po. Cabinet en contreplaqué avec fini intérieur en placage de bouleau. Porte HDF avec moulure en bouleau. Fini extérieur assorti à la porte selon la finition choisie. Prix, disponibilité, panneaux de finition, fillers et installation à confirmer avant publication.",,,taxable,1,,0,0,0,Armoires de cuisine > Garde-manger > Profondeur 24 po,"Dilamco, armoires, Shaker, catalogue technique",,sku:P-24-24-108,2,Type de module,Garde-manger,1,0,,Largeur,24,1,0,,Largeur B,,0,0,,Profondeur,24,1,0,,Hauteur,108,1,0,,Hauteur de plafond,,0,0,,Type de coin,Non,1,0,,Style de porte,Shaker,1,0,,Moulure,3 po,1,0,,Couleur,Blanc Pur,1,0,,P-24-24-108,Garde-manger,Armoires de cuisine > Garde-manger > Profondeur 24 po,,2,24,,24,108,,Non,Blanc Pur,3 po,Shaker 3 po - Blanc Pur,Trousse Design p.8
variable,P-27-24-108,Garde-manger - 27 x 24 x 108 po,0,0,visible,"Garde-manger Dilamco, dimensions 27 x 24 x 108 po. Finition Shaker disponible selon les variantes.","Module Dilamco garde-manger (P-27-24-108), dimensions 27 x 24 x 108 po. Cabinet en contreplaqué avec fini intérieur en placage de bouleau. Porte HDF avec moulure en bouleau. Fini extérieur assorti à la porte selon la finition choisie. Prix, disponibilité, panneaux de finition, fillers et installation à confirmer avant publication.",,,taxable,1,,0,0,0,Armoires de cuisine > Garde-manger > Profondeur 24 po,"Dilamco, armoires, Shaker, catalogue technique",,,0,Type de module,Garde-manger,1,0,,Largeur,27,1,0,,Largeur B,,0,0,,Profondeur,24,1,0,,Hauteur,108,1,0,,Hauteur de plafond,,0,0,,Type de coin,Non,1,0,,Style de porte,Shaker,1,0,Shaker,Moulure,1 po | 3 po,1,0,1 po,Couleur,Blanc Pur,1,0,Blanc Pur,P-27-24-108,Garde-manger,Armoires de cuisine > Garde-manger > Profondeur 24 po,,2,27,,24,108,,Non,,,,Trousse Design p.8
variation,P-27-24-108-BP1,Garde-manger - 27 x 24 x 108 po - Shaker 1 po - Blanc Pur,0,0,visible,"Garde-manger Dilamco, dimensions 27 x 24 x 108 po. Finition Shaker disponible selon les variantes.","Module Dilamco garde-manger (P-27-24-108), dimensions 27 x 24 x 108 po. Cabinet en contreplaqué avec fini intérieur en placage de bouleau. Porte HDF avec moulure en bouleau. Fini extérieur assorti à la porte selon la finition choisie. Prix, disponibilité, panneaux de finition, fillers et installation à confirmer avant publication.",,,taxable,1,,0,0,0,Armoires de cuisine > Garde-manger > Profondeur 24 po,"Dilamco, armoires, Shaker, catalogue technique",,sku:P-27-24-108,1,Type de module,Garde-manger,1,0,,Largeur,27,1,0,,Largeur B,,0,0,,Profondeur,24,1,0,,Hauteur,108,1,0,,Hauteur de plafond,,0,0,,Type de coin,Non,1,0,,Style de porte,Shaker,1,0,,Moulure,1 po,1,0,,Couleur,Blanc Pur,1,0,,P-27-24-108,Garde-manger,Armoires de cuisine > Garde-manger > Profondeur 24 po,,2,27,,24,108,,Non,Blanc Pur,1 po,Shaker 1 po - Blanc Pur,Trousse Design p.8
variation,P-27-24-108-BP3,Garde-manger - 27 x 24 x 108 po - Shaker 3 po - Blanc Pur,0,0,visible,"Garde-manger Dilamco, dimensions 27 x 24 x 108 po. Finition Shaker disponible selon les variantes.","Module Dilamco garde-manger (P-27-24-108), dimensions 27 x 24 x 108 po. Cabinet en contreplaqué avec fini intérieur en placage de bouleau. Porte HDF avec moulure en bouleau. Fini extérieur assorti à la porte selon la finition choisie. Prix, disponibilité, panneaux de finition, fillers et installation à confirmer avant publication.",,,taxable,1,,0,0,0,Armoires de cuisine > Garde-manger > Profondeur 24 po,"Dilamco, armoires, Shaker, catalogue technique",,sku:P-27-24-108,2,Type de module,Garde-manger,1,0,,Largeur,27,1,0,,Largeur B,,0,0,,Profondeur,24,1,0,,Hauteur,108,1,0,,Hauteur de plafond,,0,0,,Type de coin,Non,1,0,,Style de porte,Shaker,1,0,,Moulure,3 po,1,0,,Couleur,Blanc Pur,1,0,,P-27-24-108,Garde-manger,Armoires de cuisine > Garde-manger > Profondeur 24 po,,2,27,,24,108,,Non,Blanc Pur,3 po,Shaker 3 po - Blanc Pur,Trousse Design p.8
variable,P-30-24-108,Garde-manger - 30 x 24 x 108 po,0,0,visible,"Garde-manger Dilamco, dimensions 30 x 24 x 108 po. Finition Shaker disponible selon les variantes.","Module Dilamco garde-manger (P-30-24-108), dimensions 30 x 24 x 108 po. Cabinet en contreplaqué avec fini intérieur en placage de bouleau. Porte HDF avec moulure en bouleau. Fini extérieur assorti à la porte selon la finition choisie. Prix, disponibilité, panneaux de finition, fillers et installation à confirmer avant publication.",,,taxable,1,,0,0,0,Armoires de cuisine > Garde-manger > Profondeur 24 po,"Dilamco, armoires, Shaker, catalogue technique",,,0,Type de module,Garde-manger,1,0,,Largeur,30,1,0,,Largeur B,,0,0,,Profondeur,24,1,0,,Hauteur,108,1,0,,Hauteur de plafond,,0,0,,Type de coin,Non,1,0,,Style de porte,Shaker,1,0,Shaker,Moulure,1 po | 3 po,1,0,1 po,Couleur,Blanc Pur,1,0,Blanc Pur,P-30-24-108,Garde-manger,Armoires de cuisine > Garde-manger > Profondeur 24 po,,2,30,,24,108,,Non,,,,Trousse Design p.8
variation,P-30-24-108-BP1,Garde-manger - 30 x 24 x 108 po - Shaker 1 po - Blanc Pur,0,0,visible,"Garde-manger Dilamco, dimensions 30 x 24 x 108 po. Finition Shaker disponible selon les variantes.","Module Dilamco garde-manger (P-30-24-108), dimensions 30 x 24 x 108 po. Cabinet en contreplaqué avec fini intérieur en placage de bouleau. Porte HDF avec moulure en bouleau. Fini extérieur assorti à la porte selon la finition choisie. Prix, disponibilité, panneaux de finition, fillers et installation à confirmer avant publication.",,,taxable,1,,0,0,0,Armoires de cuisine > Garde-manger > Profondeur 24 po,"Dilamco, armoires, Shaker, catalogue technique",,sku:P-30-24-108,1,Type de module,Garde-manger,1,0,,Largeur,30,1,0,,Largeur B,,0,0,,Profondeur,24,1,0,,Hauteur,108,1,0,,Hauteur de plafond,,0,0,,Type de coin,Non,1,0,,Style de porte,Shaker,1,0,,Moulure,1 po,1,0,,Couleur,Blanc Pur,1,0,,P-30-24-108,Garde-manger,Armoires de cuisine > Garde-manger > Profondeur 24 po,,2,30,,24,108,,Non,Blanc Pur,1 po,Shaker 1 po - Blanc Pur,Trousse Design p.8
variation,P-30-24-108-BP3,Garde-manger - 30 x 24 x 108 po - Shaker 3 po - Blanc Pur,0,0,visible,"Garde-manger Dilamco, dimensions 30 x 24 x 108 po. Finition Shaker disponible selon les variantes.","Module Dilamco garde-manger (P-30-24-108), dimensions 30 x 24 x 108 po. Cabinet en contreplaqué avec fini intérieur en placage de bouleau. Porte HDF avec moulure en bouleau. Fini extérieur assorti à la porte selon la finition choisie. Prix, disponibilité, panneaux de finition, fillers et installation à confirmer avant publication.",,,taxable,1,,0,0,0,Armoires de cuisine > Garde-manger > Profondeur 24 po,"Dilamco, armoires, Shaker, catalogue technique",,sku:P-30-24-108,2,Type de module,Garde-manger,1,0,,Largeur,30,1,0,,Largeur B,,0,0,,Profondeur,24,1,0,,Hauteur,108,1,0,,Hauteur de plafond,,0,0,,Type de coin,Non,1,0,,Style de porte,Shaker,1,0,,Moulure,3 po,1,0,,Couleur,Blanc Pur,1,0,,P-30-24-108,Garde-manger,Armoires de cuisine > Garde-manger > Profondeur 24 po,,2,30,,24,108,,Non,Blanc Pur,3 po,Shaker 3 po - Blanc Pur,Trousse Design p.8
variable,P-33-24-108,Garde-manger - 33 x 24 x 108 po,0,0,visible,"Garde-manger Dilamco, dimensions 33 x 24 x 108 po. Finition Shaker disponible selon les variantes.","Module Dilamco garde-manger (P-33-24-108), dimensions 33 x 24 x 108 po. Cabinet en contreplaqué avec fini intérieur en placage de bouleau. Porte HDF avec moulure en bouleau. Fini extérieur assorti à la porte selon la finition choisie. Prix, disponibilité, panneaux de finition, fillers et installation à confirmer avant publication.",,,taxable,1,,0,0,0,Armoires de cuisine > Garde-manger > Profondeur 24 po,"Dilamco, armoires, Shaker, catalogue technique",,,0,Type de module,Garde-manger,1,0,,Largeur,33,1,0,,Largeur B,,0,0,,Profondeur,24,1,0,,Hauteur,108,1,0,,Hauteur de plafond,,0,0,,Type de coin,Non,1,0,,Style de porte,Shaker,1,0,Shaker,Moulure,1 po | 3 po,1,0,1 po,Couleur,Blanc Pur,1,0,Blanc Pur,P-33-24-108,Garde-manger,Armoires de cuisine > Garde-manger > Profondeur 24 po,,2,33,,24,108,,Non,,,,Trousse Design p.8
variation,P-33-24-108-BP1,Garde-manger - 33 x 24 x 108 po - Shaker 1 po - Blanc Pur,0,0,visible,"Garde-manger Dilamco, dimensions 33 x 24 x 108 po. Finition Shaker disponible selon les variantes.","Module Dilamco garde-manger (P-33-24-108), dimensions 33 x 24 x 108 po. Cabinet en contreplaqué avec fini intérieur en placage de bouleau. Porte HDF avec moulure en bouleau. Fini extérieur assorti à la porte selon la finition choisie. Prix, disponibilité, panneaux de finition, fillers et installation à confirmer avant publication.",,,taxable,1,,0,0,0,Armoires de cuisine > Garde-manger > Profondeur 24 po,"Dilamco, armoires, Shaker, catalogue technique",,sku:P-33-24-108,1,Type de module,Garde-manger,1,0,,Largeur,33,1,0,,Largeur B,,0,0,,Profondeur,24,1,0,,Hauteur,108,1,0,,Hauteur de plafond,,0,0,,Type de coin,Non,1,0,,Style de porte,Shaker,1,0,,Moulure,1 po,1,0,,Couleur,Blanc Pur,1,0,,P-33-24-108,Garde-manger,Armoires de cuisine > Garde-manger > Profondeur 24 po,,2,33,,24,108,,Non,Blanc Pur,1 po,Shaker 1 po - Blanc Pur,Trousse Design p.8
variation,P-33-24-108-BP3,Garde-manger - 33 x 24 x 108 po - Shaker 3 po - Blanc Pur,0,0,visible,"Garde-manger Dilamco, dimensions 33 x 24 x 108 po. Finition Shaker disponible selon les variantes.","Module Dilamco garde-manger (P-33-24-108), dimensions 33 x 24 x 108 po. Cabinet en contreplaqué avec fini intérieur en placage de bouleau. Porte HDF avec moulure en bouleau. Fini extérieur assorti à la porte selon la finition choisie. Prix, disponibilité, panneaux de finition, fillers et installation à confirmer avant publication.",,,taxable,1,,0,0,0,Armoires de cuisine > Garde-manger > Profondeur 24 po,"Dilamco, armoires, Shaker, catalogue technique",,sku:P-33-24-108,2,Type de module,Garde-manger,1,0,,Largeur,33,1,0,,Largeur B,,0,0,,Profondeur,24,1,0,,Hauteur,108,1,0,,Hauteur de plafond,,0,0,,Type de coin,Non,1,0,,Style de porte,Shaker,1,0,,Moulure,3 po,1,0,,Couleur,Blanc Pur,1,0,,P-33-24-108,Garde-manger,Armoires de cuisine > Garde-manger > Profondeur 24 po,,2,33,,24,108,,Non,Blanc Pur,3 po,Shaker 3 po - Blanc Pur,Trousse Design p.8
variable,P-36-24-108,Garde-manger - 36 x 24 x 108 po,0,0,visible,"Garde-manger Dilamco, dimensions 36 x 24 x 108 po. Finition Shaker disponible selon les variantes.","Module Dilamco garde-manger (P-36-24-108), dimensions 36 x 24 x 108 po. Cabinet en contreplaqué avec fini intérieur en placage de bouleau. Porte HDF avec moulure en bouleau. Fini extérieur assorti à la porte selon la finition choisie. Prix, disponibilité, panneaux de finition, fillers et installation à confirmer avant publication.",,,taxable,1,,0,0,0,Armoires de cuisine > Garde-manger > Profondeur 24 po,"Dilamco, armoires, Shaker, catalogue technique",,,0,Type de module,Garde-manger,1,0,,Largeur,36,1,0,,Largeur B,,0,0,,Profondeur,24,1,0,,Hauteur,108,1,0,,Hauteur de plafond,,0,0,,Type de coin,Non,1,0,,Style de porte,Shaker,1,0,Shaker,Moulure,1 po | 3 po,1,0,1 po,Couleur,Blanc Pur,1,0,Blanc Pur,P-36-24-108,Garde-manger,Armoires de cuisine > Garde-manger > Profondeur 24 po,,2,36,,24,108,,Non,,,,Trousse Design p.8
variation,P-36-24-108-BP1,Garde-manger - 36 x 24 x 108 po - Shaker 1 po - Blanc Pur,0,0,visible,"Garde-manger Dilamco, dimensions 36 x 24 x 108 po. Finition Shaker disponible selon les variantes.","Module Dilamco garde-manger (P-36-24-108), dimensions 36 x 24 x 108 po. Cabinet en contreplaqué avec fini intérieur en placage de bouleau. Porte HDF avec moulure en bouleau. Fini extérieur assorti à la porte selon la finition choisie. Prix, disponibilité, panneaux de finition, fillers et installation à confirmer avant publication.",,,taxable,1,,0,0,0,Armoires de cuisine > Garde-manger > Profondeur 24 po,"Dilamco, armoires, Shaker, catalogue technique",,sku:P-36-24-108,1,Type de module,Garde-manger,1,0,,Largeur,36,1,0,,Largeur B,,0,0,,Profondeur,24,1,0,,Hauteur,108,1,0,,Hauteur de plafond,,0,0,,Type de coin,Non,1,0,,Style de porte,Shaker,1,0,,Moulure,1 po,1,0,,Couleur,Blanc Pur,1,0,,P-36-24-108,Garde-manger,Armoires de cuisine > Garde-manger > Profondeur 24 po,,2,36,,24,108,,Non,Blanc Pur,1 po,Shaker 1 po - Blanc Pur,Trousse Design p.8
variation,P-36-24-108-BP3,Garde-manger - 36 x 24 x 108 po - Shaker 3 po - Blanc Pur,0,0,visible,"Garde-manger Dilamco, dimensions 36 x 24 x 108 po. Finition Shaker disponible selon les variantes.","Module Dilamco garde-manger (P-36-24-108), dimensions 36 x 24 x 108 po. Cabinet en contreplaqué avec fini intérieur en placage de bouleau. Porte HDF avec moulure en bouleau. Fini extérieur assorti à la porte selon la finition choisie. Prix, disponibilité, panneaux de finition, fillers et installation à confirmer avant publication.",,,taxable,1,,0,0,0,Armoires de cuisine > Garde-manger > Profondeur 24 po,"Dilamco, armoires, Shaker, catalogue technique",,sku:P-36-24-108,2,Type de module,Garde-manger,1,0,,Largeur,36,1,0,,Largeur B,,0,0,,Profondeur,24,1,0,,Hauteur,108,1,0,,Hauteur de plafond,,0,0,,Type de coin,Non,1,0,,Style de porte,Shaker,1,0,,Moulure,3 po,1,0,,Couleur,Blanc Pur,1,0,,P-36-24-108,Garde-manger,Armoires de cuisine > Garde-manger > Profondeur 24 po,,2,36,,24,108,,Non,Blanc Pur,3 po,Shaker 3 po - Blanc Pur,Trousse Design p.8
variable,UC-C90-24-24-12-30,Armoire murale de coin Coin 90 degres - 24 x 24 x 12 x 30 po,0,0,visible,"Armoire murale de coin Dilamco, dimensions 24 x 24 x 12 x 30 po. Finition Shaker disponible selon les variantes.","Module Dilamco armoire murale de coin (U8-C90-24-24-12-30), dimensions 24 x 24 x 12 x 30 po. Cabinet en contreplaqué avec fini intérieur en placage de bouleau. Porte HDF avec moulure en bouleau. Fini extérieur assorti à la porte selon la finition choisie. Prix, disponibilité, panneaux de finition, fillers et installation à confirmer avant publication.",,,taxable,1,,0,0,0,Armoires de cuisine > Armoires murales > Coin 90 degres,"Dilamco, armoires, Shaker, catalogue technique",,,0,Type de module,Armoire murale de coin,1,0,,Largeur,24,1,0,,Largeur B,24,1,0,,Profondeur,12,1,0,,Hauteur,30,1,0,,Hauteur de plafond,8 pi,1,0,,Type de coin,Coin 90 degres,1,0,,Style de porte,Shaker,1,0,Shaker,Moulure,1 po | 3 po,1,0,1 po,Couleur,Blanc Pur,1,0,Blanc Pur,U8-C90-24-24-12-30,Armoire murale de coin,Armoires de cuisine > Armoires murales > Coin 90 degres > Plafond 8 pi,,1,24,24,12,30,8 pi,Coin 90 degres,,,,Trousse Design p.9
variation,UC-C90-24-24-12-30-BP1,Armoire murale de coin Coin 90 degres - 24 x 24 x 12 x 30 po - Shaker 1 po - Blanc Pur,0,0,visible,"Armoire murale de coin Dilamco, dimensions 24 x 24 x 12 x 30 po. Finition Shaker disponible selon les variantes.","Module Dilamco armoire murale de coin (U8-C90-24-24-12-30), dimensions 24 x 24 x 12 x 30 po. Cabinet en contreplaqué avec fini intérieur en placage de bouleau. Porte HDF avec moulure en bouleau. Fini extérieur assorti à la porte selon la finition choisie. Prix, disponibilité, panneaux de finition, fillers et installation à confirmer avant publication.",,,taxable,1,,0,0,0,Armoires de cuisine > Armoires murales > Coin 90 degres,"Dilamco, armoires, Shaker, catalogue technique",,sku:U8-C90-24-24-12-30,1,Type de module,Armoire murale de coin,1,0,,Largeur,24,1,0,,Largeur B,24,1,0,,Profondeur,12,1,0,,Hauteur,30,1,0,,Hauteur de plafond,8 pi,1,0,,Type de coin,Coin 90 degres,1,0,,Style de porte,Shaker,1,0,,Moulure,1 po,1,0,,Couleur,Blanc Pur,1,0,,U8-C90-24-24-12-30,Armoire murale de coin,Armoires de cuisine > Armoires murales > Coin 90 degres > Plafond 8 pi,,1,24,24,12,30,8 pi,Coin 90 degres,Blanc Pur,1 po,Shaker 1 po - Blanc Pur,Trousse Design p.9
variation,UC-C90-24-24-12-30-BP3,Armoire murale de coin Coin 90 degres - 24 x 24 x 12 x 30 po - Shaker 3 po - Blanc Pur,0,0,visible,"Armoire murale de coin Dilamco, dimensions 24 x 24 x 12 x 30 po. Finition Shaker disponible selon les variantes.","Module Dilamco armoire murale de coin (U8-C90-24-24-12-30), dimensions 24 x 24 x 12 x 30 po. Cabinet en contreplaqué avec fini intérieur en placage de bouleau. Porte HDF avec moulure en bouleau. Fini extérieur assorti à la porte selon la finition choisie. Prix, disponibilité, panneaux de finition, fillers et installation à confirmer avant publication.",,,taxable,1,,0,0,0,Armoires de cuisine > Armoires murales > Coin 90 degres,"Dilamco, armoires, Shaker, catalogue technique",,sku:U8-C90-24-24-12-30,2,Type de module,Armoire murale de coin,1,0,,Largeur,24,1,0,,Largeur B,24,1,0,,Profondeur,12,1,0,,Hauteur,30,1,0,,Hauteur de plafond,8 pi,1,0,,Type de coin,Coin 90 degres,1,0,,Style de porte,Shaker,1,0,,Moulure,3 po,1,0,,Couleur,Blanc Pur,1,0,,U8-C90-24-24-12-30,Armoire murale de coin,Armoires de cuisine > Armoires murales > Coin 90 degres > Plafond 8 pi,,1,24,24,12,30,8 pi,Coin 90 degres,Blanc Pur,3 po,Shaker 3 po - Blanc Pur,Trousse Design p.9
variable,UC-C90-27-27-12-30,Armoire murale de coin Coin 90 degres - 27 x 27 x 12 x 30 po,0,0,visible,"Armoire murale de coin Dilamco, dimensions 27 x 27 x 12 x 30 po. Finition Shaker disponible selon les variantes.","Module Dilamco armoire murale de coin (U8-C90-27-27-12-30), dimensions 27 x 27 x 12 x 30 po. Cabinet en contreplaqué avec fini intérieur en placage de bouleau. Porte HDF avec moulure en bouleau. Fini extérieur assorti à la porte selon la finition choisie. Prix, disponibilité, panneaux de finition, fillers et installation à confirmer avant publication.",,,taxable,1,,0,0,0,Armoires de cuisine > Armoires murales > Coin 90 degres,"Dilamco, armoires, Shaker, catalogue technique",,,0,Type de module,Armoire murale de coin,1,0,,Largeur,27,1,0,,Largeur B,27,1,0,,Profondeur,12,1,0,,Hauteur,30,1,0,,Hauteur de plafond,8 pi,1,0,,Type de coin,Coin 90 degres,1,0,,Style de porte,Shaker,1,0,Shaker,Moulure,1 po | 3 po,1,0,1 po,Couleur,Blanc Pur,1,0,Blanc Pur,U8-C90-27-27-12-30,Armoire murale de coin,Armoires de cuisine > Armoires murales > Coin 90 degres > Plafond 8 pi,,1,27,27,12,30,8 pi,Coin 90 degres,,,,Trousse Design p.9
variation,UC-C90-27-27-12-30-BP1,Armoire murale de coin Coin 90 degres - 27 x 27 x 12 x 30 po - Shaker 1 po - Blanc Pur,0,0,visible,"Armoire murale de coin Dilamco, dimensions 27 x 27 x 12 x 30 po. Finition Shaker disponible selon les variantes.","Module Dilamco armoire murale de coin (U8-C90-27-27-12-30), dimensions 27 x 27 x 12 x 30 po. Cabinet en contreplaqué avec fini intérieur en placage de bouleau. Porte HDF avec moulure en bouleau. Fini extérieur assorti à la porte selon la finition choisie. Prix, disponibilité, panneaux de finition, fillers et installation à confirmer avant publication.",,,taxable,1,,0,0,0,Armoires de cuisine > Armoires murales > Coin 90 degres,"Dilamco, armoires, Shaker, catalogue technique",,sku:U8-C90-27-27-12-30,1,Type de module,Armoire murale de coin,1,0,,Largeur,27,1,0,,Largeur B,27,1,0,,Profondeur,12,1,0,,Hauteur,30,1,0,,Hauteur de plafond,8 pi,1,0,,Type de coin,Coin 90 degres,1,0,,Style de porte,Shaker,1,0,,Moulure,1 po,1,0,,Couleur,Blanc Pur,1,0,,U8-C90-27-27-12-30,Armoire murale de coin,Armoires de cuisine > Armoires murales > Coin 90 degres > Plafond 8 pi,,1,27,27,12,30,8 pi,Coin 90 degres,Blanc Pur,1 po,Shaker 1 po - Blanc Pur,Trousse Design p.9
variation,UC-C90-27-27-12-30-BP3,Armoire murale de coin Coin 90 degres - 27 x 27 x 12 x 30 po - Shaker 3 po - Blanc Pur,0,0,visible,"Armoire murale de coin Dilamco, dimensions 27 x 27 x 12 x 30 po. Finition Shaker disponible selon les variantes.","Module Dilamco armoire murale de coin (U8-C90-27-27-12-30), dimensions 27 x 27 x 12 x 30 po. Cabinet en contreplaqué avec fini intérieur en placage de bouleau. Porte HDF avec moulure en bouleau. Fini extérieur assorti à la porte selon la finition choisie. Prix, disponibilité, panneaux de finition, fillers et installation à confirmer avant publication.",,,taxable,1,,0,0,0,Armoires de cuisine > Armoires murales > Coin 90 degres,"Dilamco, armoires, Shaker, catalogue technique",,sku:U8-C90-27-27-12-30,2,Type de module,Armoire murale de coin,1,0,,Largeur,27,1,0,,Largeur B,27,1,0,,Profondeur,12,1,0,,Hauteur,30,1,0,,Hauteur de plafond,8 pi,1,0,,Type de coin,Coin 90 degres,1,0,,Style de porte,Shaker,1,0,,Moulure,3 po,1,0,,Couleur,Blanc Pur,1,0,,U8-C90-27-27-12-30,Armoire murale de coin,Armoires de cuisine > Armoires murales > Coin 90 degres > Plafond 8 pi,,1,27,27,12,30,8 pi,Coin 90 degres,Blanc Pur,3 po,Shaker 3 po - Blanc Pur,Trousse Design p.9
variable,UC-C90-30-30-12-30,Armoire murale de coin Coin 90 degres - 30 x 30 x 12 x 30 po,0,0,visible,"Armoire murale de coin Dilamco, dimensions 30 x 30 x 12 x 30 po. Finition Shaker disponible selon les variantes.","Module Dilamco armoire murale de coin (U8-C90-30-30-12-30), dimensions 30 x 30 x 12 x 30 po. Cabinet en contreplaqué avec fini intérieur en placage de bouleau. Porte HDF avec moulure en bouleau. Fini extérieur assorti à la porte selon la finition choisie. Prix, disponibilité, panneaux de finition, fillers et installation à confirmer avant publication.",,,taxable,1,,0,0,0,Armoires de cuisine > Armoires murales > Coin 90 degres,"Dilamco, armoires, Shaker, catalogue technique",,,0,Type de module,Armoire murale de coin,1,0,,Largeur,30,1,0,,Largeur B,30,1,0,,Profondeur,12,1,0,,Hauteur,30,1,0,,Hauteur de plafond,8 pi,1,0,,Type de coin,Coin 90 degres,1,0,,Style de porte,Shaker,1,0,Shaker,Moulure,1 po | 3 po,1,0,1 po,Couleur,Blanc Pur,1,0,Blanc Pur,U8-C90-30-30-12-30,Armoire murale de coin,Armoires de cuisine > Armoires murales > Coin 90 degres > Plafond 8 pi,,1,30,30,12,30,8 pi,Coin 90 degres,,,,Trousse Design p.9
variation,UC-C90-30-30-12-30-BP1,Armoire murale de coin Coin 90 degres - 30 x 30 x 12 x 30 po - Shaker 1 po - Blanc Pur,0,0,visible,"Armoire murale de coin Dilamco, dimensions 30 x 30 x 12 x 30 po. Finition Shaker disponible selon les variantes.","Module Dilamco armoire murale de coin (U8-C90-30-30-12-30), dimensions 30 x 30 x 12 x 30 po. Cabinet en contreplaqué avec fini intérieur en placage de bouleau. Porte HDF avec moulure en bouleau. Fini extérieur assorti à la porte selon la finition choisie. Prix, disponibilité, panneaux de finition, fillers et installation à confirmer avant publication.",,,taxable,1,,0,0,0,Armoires de cuisine > Armoires murales > Coin 90 degres,"Dilamco, armoires, Shaker, catalogue technique",,sku:U8-C90-30-30-12-30,1,Type de module,Armoire murale de coin,1,0,,Largeur,30,1,0,,Largeur B,30,1,0,,Profondeur,12,1,0,,Hauteur,30,1,0,,Hauteur de plafond,8 pi,1,0,,Type de coin,Coin 90 degres,1,0,,Style de porte,Shaker,1,0,,Moulure,1 po,1,0,,Couleur,Blanc Pur,1,0,,U8-C90-30-30-12-30,Armoire murale de coin,Armoires de cuisine > Armoires murales > Coin 90 degres > Plafond 8 pi,,1,30,30,12,30,8 pi,Coin 90 degres,Blanc Pur,1 po,Shaker 1 po - Blanc Pur,Trousse Design p.9
variation,UC-C90-30-30-12-30-BP3,Armoire murale de coin Coin 90 degres - 30 x 30 x 12 x 30 po - Shaker 3 po - Blanc Pur,0,0,visible,"Armoire murale de coin Dilamco, dimensions 30 x 30 x 12 x 30 po. Finition Shaker disponible selon les variantes.","Module Dilamco armoire murale de coin (U8-C90-30-30-12-30), dimensions 30 x 30 x 12 x 30 po. Cabinet en contreplaqué avec fini intérieur en placage de bouleau. Porte HDF avec moulure en bouleau. Fini extérieur assorti à la porte selon la finition choisie. Prix, disponibilité, panneaux de finition, fillers et installation à confirmer avant publication.",,,taxable,1,,0,0,0,Armoires de cuisine > Armoires murales > Coin 90 degres,"Dilamco, armoires, Shaker, catalogue technique",,sku:U8-C90-30-30-12-30,2,Type de module,Armoire murale de coin,1,0,,Largeur,30,1,0,,Largeur B,30,1,0,,Profondeur,12,1,0,,Hauteur,30,1,0,,Hauteur de plafond,8 pi,1,0,,Type de coin,Coin 90 degres,1,0,,Style de porte,Shaker,1,0,,Moulure,3 po,1,0,,Couleur,Blanc Pur,1,0,,U8-C90-30-30-12-30,Armoire murale de coin,Armoires de cuisine > Armoires murales > Coin 90 degres > Plafond 8 pi,,1,30,30,12,30,8 pi,Coin 90 degres,Blanc Pur,3 po,Shaker 3 po - Blanc Pur,Trousse Design p.9
variable,UC-C90-24-24-12-36,Armoire murale de coin Coin 90 degres - 24 x 24 x 12 x 36 po,0,0,visible,"Armoire murale de coin Dilamco, dimensions 24 x 24 x 12 x 36 po. Finition Shaker disponible selon les variantes.","Module Dilamco armoire murale de coin (U8-C90-24-24-12-36), dimensions 24 x 24 x 12 x 36 po. Cabinet en contreplaqué avec fini intérieur en placage de bouleau. Porte HDF avec moulure en bouleau. Fini extérieur assorti à la porte selon la finition choisie. Prix, disponibilité, panneaux de finition, fillers et installation à confirmer avant publication.",,,taxable,1,,0,0,0,Armoires de cuisine > Armoires murales > Coin 90 degres,"Dilamco, armoires, Shaker, catalogue technique",,,0,Type de module,Armoire murale de coin,1,0,,Largeur,24,1,0,,Largeur B,24,1,0,,Profondeur,12,1,0,,Hauteur,36,1,0,,Hauteur de plafond,8 pi,1,0,,Type de coin,Coin 90 degres,1,0,,Style de porte,Shaker,1,0,Shaker,Moulure,1 po | 3 po,1,0,1 po,Couleur,Blanc Pur,1,0,Blanc Pur,U8-C90-24-24-12-36,Armoire murale de coin,Armoires de cuisine > Armoires murales > Coin 90 degres > Plafond 8 pi,,1,24,24,12,36,8 pi,Coin 90 degres,,,,Trousse Design p.9
variation,UC-C90-24-24-12-36-BP1,Armoire murale de coin Coin 90 degres - 24 x 24 x 12 x 36 po - Shaker 1 po - Blanc Pur,0,0,visible,"Armoire murale de coin Dilamco, dimensions 24 x 24 x 12 x 36 po. Finition Shaker disponible selon les variantes.","Module Dilamco armoire murale de coin (U8-C90-24-24-12-36), dimensions 24 x 24 x 12 x 36 po. Cabinet en contreplaqué avec fini intérieur en placage de bouleau. Porte HDF avec moulure en bouleau. Fini extérieur assorti à la porte selon la finition choisie. Prix, disponibilité, panneaux de finition, fillers et installation à confirmer avant publication.",,,taxable,1,,0,0,0,Armoires de cuisine > Armoires murales > Coin 90 degres,"Dilamco, armoires, Shaker, catalogue technique",,sku:U8-C90-24-24-12-36,1,Type de module,Armoire murale de coin,1,0,,Largeur,24,1,0,,Largeur B,24,1,0,,Profondeur,12,1,0,,Hauteur,36,1,0,,Hauteur de plafond,8 pi,1,0,,Type de coin,Coin 90 degres,1,0,,Style de porte,Shaker,1,0,,Moulure,1 po,1,0,,Couleur,Blanc Pur,1,0,,U8-C90-24-24-12-36,Armoire murale de coin,Armoires de cuisine > Armoires murales > Coin 90 degres > Plafond 8 pi,,1,24,24,12,36,8 pi,Coin 90 degres,Blanc Pur,1 po,Shaker 1 po - Blanc Pur,Trousse Design p.9
variation,UC-C90-24-24-12-36-BP3,Armoire murale de coin Coin 90 degres - 24 x 24 x 12 x 36 po - Shaker 3 po - Blanc Pur,0,0,visible,"Armoire murale de coin Dilamco, dimensions 24 x 24 x 12 x 36 po. Finition Shaker disponible selon les variantes.","Module Dilamco armoire murale de coin (U8-C90-24-24-12-36), dimensions 24 x 24 x 12 x 36 po. Cabinet en contreplaqué avec fini intérieur en placage de bouleau. Porte HDF avec moulure en bouleau. Fini extérieur assorti à la porte selon la finition choisie. Prix, disponibilité, panneaux de finition, fillers et installation à confirmer avant publication.",,,taxable,1,,0,0,0,Armoires de cuisine > Armoires murales > Coin 90 degres,"Dilamco, armoires, Shaker, catalogue technique",,sku:U8-C90-24-24-12-36,2,Type de module,Armoire murale de coin,1,0,,Largeur,24,1,0,,Largeur B,24,1,0,,Profondeur,12,1,0,,Hauteur,36,1,0,,Hauteur de plafond,8 pi,1,0,,Type de coin,Coin 90 degres,1,0,,Style de porte,Shaker,1,0,,Moulure,3 po,1,0,,Couleur,Blanc Pur,1,0,,U8-C90-24-24-12-36,Armoire murale de coin,Armoires de cuisine > Armoires murales > Coin 90 degres > Plafond 8 pi,,1,24,24,12,36,8 pi,Coin 90 degres,Blanc Pur,3 po,Shaker 3 po - Blanc Pur,Trousse Design p.9
variable,UC-C90-27-27-12-36,Armoire murale de coin Coin 90 degres - 27 x 27 x 12 x 36 po,0,0,visible,"Armoire murale de coin Dilamco, dimensions 27 x 27 x 12 x 36 po. Finition Shaker disponible selon les variantes.","Module Dilamco armoire murale de coin (U8-C90-27-27-12-36), dimensions 27 x 27 x 12 x 36 po. Cabinet en contreplaqué avec fini intérieur en placage de bouleau. Porte HDF avec moulure en bouleau. Fini extérieur assorti à la porte selon la finition choisie. Prix, disponibilité, panneaux de finition, fillers et installation à confirmer avant publication.",,,taxable,1,,0,0,0,Armoires de cuisine > Armoires murales > Coin 90 degres,"Dilamco, armoires, Shaker, catalogue technique",,,0,Type de module,Armoire murale de coin,1,0,,Largeur,27,1,0,,Largeur B,27,1,0,,Profondeur,12,1,0,,Hauteur,36,1,0,,Hauteur de plafond,8 pi,1,0,,Type de coin,Coin 90 degres,1,0,,Style de porte,Shaker,1,0,Shaker,Moulure,1 po | 3 po,1,0,1 po,Couleur,Blanc Pur,1,0,Blanc Pur,U8-C90-27-27-12-36,Armoire murale de coin,Armoires de cuisine > Armoires murales > Coin 90 degres > Plafond 8 pi,,1,27,27,12,36,8 pi,Coin 90 degres,,,,Trousse Design p.9
variation,UC-C90-27-27-12-36-BP1,Armoire murale de coin Coin 90 degres - 27 x 27 x 12 x 36 po - Shaker 1 po - Blanc Pur,0,0,visible,"Armoire murale de coin Dilamco, dimensions 27 x 27 x 12 x 36 po. Finition Shaker disponible selon les variantes.","Module Dilamco armoire murale de coin (U8-C90-27-27-12-36), dimensions 27 x 27 x 12 x 36 po. Cabinet en contreplaqué avec fini intérieur en placage de bouleau. Porte HDF avec moulure en bouleau. Fini extérieur assorti à la porte selon la finition choisie. Prix, disponibilité, panneaux de finition, fillers et installation à confirmer avant publication.",,,taxable,1,,0,0,0,Armoires de cuisine > Armoires murales > Coin 90 degres,"Dilamco, armoires, Shaker, catalogue technique",,sku:U8-C90-27-27-12-36,1,Type de module,Armoire murale de coin,1,0,,Largeur,27,1,0,,Largeur B,27,1,0,,Profondeur,12,1,0,,Hauteur,36,1,0,,Hauteur de plafond,8 pi,1,0,,Type de coin,Coin 90 degres,1,0,,Style de porte,Shaker,1,0,,Moulure,1 po,1,0,,Couleur,Blanc Pur,1,0,,U8-C90-27-27-12-36,Armoire murale de coin,Armoires de cuisine > Armoires murales > Coin 90 degres > Plafond 8 pi,,1,27,27,12,36,8 pi,Coin 90 degres,Blanc Pur,1 po,Shaker 1 po - Blanc Pur,Trousse Design p.9
variation,UC-C90-27-27-12-36-BP3,Armoire murale de coin Coin 90 degres - 27 x 27 x 12 x 36 po - Shaker 3 po - Blanc Pur,0,0,visible,"Armoire murale de coin Dilamco, dimensions 27 x 27 x 12 x 36 po. Finition Shaker disponible selon les variantes.","Module Dilamco armoire murale de coin (U8-C90-27-27-12-36), dimensions 27 x 27 x 12 x 36 po. Cabinet en contreplaqué avec fini intérieur en placage de bouleau. Porte HDF avec moulure en bouleau. Fini extérieur assorti à la porte selon la finition choisie. Prix, disponibilité, panneaux de finition, fillers et installation à confirmer avant publication.",,,taxable,1,,0,0,0,Armoires de cuisine > Armoires murales > Coin 90 degres,"Dilamco, armoires, Shaker, catalogue technique",,sku:U8-C90-27-27-12-36,2,Type de module,Armoire murale de coin,1,0,,Largeur,27,1,0,,Largeur B,27,1,0,,Profondeur,12,1,0,,Hauteur,36,1,0,,Hauteur de plafond,8 pi,1,0,,Type de coin,Coin 90 degres,1,0,,Style de porte,Shaker,1,0,,Moulure,3 po,1,0,,Couleur,Blanc Pur,1,0,,U8-C90-27-27-12-36,Armoire murale de coin,Armoires de cuisine > Armoires murales > Coin 90 degres > Plafond 8 pi,,1,27,27,12,36,8 pi,Coin 90 degres,Blanc Pur,3 po,Shaker 3 po - Blanc Pur,Trousse Design p.9
variable,UC-C90-30-30-12-36,Armoire murale de coin Coin 90 degres - 30 x 30 x 12 x 36 po,0,0,visible,"Armoire murale de coin Dilamco, dimensions 30 x 30 x 12 x 36 po. Finition Shaker disponible selon les variantes.","Module Dilamco armoire murale de coin (U8-C90-30-30-12-36), dimensions 30 x 30 x 12 x 36 po. Cabinet en contreplaqué avec fini intérieur en placage de bouleau. Porte HDF avec moulure en bouleau. Fini extérieur assorti à la porte selon la finition choisie. Prix, disponibilité, panneaux de finition, fillers et installation à confirmer avant publication.",,,taxable,1,,0,0,0,Armoires de cuisine > Armoires murales > Coin 90 degres,"Dilamco, armoires, Shaker, catalogue technique",,,0,Type de module,Armoire murale de coin,1,0,,Largeur,30,1,0,,Largeur B,30,1,0,,Profondeur,12,1,0,,Hauteur,36,1,0,,Hauteur de plafond,8 pi,1,0,,Type de coin,Coin 90 degres,1,0,,Style de porte,Shaker,1,0,Shaker,Moulure,1 po | 3 po,1,0,1 po,Couleur,Blanc Pur,1,0,Blanc Pur,U8-C90-30-30-12-36,Armoire murale de coin,Armoires de cuisine > Armoires murales > Coin 90 degres > Plafond 8 pi,,1,30,30,12,36,8 pi,Coin 90 degres,,,,Trousse Design p.9
variation,UC-C90-30-30-12-36-BP1,Armoire murale de coin Coin 90 degres - 30 x 30 x 12 x 36 po - Shaker 1 po - Blanc Pur,0,0,visible,"Armoire murale de coin Dilamco, dimensions 30 x 30 x 12 x 36 po. Finition Shaker disponible selon les variantes.","Module Dilamco armoire murale de coin (U8-C90-30-30-12-36), dimensions 30 x 30 x 12 x 36 po. Cabinet en contreplaqué avec fini intérieur en placage de bouleau. Porte HDF avec moulure en bouleau. Fini extérieur assorti à la porte selon la finition choisie. Prix, disponibilité, panneaux de finition, fillers et installation à confirmer avant publication.",,,taxable,1,,0,0,0,Armoires de cuisine > Armoires murales > Coin 90 degres,"Dilamco, armoires, Shaker, catalogue technique",,sku:U8-C90-30-30-12-36,1,Type de module,Armoire murale de coin,1,0,,Largeur,30,1,0,,Largeur B,30,1,0,,Profondeur,12,1,0,,Hauteur,36,1,0,,Hauteur de plafond,8 pi,1,0,,Type de coin,Coin 90 degres,1,0,,Style de porte,Shaker,1,0,,Moulure,1 po,1,0,,Couleur,Blanc Pur,1,0,,U8-C90-30-30-12-36,Armoire murale de coin,Armoires de cuisine > Armoires murales > Coin 90 degres > Plafond 8 pi,,1,30,30,12,36,8 pi,Coin 90 degres,Blanc Pur,1 po,Shaker 1 po - Blanc Pur,Trousse Design p.9
variation,UC-C90-30-30-12-36-BP3,Armoire murale de coin Coin 90 degres - 30 x 30 x 12 x 36 po - Shaker 3 po - Blanc Pur,0,0,visible,"Armoire murale de coin Dilamco, dimensions 30 x 30 x 12 x 36 po. Finition Shaker disponible selon les variantes.","Module Dilamco armoire murale de coin (U8-C90-30-30-12-36), dimensions 30 x 30 x 12 x 36 po. Cabinet en contreplaqué avec fini intérieur en placage de bouleau. Porte HDF avec moulure en bouleau. Fini extérieur assorti à la porte selon la finition choisie. Prix, disponibilité, panneaux de finition, fillers et installation à confirmer avant publication.",,,taxable,1,,0,0,0,Armoires de cuisine > Armoires murales > Coin 90 degres,"Dilamco, armoires, Shaker, catalogue technique",,sku:U8-C90-30-30-12-36,2,Type de module,Armoire murale de coin,1,0,,Largeur,30,1,0,,Largeur B,30,1,0,,Profondeur,12,1,0,,Hauteur,36,1,0,,Hauteur de plafond,8 pi,1,0,,Type de coin,Coin 90 degres,1,0,,Style de porte,Shaker,1,0,,Moulure,3 po,1,0,,Couleur,Blanc Pur,1,0,,U8-C90-30-30-12-36,Armoire murale de coin,Armoires de cuisine > Armoires murales > Coin 90 degres > Plafond 8 pi,,1,30,30,12,36,8 pi,Coin 90 degres,Blanc Pur,3 po,Shaker 3 po - Blanc Pur,Trousse Design p.9
variable,UC-C90-24-24-12-39,Armoire murale de coin Coin 90 degres - 24 x 24 x 12 x 39 po,0,0,visible,"Armoire murale de coin Dilamco, dimensions 24 x 24 x 12 x 39 po. Finition Shaker disponible selon les variantes.","Module Dilamco armoire murale de coin (U8-C90-24-24-12-39), dimensions 24 x 24 x 12 x 39 po. Cabinet en contreplaqué avec fini intérieur en placage de bouleau. Porte HDF avec moulure en bouleau. Fini extérieur assorti à la porte selon la finition choisie. Prix, disponibilité, panneaux de finition, fillers et installation à confirmer avant publication.",,,taxable,1,,0,0,0,Armoires de cuisine > Armoires murales > Coin 90 degres,"Dilamco, armoires, Shaker, catalogue technique",,,0,Type de module,Armoire murale de coin,1,0,,Largeur,24,1,0,,Largeur B,24,1,0,,Profondeur,12,1,0,,Hauteur,39,1,0,,Hauteur de plafond,8 pi,1,0,,Type de coin,Coin 90 degres,1,0,,Style de porte,Shaker,1,0,Shaker,Moulure,1 po | 3 po,1,0,1 po,Couleur,Blanc Pur,1,0,Blanc Pur,U8-C90-24-24-12-39,Armoire murale de coin,Armoires de cuisine > Armoires murales > Coin 90 degres > Plafond 8 pi,,1,24,24,12,39,8 pi,Coin 90 degres,,,,Trousse Design p.9
variation,UC-C90-24-24-12-39-BP1,Armoire murale de coin Coin 90 degres - 24 x 24 x 12 x 39 po - Shaker 1 po - Blanc Pur,0,0,visible,"Armoire murale de coin Dilamco, dimensions 24 x 24 x 12 x 39 po. Finition Shaker disponible selon les variantes.","Module Dilamco armoire murale de coin (U8-C90-24-24-12-39), dimensions 24 x 24 x 12 x 39 po. Cabinet en contreplaqué avec fini intérieur en placage de bouleau. Porte HDF avec moulure en bouleau. Fini extérieur assorti à la porte selon la finition choisie. Prix, disponibilité, panneaux de finition, fillers et installation à confirmer avant publication.",,,taxable,1,,0,0,0,Armoires de cuisine > Armoires murales > Coin 90 degres,"Dilamco, armoires, Shaker, catalogue technique",,sku:U8-C90-24-24-12-39,1,Type de module,Armoire murale de coin,1,0,,Largeur,24,1,0,,Largeur B,24,1,0,,Profondeur,12,1,0,,Hauteur,39,1,0,,Hauteur de plafond,8 pi,1,0,,Type de coin,Coin 90 degres,1,0,,Style de porte,Shaker,1,0,,Moulure,1 po,1,0,,Couleur,Blanc Pur,1,0,,U8-C90-24-24-12-39,Armoire murale de coin,Armoires de cuisine > Armoires murales > Coin 90 degres > Plafond 8 pi,,1,24,24,12,39,8 pi,Coin 90 degres,Blanc Pur,1 po,Shaker 1 po - Blanc Pur,Trousse Design p.9
variation,UC-C90-24-24-12-39-BP3,Armoire murale de coin Coin 90 degres - 24 x 24 x 12 x 39 po - Shaker 3 po - Blanc Pur,0,0,visible,"Armoire murale de coin Dilamco, dimensions 24 x 24 x 12 x 39 po. Finition Shaker disponible selon les variantes.","Module Dilamco armoire murale de coin (U8-C90-24-24-12-39), dimensions 24 x 24 x 12 x 39 po. Cabinet en contreplaqué avec fini intérieur en placage de bouleau. Porte HDF avec moulure en bouleau. Fini extérieur assorti à la porte selon la finition choisie. Prix, disponibilité, panneaux de finition, fillers et installation à confirmer avant publication.",,,taxable,1,,0,0,0,Armoires de cuisine > Armoires murales > Coin 90 degres,"Dilamco, armoires, Shaker, catalogue technique",,sku:U8-C90-24-24-12-39,2,Type de module,Armoire murale de coin,1,0,,Largeur,24,1,0,,Largeur B,24,1,0,,Profondeur,12,1,0,,Hauteur,39,1,0,,Hauteur de plafond,8 pi,1,0,,Type de coin,Coin 90 degres,1,0,,Style de porte,Shaker,1,0,,Moulure,3 po,1,0,,Couleur,Blanc Pur,1,0,,U8-C90-24-24-12-39,Armoire murale de coin,Armoires de cuisine > Armoires murales > Coin 90 degres > Plafond 8 pi,,1,24,24,12,39,8 pi,Coin 90 degres,Blanc Pur,3 po,Shaker 3 po - Blanc Pur,Trousse Design p.9
variable,UC-C90-27-27-12-39,Armoire murale de coin Coin 90 degres - 27 x 27 x 12 x 39 po,0,0,visible,"Armoire murale de coin Dilamco, dimensions 27 x 27 x 12 x 39 po. Finition Shaker disponible selon les variantes.","Module Dilamco armoire murale de coin (U8-C90-27-27-12-39), dimensions 27 x 27 x 12 x 39 po. Cabinet en contreplaqué avec fini intérieur en placage de bouleau. Porte HDF avec moulure en bouleau. Fini extérieur assorti à la porte selon la finition choisie. Prix, disponibilité, panneaux de finition, fillers et installation à confirmer avant publication.",,,taxable,1,,0,0,0,Armoires de cuisine > Armoires murales > Coin 90 degres,"Dilamco, armoires, Shaker, catalogue technique",,,0,Type de module,Armoire murale de coin,1,0,,Largeur,27,1,0,,Largeur B,27,1,0,,Profondeur,12,1,0,,Hauteur,39,1,0,,Hauteur de plafond,8 pi,1,0,,Type de coin,Coin 90 degres,1,0,,Style de porte,Shaker,1,0,Shaker,Moulure,1 po | 3 po,1,0,1 po,Couleur,Blanc Pur,1,0,Blanc Pur,U8-C90-27-27-12-39,Armoire murale de coin,Armoires de cuisine > Armoires murales > Coin 90 degres > Plafond 8 pi,,1,27,27,12,39,8 pi,Coin 90 degres,,,,Trousse Design p.9
variation,UC-C90-27-27-12-39-BP1,Armoire murale de coin Coin 90 degres - 27 x 27 x 12 x 39 po - Shaker 1 po - Blanc Pur,0,0,visible,"Armoire murale de coin Dilamco, dimensions 27 x 27 x 12 x 39 po. Finition Shaker disponible selon les variantes.","Module Dilamco armoire murale de coin (U8-C90-27-27-12-39), dimensions 27 x 27 x 12 x 39 po. Cabinet en contreplaqué avec fini intérieur en placage de bouleau. Porte HDF avec moulure en bouleau. Fini extérieur assorti à la porte selon la finition choisie. Prix, disponibilité, panneaux de finition, fillers et installation à confirmer avant publication.",,,taxable,1,,0,0,0,Armoires de cuisine > Armoires murales > Coin 90 degres,"Dilamco, armoires, Shaker, catalogue technique",,sku:U8-C90-27-27-12-39,1,Type de module,Armoire murale de coin,1,0,,Largeur,27,1,0,,Largeur B,27,1,0,,Profondeur,12,1,0,,Hauteur,39,1,0,,Hauteur de plafond,8 pi,1,0,,Type de coin,Coin 90 degres,1,0,,Style de porte,Shaker,1,0,,Moulure,1 po,1,0,,Couleur,Blanc Pur,1,0,,U8-C90-27-27-12-39,Armoire murale de coin,Armoires de cuisine > Armoires murales > Coin 90 degres > Plafond 8 pi,,1,27,27,12,39,8 pi,Coin 90 degres,Blanc Pur,1 po,Shaker 1 po - Blanc Pur,Trousse Design p.9
variation,UC-C90-27-27-12-39-BP3,Armoire murale de coin Coin 90 degres - 27 x 27 x 12 x 39 po - Shaker 3 po - Blanc Pur,0,0,visible,"Armoire murale de coin Dilamco, dimensions 27 x 27 x 12 x 39 po. Finition Shaker disponible selon les variantes.","Module Dilamco armoire murale de coin (U8-C90-27-27-12-39), dimensions 27 x 27 x 12 x 39 po. Cabinet en contreplaqué avec fini intérieur en placage de bouleau. Porte HDF avec moulure en bouleau. Fini extérieur assorti à la porte selon la finition choisie. Prix, disponibilité, panneaux de finition, fillers et installation à confirmer avant publication.",,,taxable,1,,0,0,0,Armoires de cuisine > Armoires murales > Coin 90 degres,"Dilamco, armoires, Shaker, catalogue technique",,sku:U8-C90-27-27-12-39,2,Type de module,Armoire murale de coin,1,0,,Largeur,27,1,0,,Largeur B,27,1,0,,Profondeur,12,1,0,,Hauteur,39,1,0,,Hauteur de plafond,8 pi,1,0,,Type de coin,Coin 90 degres,1,0,,Style de porte,Shaker,1,0,,Moulure,3 po,1,0,,Couleur,Blanc Pur,1,0,,U8-C90-27-27-12-39,Armoire murale de coin,Armoires de cuisine > Armoires murales > Coin 90 degres > Plafond 8 pi,,1,27,27,12,39,8 pi,Coin 90 degres,Blanc Pur,3 po,Shaker 3 po - Blanc Pur,Trousse Design p.9
variable,UC-C90-30-30-12-39,Armoire murale de coin Coin 90 degres - 30 x 30 x 12 x 39 po,0,0,visible,"Armoire murale de coin Dilamco, dimensions 30 x 30 x 12 x 39 po. Finition Shaker disponible selon les variantes.","Module Dilamco armoire murale de coin (U8-C90-30-30-12-39), dimensions 30 x 30 x 12 x 39 po. Cabinet en contreplaqué avec fini intérieur en placage de bouleau. Porte HDF avec moulure en bouleau. Fini extérieur assorti à la porte selon la finition choisie. Prix, disponibilité, panneaux de finition, fillers et installation à confirmer avant publication.",,,taxable,1,,0,0,0,Armoires de cuisine > Armoires murales > Coin 90 degres,"Dilamco, armoires, Shaker, catalogue technique",,,0,Type de module,Armoire murale de coin,1,0,,Largeur,30,1,0,,Largeur B,30,1,0,,Profondeur,12,1,0,,Hauteur,39,1,0,,Hauteur de plafond,8 pi,1,0,,Type de coin,Coin 90 degres,1,0,,Style de porte,Shaker,1,0,Shaker,Moulure,1 po | 3 po,1,0,1 po,Couleur,Blanc Pur,1,0,Blanc Pur,U8-C90-30-30-12-39,Armoire murale de coin,Armoires de cuisine > Armoires murales > Coin 90 degres > Plafond 8 pi,,1,30,30,12,39,8 pi,Coin 90 degres,,,,Trousse Design p.9
variation,UC-C90-30-30-12-39-BP1,Armoire murale de coin Coin 90 degres - 30 x 30 x 12 x 39 po - Shaker 1 po - Blanc Pur,0,0,visible,"Armoire murale de coin Dilamco, dimensions 30 x 30 x 12 x 39 po. Finition Shaker disponible selon les variantes.","Module Dilamco armoire murale de coin (U8-C90-30-30-12-39), dimensions 30 x 30 x 12 x 39 po. Cabinet en contreplaqué avec fini intérieur en placage de bouleau. Porte HDF avec moulure en bouleau. Fini extérieur assorti à la porte selon la finition choisie. Prix, disponibilité, panneaux de finition, fillers et installation à confirmer avant publication.",,,taxable,1,,0,0,0,Armoires de cuisine > Armoires murales > Coin 90 degres,"Dilamco, armoires, Shaker, catalogue technique",,sku:U8-C90-30-30-12-39,1,Type de module,Armoire murale de coin,1,0,,Largeur,30,1,0,,Largeur B,30,1,0,,Profondeur,12,1,0,,Hauteur,39,1,0,,Hauteur de plafond,8 pi,1,0,,Type de coin,Coin 90 degres,1,0,,Style de porte,Shaker,1,0,,Moulure,1 po,1,0,,Couleur,Blanc Pur,1,0,,U8-C90-30-30-12-39,Armoire murale de coin,Armoires de cuisine > Armoires murales > Coin 90 degres > Plafond 8 pi,,1,30,30,12,39,8 pi,Coin 90 degres,Blanc Pur,1 po,Shaker 1 po - Blanc Pur,Trousse Design p.9
variation,UC-C90-30-30-12-39-BP3,Armoire murale de coin Coin 90 degres - 30 x 30 x 12 x 39 po - Shaker 3 po - Blanc Pur,0,0,visible,"Armoire murale de coin Dilamco, dimensions 30 x 30 x 12 x 39 po. Finition Shaker disponible selon les variantes.","Module Dilamco armoire murale de coin (U8-C90-30-30-12-39), dimensions 30 x 30 x 12 x 39 po. Cabinet en contreplaqué avec fini intérieur en placage de bouleau. Porte HDF avec moulure en bouleau. Fini extérieur assorti à la porte selon la finition choisie. Prix, disponibilité, panneaux de finition, fillers et installation à confirmer avant publication.",,,taxable,1,,0,0,0,Armoires de cuisine > Armoires murales > Coin 90 degres,"Dilamco, armoires, Shaker, catalogue technique",,sku:U8-C90-30-30-12-39,2,Type de module,Armoire murale de coin,1,0,,Largeur,30,1,0,,Largeur B,30,1,0,,Profondeur,12,1,0,,Hauteur,39,1,0,,Hauteur de plafond,8 pi,1,0,,Type de coin,Coin 90 degres,1,0,,Style de porte,Shaker,1,0,,Moulure,3 po,1,0,,Couleur,Blanc Pur,1,0,,U8-C90-30-30-12-39,Armoire murale de coin,Armoires de cuisine > Armoires murales > Coin 90 degres > Plafond 8 pi,,1,30,30,12,39,8 pi,Coin 90 degres,Blanc Pur,3 po,Shaker 3 po - Blanc Pur,Trousse Design p.9
variable,UC-C90-24-24-12-42,Armoire murale de coin Coin 90 degres - 24 x 24 x 12 x 42 po,0,0,visible,"Armoire murale de coin Dilamco, dimensions 24 x 24 x 12 x 42 po. Finition Shaker disponible selon les variantes.","Module Dilamco armoire murale de coin (U8-C90-24-24-12-42), dimensions 24 x 24 x 12 x 42 po. Cabinet en contreplaqué avec fini intérieur en placage de bouleau. Porte HDF avec moulure en bouleau. Fini extérieur assorti à la porte selon la finition choisie. Prix, disponibilité, panneaux de finition, fillers et installation à confirmer avant publication.",,,taxable,1,,0,0,0,Armoires de cuisine > Armoires murales > Coin 90 degres,"Dilamco, armoires, Shaker, catalogue technique",,,0,Type de module,Armoire murale de coin,1,0,,Largeur,24,1,0,,Largeur B,24,1,0,,Profondeur,12,1,0,,Hauteur,42,1,0,,Hauteur de plafond,8 pi,1,0,,Type de coin,Coin 90 degres,1,0,,Style de porte,Shaker,1,0,Shaker,Moulure,1 po | 3 po,1,0,1 po,Couleur,Blanc Pur,1,0,Blanc Pur,U8-C90-24-24-12-42,Armoire murale de coin,Armoires de cuisine > Armoires murales > Coin 90 degres > Plafond 8 pi,,1,24,24,12,42,8 pi,Coin 90 degres,,,,Trousse Design p.9
variation,UC-C90-24-24-12-42-BP1,Armoire murale de coin Coin 90 degres - 24 x 24 x 12 x 42 po - Shaker 1 po - Blanc Pur,0,0,visible,"Armoire murale de coin Dilamco, dimensions 24 x 24 x 12 x 42 po. Finition Shaker disponible selon les variantes.","Module Dilamco armoire murale de coin (U8-C90-24-24-12-42), dimensions 24 x 24 x 12 x 42 po. Cabinet en contreplaqué avec fini intérieur en placage de bouleau. Porte HDF avec moulure en bouleau. Fini extérieur assorti à la porte selon la finition choisie. Prix, disponibilité, panneaux de finition, fillers et installation à confirmer avant publication.",,,taxable,1,,0,0,0,Armoires de cuisine > Armoires murales > Coin 90 degres,"Dilamco, armoires, Shaker, catalogue technique",,sku:U8-C90-24-24-12-42,1,Type de module,Armoire murale de coin,1,0,,Largeur,24,1,0,,Largeur B,24,1,0,,Profondeur,12,1,0,,Hauteur,42,1,0,,Hauteur de plafond,8 pi,1,0,,Type de coin,Coin 90 degres,1,0,,Style de porte,Shaker,1,0,,Moulure,1 po,1,0,,Couleur,Blanc Pur,1,0,,U8-C90-24-24-12-42,Armoire murale de coin,Armoires de cuisine > Armoires murales > Coin 90 degres > Plafond 8 pi,,1,24,24,12,42,8 pi,Coin 90 degres,Blanc Pur,1 po,Shaker 1 po - Blanc Pur,Trousse Design p.9
variation,UC-C90-24-24-12-42-BP3,Armoire murale de coin Coin 90 degres - 24 x 24 x 12 x 42 po - Shaker 3 po - Blanc Pur,0,0,visible,"Armoire murale de coin Dilamco, dimensions 24 x 24 x 12 x 42 po. Finition Shaker disponible selon les variantes.","Module Dilamco armoire murale de coin (U8-C90-24-24-12-42), dimensions 24 x 24 x 12 x 42 po. Cabinet en contreplaqué avec fini intérieur en placage de bouleau. Porte HDF avec moulure en bouleau. Fini extérieur assorti à la porte selon la finition choisie. Prix, disponibilité, panneaux de finition, fillers et installation à confirmer avant publication.",,,taxable,1,,0,0,0,Armoires de cuisine > Armoires murales > Coin 90 degres,"Dilamco, armoires, Shaker, catalogue technique",,sku:U8-C90-24-24-12-42,2,Type de module,Armoire murale de coin,1,0,,Largeur,24,1,0,,Largeur B,24,1,0,,Profondeur,12,1,0,,Hauteur,42,1,0,,Hauteur de plafond,8 pi,1,0,,Type de coin,Coin 90 degres,1,0,,Style de porte,Shaker,1,0,,Moulure,3 po,1,0,,Couleur,Blanc Pur,1,0,,U8-C90-24-24-12-42,Armoire murale de coin,Armoires de cuisine > Armoires murales > Coin 90 degres > Plafond 8 pi,,1,24,24,12,42,8 pi,Coin 90 degres,Blanc Pur,3 po,Shaker 3 po - Blanc Pur,Trousse Design p.9
variable,UC-C90-27-27-12-42,Armoire murale de coin Coin 90 degres - 27 x 27 x 12 x 42 po,0,0,visible,"Armoire murale de coin Dilamco, dimensions 27 x 27 x 12 x 42 po. Finition Shaker disponible selon les variantes.","Module Dilamco armoire murale de coin (U8-C90-27-27-12-42), dimensions 27 x 27 x 12 x 42 po. Cabinet en contreplaqué avec fini intérieur en placage de bouleau. Porte HDF avec moulure en bouleau. Fini extérieur assorti à la porte selon la finition choisie. Prix, disponibilité, panneaux de finition, fillers et installation à confirmer avant publication.",,,taxable,1,,0,0,0,Armoires de cuisine > Armoires murales > Coin 90 degres,"Dilamco, armoires, Shaker, catalogue technique",,,0,Type de module,Armoire murale de coin,1,0,,Largeur,27,1,0,,Largeur B,27,1,0,,Profondeur,12,1,0,,Hauteur,42,1,0,,Hauteur de plafond,8 pi,1,0,,Type de coin,Coin 90 degres,1,0,,Style de porte,Shaker,1,0,Shaker,Moulure,1 po | 3 po,1,0,1 po,Couleur,Blanc Pur,1,0,Blanc Pur,U8-C90-27-27-12-42,Armoire murale de coin,Armoires de cuisine > Armoires murales > Coin 90 degres > Plafond 8 pi,,1,27,27,12,42,8 pi,Coin 90 degres,,,,Trousse Design p.9
variation,UC-C90-27-27-12-42-BP1,Armoire murale de coin Coin 90 degres - 27 x 27 x 12 x 42 po - Shaker 1 po - Blanc Pur,0,0,visible,"Armoire murale de coin Dilamco, dimensions 27 x 27 x 12 x 42 po. Finition Shaker disponible selon les variantes.","Module Dilamco armoire murale de coin (U8-C90-27-27-12-42), dimensions 27 x 27 x 12 x 42 po. Cabinet en contreplaqué avec fini intérieur en placage de bouleau. Porte HDF avec moulure en bouleau. Fini extérieur assorti à la porte selon la finition choisie. Prix, disponibilité, panneaux de finition, fillers et installation à confirmer avant publication.",,,taxable,1,,0,0,0,Armoires de cuisine > Armoires murales > Coin 90 degres,"Dilamco, armoires, Shaker, catalogue technique",,sku:U8-C90-27-27-12-42,1,Type de module,Armoire murale de coin,1,0,,Largeur,27,1,0,,Largeur B,27,1,0,,Profondeur,12,1,0,,Hauteur,42,1,0,,Hauteur de plafond,8 pi,1,0,,Type de coin,Coin 90 degres,1,0,,Style de porte,Shaker,1,0,,Moulure,1 po,1,0,,Couleur,Blanc Pur,1,0,,U8-C90-27-27-12-42,Armoire murale de coin,Armoires de cuisine > Armoires murales > Coin 90 degres > Plafond 8 pi,,1,27,27,12,42,8 pi,Coin 90 degres,Blanc Pur,1 po,Shaker 1 po - Blanc Pur,Trousse Design p.9
variation,UC-C90-27-27-12-42-BP3,Armoire murale de coin Coin 90 degres - 27 x 27 x 12 x 42 po - Shaker 3 po - Blanc Pur,0,0,visible,"Armoire murale de coin Dilamco, dimensions 27 x 27 x 12 x 42 po. Finition Shaker disponible selon les variantes.","Module Dilamco armoire murale de coin (U8-C90-27-27-12-42), dimensions 27 x 27 x 12 x 42 po. Cabinet en contreplaqué avec fini intérieur en placage de bouleau. Porte HDF avec moulure en bouleau. Fini extérieur assorti à la porte selon la finition choisie. Prix, disponibilité, panneaux de finition, fillers et installation à confirmer avant publication.",,,taxable,1,,0,0,0,Armoires de cuisine > Armoires murales > Coin 90 degres,"Dilamco, armoires, Shaker, catalogue technique",,sku:U8-C90-27-27-12-42,2,Type de module,Armoire murale de coin,1,0,,Largeur,27,1,0,,Largeur B,27,1,0,,Profondeur,12,1,0,,Hauteur,42,1,0,,Hauteur de plafond,8 pi,1,0,,Type de coin,Coin 90 degres,1,0,,Style de porte,Shaker,1,0,,Moulure,3 po,1,0,,Couleur,Blanc Pur,1,0,,U8-C90-27-27-12-42,Armoire murale de coin,Armoires de cuisine > Armoires murales > Coin 90 degres > Plafond 8 pi,,1,27,27,12,42,8 pi,Coin 90 degres,Blanc Pur,3 po,Shaker 3 po - Blanc Pur,Trousse Design p.9
variable,UC-C90-30-30-12-42,Armoire murale de coin Coin 90 degres - 30 x 30 x 12 x 42 po,0,0,visible,"Armoire murale de coin Dilamco, dimensions 30 x 30 x 12 x 42 po. Finition Shaker disponible selon les variantes.","Module Dilamco armoire murale de coin (U8-C90-30-30-12-42), dimensions 30 x 30 x 12 x 42 po. Cabinet en contreplaqué avec fini intérieur en placage de bouleau. Porte HDF avec moulure en bouleau. Fini extérieur assorti à la porte selon la finition choisie. Prix, disponibilité, panneaux de finition, fillers et installation à confirmer avant publication.",,,taxable,1,,0,0,0,Armoires de cuisine > Armoires murales > Coin 90 degres,"Dilamco, armoires, Shaker, catalogue technique",,,0,Type de module,Armoire murale de coin,1,0,,Largeur,30,1,0,,Largeur B,30,1,0,,Profondeur,12,1,0,,Hauteur,42,1,0,,Hauteur de plafond,8 pi,1,0,,Type de coin,Coin 90 degres,1,0,,Style de porte,Shaker,1,0,Shaker,Moulure,1 po | 3 po,1,0,1 po,Couleur,Blanc Pur,1,0,Blanc Pur,U8-C90-30-30-12-42,Armoire murale de coin,Armoires de cuisine > Armoires murales > Coin 90 degres > Plafond 8 pi,,1,30,30,12,42,8 pi,Coin 90 degres,,,,Trousse Design p.9
variation,UC-C90-30-30-12-42-BP1,Armoire murale de coin Coin 90 degres - 30 x 30 x 12 x 42 po - Shaker 1 po - Blanc Pur,0,0,visible,"Armoire murale de coin Dilamco, dimensions 30 x 30 x 12 x 42 po. Finition Shaker disponible selon les variantes.","Module Dilamco armoire murale de coin (U8-C90-30-30-12-42), dimensions 30 x 30 x 12 x 42 po. Cabinet en contreplaqué avec fini intérieur en placage de bouleau. Porte HDF avec moulure en bouleau. Fini extérieur assorti à la porte selon la finition choisie. Prix, disponibilité, panneaux de finition, fillers et installation à confirmer avant publication.",,,taxable,1,,0,0,0,Armoires de cuisine > Armoires murales > Coin 90 degres,"Dilamco, armoires, Shaker, catalogue technique",,sku:U8-C90-30-30-12-42,1,Type de module,Armoire murale de coin,1,0,,Largeur,30,1,0,,Largeur B,30,1,0,,Profondeur,12,1,0,,Hauteur,42,1,0,,Hauteur de plafond,8 pi,1,0,,Type de coin,Coin 90 degres,1,0,,Style de porte,Shaker,1,0,,Moulure,1 po,1,0,,Couleur,Blanc Pur,1,0,,U8-C90-30-30-12-42,Armoire murale de coin,Armoires de cuisine > Armoires murales > Coin 90 degres > Plafond 8 pi,,1,30,30,12,42,8 pi,Coin 90 degres,Blanc Pur,1 po,Shaker 1 po - Blanc Pur,Trousse Design p.9
variation,UC-C90-30-30-12-42-BP3,Armoire murale de coin Coin 90 degres - 30 x 30 x 12 x 42 po - Shaker 3 po - Blanc Pur,0,0,visible,"Armoire murale de coin Dilamco, dimensions 30 x 30 x 12 x 42 po. Finition Shaker disponible selon les variantes.","Module Dilamco armoire murale de coin (U8-C90-30-30-12-42), dimensions 30 x 30 x 12 x 42 po. Cabinet en contreplaqué avec fini intérieur en placage de bouleau. Porte HDF avec moulure en bouleau. Fini extérieur assorti à la porte selon la finition choisie. Prix, disponibilité, panneaux de finition, fillers et installation à confirmer avant publication.",,,taxable,1,,0,0,0,Armoires de cuisine > Armoires murales > Coin 90 degres,"Dilamco, armoires, Shaker, catalogue technique",,sku:U8-C90-30-30-12-42,2,Type de module,Armoire murale de coin,1,0,,Largeur,30,1,0,,Largeur B,30,1,0,,Profondeur,12,1,0,,Hauteur,42,1,0,,Hauteur de plafond,8 pi,1,0,,Type de coin,Coin 90 degres,1,0,,Style de porte,Shaker,1,0,,Moulure,3 po,1,0,,Couleur,Blanc Pur,1,0,,U8-C90-30-30-12-42,Armoire murale de coin,Armoires de cuisine > Armoires murales > Coin 90 degres > Plafond 8 pi,,1,30,30,12,42,8 pi,Coin 90 degres,Blanc Pur,3 po,Shaker 3 po - Blanc Pur,Trousse Design p.9
variable,UC-C45-24-24-12-30,Armoire murale de coin Coin 45 degres - 24 x 24 x 12 x 30 po,0,0,visible,"Armoire murale de coin Dilamco, dimensions 24 x 24 x 12 x 30 po. Finition Shaker disponible selon les variantes.","Module Dilamco armoire murale de coin (U8-C45-24-24-12-30), dimensions 24 x 24 x 12 x 30 po. Cabinet en contreplaqué avec fini intérieur en placage de bouleau. Porte HDF avec moulure en bouleau. Fini extérieur assorti à la porte selon la finition choisie. Prix, disponibilité, panneaux de finition, fillers et installation à confirmer avant publication.",,,taxable,1,,0,0,0,Armoires de cuisine > Armoires murales > Coin 45 degres,"Dilamco, armoires, Shaker, catalogue technique",,,0,Type de module,Armoire murale de coin,1,0,,Largeur,24,1,0,,Largeur B,24,1,0,,Profondeur,12,1,0,,Hauteur,30,1,0,,Hauteur de plafond,8 pi,1,0,,Type de coin,Coin 45 degres,1,0,,Style de porte,Shaker,1,0,Shaker,Moulure,1 po | 3 po,1,0,1 po,Couleur,Blanc Pur,1,0,Blanc Pur,U8-C45-24-24-12-30,Armoire murale de coin,Armoires de cuisine > Armoires murales > Coin 45 degres > Plafond 8 pi,,1,24,24,12,30,8 pi,Coin 45 degres,,,,Trousse Design p.10
variation,UC-C45-24-24-12-30-BP1,Armoire murale de coin Coin 45 degres - 24 x 24 x 12 x 30 po - Shaker 1 po - Blanc Pur,0,0,visible,"Armoire murale de coin Dilamco, dimensions 24 x 24 x 12 x 30 po. Finition Shaker disponible selon les variantes.","Module Dilamco armoire murale de coin (U8-C45-24-24-12-30), dimensions 24 x 24 x 12 x 30 po. Cabinet en contreplaqué avec fini intérieur en placage de bouleau. Porte HDF avec moulure en bouleau. Fini extérieur assorti à la porte selon la finition choisie. Prix, disponibilité, panneaux de finition, fillers et installation à confirmer avant publication.",,,taxable,1,,0,0,0,Armoires de cuisine > Armoires murales > Coin 45 degres,"Dilamco, armoires, Shaker, catalogue technique",,sku:U8-C45-24-24-12-30,1,Type de module,Armoire murale de coin,1,0,,Largeur,24,1,0,,Largeur B,24,1,0,,Profondeur,12,1,0,,Hauteur,30,1,0,,Hauteur de plafond,8 pi,1,0,,Type de coin,Coin 45 degres,1,0,,Style de porte,Shaker,1,0,,Moulure,1 po,1,0,,Couleur,Blanc Pur,1,0,,U8-C45-24-24-12-30,Armoire murale de coin,Armoires de cuisine > Armoires murales > Coin 45 degres > Plafond 8 pi,,1,24,24,12,30,8 pi,Coin 45 degres,Blanc Pur,1 po,Shaker 1 po - Blanc Pur,Trousse Design p.10
variation,UC-C45-24-24-12-30-BP3,Armoire murale de coin Coin 45 degres - 24 x 24 x 12 x 30 po - Shaker 3 po - Blanc Pur,0,0,visible,"Armoire murale de coin Dilamco, dimensions 24 x 24 x 12 x 30 po. Finition Shaker disponible selon les variantes.","Module Dilamco armoire murale de coin (U8-C45-24-24-12-30), dimensions 24 x 24 x 12 x 30 po. Cabinet en contreplaqué avec fini intérieur en placage de bouleau. Porte HDF avec moulure en bouleau. Fini extérieur assorti à la porte selon la finition choisie. Prix, disponibilité, panneaux de finition, fillers et installation à confirmer avant publication.",,,taxable,1,,0,0,0,Armoires de cuisine > Armoires murales > Coin 45 degres,"Dilamco, armoires, Shaker, catalogue technique",,sku:U8-C45-24-24-12-30,2,Type de module,Armoire murale de coin,1,0,,Largeur,24,1,0,,Largeur B,24,1,0,,Profondeur,12,1,0,,Hauteur,30,1,0,,Hauteur de plafond,8 pi,1,0,,Type de coin,Coin 45 degres,1,0,,Style de porte,Shaker,1,0,,Moulure,3 po,1,0,,Couleur,Blanc Pur,1,0,,U8-C45-24-24-12-30,Armoire murale de coin,Armoires de cuisine > Armoires murales > Coin 45 degres > Plafond 8 pi,,1,24,24,12,30,8 pi,Coin 45 degres,Blanc Pur,3 po,Shaker 3 po - Blanc Pur,Trousse Design p.10
variable,UC-C45-27-27-12-30,Armoire murale de coin Coin 45 degres - 27 x 27 x 12 x 30 po,0,0,visible,"Armoire murale de coin Dilamco, dimensions 27 x 27 x 12 x 30 po. Finition Shaker disponible selon les variantes.","Module Dilamco armoire murale de coin (U8-C45-27-27-12-30), dimensions 27 x 27 x 12 x 30 po. Cabinet en contreplaqué avec fini intérieur en placage de bouleau. Porte HDF avec moulure en bouleau. Fini extérieur assorti à la porte selon la finition choisie. Prix, disponibilité, panneaux de finition, fillers et installation à confirmer avant publication.",,,taxable,1,,0,0,0,Armoires de cuisine > Armoires murales > Coin 45 degres,"Dilamco, armoires, Shaker, catalogue technique",,,0,Type de module,Armoire murale de coin,1,0,,Largeur,27,1,0,,Largeur B,27,1,0,,Profondeur,12,1,0,,Hauteur,30,1,0,,Hauteur de plafond,8 pi,1,0,,Type de coin,Coin 45 degres,1,0,,Style de porte,Shaker,1,0,Shaker,Moulure,1 po | 3 po,1,0,1 po,Couleur,Blanc Pur,1,0,Blanc Pur,U8-C45-27-27-12-30,Armoire murale de coin,Armoires de cuisine > Armoires murales > Coin 45 degres > Plafond 8 pi,,1,27,27,12,30,8 pi,Coin 45 degres,,,,Trousse Design p.10
variation,UC-C45-27-27-12-30-BP1,Armoire murale de coin Coin 45 degres - 27 x 27 x 12 x 30 po - Shaker 1 po - Blanc Pur,0,0,visible,"Armoire murale de coin Dilamco, dimensions 27 x 27 x 12 x 30 po. Finition Shaker disponible selon les variantes.","Module Dilamco armoire murale de coin (U8-C45-27-27-12-30), dimensions 27 x 27 x 12 x 30 po. Cabinet en contreplaqué avec fini intérieur en placage de bouleau. Porte HDF avec moulure en bouleau. Fini extérieur assorti à la porte selon la finition choisie. Prix, disponibilité, panneaux de finition, fillers et installation à confirmer avant publication.",,,taxable,1,,0,0,0,Armoires de cuisine > Armoires murales > Coin 45 degres,"Dilamco, armoires, Shaker, catalogue technique",,sku:U8-C45-27-27-12-30,1,Type de module,Armoire murale de coin,1,0,,Largeur,27,1,0,,Largeur B,27,1,0,,Profondeur,12,1,0,,Hauteur,30,1,0,,Hauteur de plafond,8 pi,1,0,,Type de coin,Coin 45 degres,1,0,,Style de porte,Shaker,1,0,,Moulure,1 po,1,0,,Couleur,Blanc Pur,1,0,,U8-C45-27-27-12-30,Armoire murale de coin,Armoires de cuisine > Armoires murales > Coin 45 degres > Plafond 8 pi,,1,27,27,12,30,8 pi,Coin 45 degres,Blanc Pur,1 po,Shaker 1 po - Blanc Pur,Trousse Design p.10
variation,UC-C45-27-27-12-30-BP3,Armoire murale de coin Coin 45 degres - 27 x 27 x 12 x 30 po - Shaker 3 po - Blanc Pur,0,0,visible,"Armoire murale de coin Dilamco, dimensions 27 x 27 x 12 x 30 po. Finition Shaker disponible selon les variantes.","Module Dilamco armoire murale de coin (U8-C45-27-27-12-30), dimensions 27 x 27 x 12 x 30 po. Cabinet en contreplaqué avec fini intérieur en placage de bouleau. Porte HDF avec moulure en bouleau. Fini extérieur assorti à la porte selon la finition choisie. Prix, disponibilité, panneaux de finition, fillers et installation à confirmer avant publication.",,,taxable,1,,0,0,0,Armoires de cuisine > Armoires murales > Coin 45 degres,"Dilamco, armoires, Shaker, catalogue technique",,sku:U8-C45-27-27-12-30,2,Type de module,Armoire murale de coin,1,0,,Largeur,27,1,0,,Largeur B,27,1,0,,Profondeur,12,1,0,,Hauteur,30,1,0,,Hauteur de plafond,8 pi,1,0,,Type de coin,Coin 45 degres,1,0,,Style de porte,Shaker,1,0,,Moulure,3 po,1,0,,Couleur,Blanc Pur,1,0,,U8-C45-27-27-12-30,Armoire murale de coin,Armoires de cuisine > Armoires murales > Coin 45 degres > Plafond 8 pi,,1,27,27,12,30,8 pi,Coin 45 degres,Blanc Pur,3 po,Shaker 3 po - Blanc Pur,Trousse Design p.10
variable,UC-C45-30-30-12-30,Armoire murale de coin Coin 45 degres - 30 x 30 x 12 x 30 po,0,0,visible,"Armoire murale de coin Dilamco, dimensions 30 x 30 x 12 x 30 po. Finition Shaker disponible selon les variantes.","Module Dilamco armoire murale de coin (U8-C45-30-30-12-30), dimensions 30 x 30 x 12 x 30 po. Cabinet en contreplaqué avec fini intérieur en placage de bouleau. Porte HDF avec moulure en bouleau. Fini extérieur assorti à la porte selon la finition choisie. Prix, disponibilité, panneaux de finition, fillers et installation à confirmer avant publication.",,,taxable,1,,0,0,0,Armoires de cuisine > Armoires murales > Coin 45 degres,"Dilamco, armoires, Shaker, catalogue technique",,,0,Type de module,Armoire murale de coin,1,0,,Largeur,30,1,0,,Largeur B,30,1,0,,Profondeur,12,1,0,,Hauteur,30,1,0,,Hauteur de plafond,8 pi,1,0,,Type de coin,Coin 45 degres,1,0,,Style de porte,Shaker,1,0,Shaker,Moulure,1 po | 3 po,1,0,1 po,Couleur,Blanc Pur,1,0,Blanc Pur,U8-C45-30-30-12-30,Armoire murale de coin,Armoires de cuisine > Armoires murales > Coin 45 degres > Plafond 8 pi,,1,30,30,12,30,8 pi,Coin 45 degres,,,,Trousse Design p.10
variation,UC-C45-30-30-12-30-BP1,Armoire murale de coin Coin 45 degres - 30 x 30 x 12 x 30 po - Shaker 1 po - Blanc Pur,0,0,visible,"Armoire murale de coin Dilamco, dimensions 30 x 30 x 12 x 30 po. Finition Shaker disponible selon les variantes.","Module Dilamco armoire murale de coin (U8-C45-30-30-12-30), dimensions 30 x 30 x 12 x 30 po. Cabinet en contreplaqué avec fini intérieur en placage de bouleau. Porte HDF avec moulure en bouleau. Fini extérieur assorti à la porte selon la finition choisie. Prix, disponibilité, panneaux de finition, fillers et installation à confirmer avant publication.",,,taxable,1,,0,0,0,Armoires de cuisine > Armoires murales > Coin 45 degres,"Dilamco, armoires, Shaker, catalogue technique",,sku:U8-C45-30-30-12-30,1,Type de module,Armoire murale de coin,1,0,,Largeur,30,1,0,,Largeur B,30,1,0,,Profondeur,12,1,0,,Hauteur,30,1,0,,Hauteur de plafond,8 pi,1,0,,Type de coin,Coin 45 degres,1,0,,Style de porte,Shaker,1,0,,Moulure,1 po,1,0,,Couleur,Blanc Pur,1,0,,U8-C45-30-30-12-30,Armoire murale de coin,Armoires de cuisine > Armoires murales > Coin 45 degres > Plafond 8 pi,,1,30,30,12,30,8 pi,Coin 45 degres,Blanc Pur,1 po,Shaker 1 po - Blanc Pur,Trousse Design p.10
variation,UC-C45-30-30-12-30-BP3,Armoire murale de coin Coin 45 degres - 30 x 30 x 12 x 30 po - Shaker 3 po - Blanc Pur,0,0,visible,"Armoire murale de coin Dilamco, dimensions 30 x 30 x 12 x 30 po. Finition Shaker disponible selon les variantes.","Module Dilamco armoire murale de coin (U8-C45-30-30-12-30), dimensions 30 x 30 x 12 x 30 po. Cabinet en contreplaqué avec fini intérieur en placage de bouleau. Porte HDF avec moulure en bouleau. Fini extérieur assorti à la porte selon la finition choisie. Prix, disponibilité, panneaux de finition, fillers et installation à confirmer avant publication.",,,taxable,1,,0,0,0,Armoires de cuisine > Armoires murales > Coin 45 degres,"Dilamco, armoires, Shaker, catalogue technique",,sku:U8-C45-30-30-12-30,2,Type de module,Armoire murale de coin,1,0,,Largeur,30,1,0,,Largeur B,30,1,0,,Profondeur,12,1,0,,Hauteur,30,1,0,,Hauteur de plafond,8 pi,1,0,,Type de coin,Coin 45 degres,1,0,,Style de porte,Shaker,1,0,,Moulure,3 po,1,0,,Couleur,Blanc Pur,1,0,,U8-C45-30-30-12-30,Armoire murale de coin,Armoires de cuisine > Armoires murales > Coin 45 degres > Plafond 8 pi,,1,30,30,12,30,8 pi,Coin 45 degres,Blanc Pur,3 po,Shaker 3 po - Blanc Pur,Trousse Design p.10
variable,UC-C45-24-24-12-36,Armoire murale de coin Coin 45 degres - 24 x 24 x 12 x 36 po,0,0,visible,"Armoire murale de coin Dilamco, dimensions 24 x 24 x 12 x 36 po. Finition Shaker disponible selon les variantes.","Module Dilamco armoire murale de coin (U8-C45-24-24-12-36), dimensions 24 x 24 x 12 x 36 po. Cabinet en contreplaqué avec fini intérieur en placage de bouleau. Porte HDF avec moulure en bouleau. Fini extérieur assorti à la porte selon la finition choisie. Prix, disponibilité, panneaux de finition, fillers et installation à confirmer avant publication.",,,taxable,1,,0,0,0,Armoires de cuisine > Armoires murales > Coin 45 degres,"Dilamco, armoires, Shaker, catalogue technique",,,0,Type de module,Armoire murale de coin,1,0,,Largeur,24,1,0,,Largeur B,24,1,0,,Profondeur,12,1,0,,Hauteur,36,1,0,,Hauteur de plafond,8 pi,1,0,,Type de coin,Coin 45 degres,1,0,,Style de porte,Shaker,1,0,Shaker,Moulure,1 po | 3 po,1,0,1 po,Couleur,Blanc Pur,1,0,Blanc Pur,U8-C45-24-24-12-36,Armoire murale de coin,Armoires de cuisine > Armoires murales > Coin 45 degres > Plafond 8 pi,,1,24,24,12,36,8 pi,Coin 45 degres,,,,Trousse Design p.10
variation,UC-C45-24-24-12-36-BP1,Armoire murale de coin Coin 45 degres - 24 x 24 x 12 x 36 po - Shaker 1 po - Blanc Pur,0,0,visible,"Armoire murale de coin Dilamco, dimensions 24 x 24 x 12 x 36 po. Finition Shaker disponible selon les variantes.","Module Dilamco armoire murale de coin (U8-C45-24-24-12-36), dimensions 24 x 24 x 12 x 36 po. Cabinet en contreplaqué avec fini intérieur en placage de bouleau. Porte HDF avec moulure en bouleau. Fini extérieur assorti à la porte selon la finition choisie. Prix, disponibilité, panneaux de finition, fillers et installation à confirmer avant publication.",,,taxable,1,,0,0,0,Armoires de cuisine > Armoires murales > Coin 45 degres,"Dilamco, armoires, Shaker, catalogue technique",,sku:U8-C45-24-24-12-36,1,Type de module,Armoire murale de coin,1,0,,Largeur,24,1,0,,Largeur B,24,1,0,,Profondeur,12,1,0,,Hauteur,36,1,0,,Hauteur de plafond,8 pi,1,0,,Type de coin,Coin 45 degres,1,0,,Style de porte,Shaker,1,0,,Moulure,1 po,1,0,,Couleur,Blanc Pur,1,0,,U8-C45-24-24-12-36,Armoire murale de coin,Armoires de cuisine > Armoires murales > Coin 45 degres > Plafond 8 pi,,1,24,24,12,36,8 pi,Coin 45 degres,Blanc Pur,1 po,Shaker 1 po - Blanc Pur,Trousse Design p.10
variation,UC-C45-24-24-12-36-BP3,Armoire murale de coin Coin 45 degres - 24 x 24 x 12 x 36 po - Shaker 3 po - Blanc Pur,0,0,visible,"Armoire murale de coin Dilamco, dimensions 24 x 24 x 12 x 36 po. Finition Shaker disponible selon les variantes.","Module Dilamco armoire murale de coin (U8-C45-24-24-12-36), dimensions 24 x 24 x 12 x 36 po. Cabinet en contreplaqué avec fini intérieur en placage de bouleau. Porte HDF avec moulure en bouleau. Fini extérieur assorti à la porte selon la finition choisie. Prix, disponibilité, panneaux de finition, fillers et installation à confirmer avant publication.",,,taxable,1,,0,0,0,Armoires de cuisine > Armoires murales > Coin 45 degres,"Dilamco, armoires, Shaker, catalogue technique",,sku:U8-C45-24-24-12-36,2,Type de module,Armoire murale de coin,1,0,,Largeur,24,1,0,,Largeur B,24,1,0,,Profondeur,12,1,0,,Hauteur,36,1,0,,Hauteur de plafond,8 pi,1,0,,Type de coin,Coin 45 degres,1,0,,Style de porte,Shaker,1,0,,Moulure,3 po,1,0,,Couleur,Blanc Pur,1,0,,U8-C45-24-24-12-36,Armoire murale de coin,Armoires de cuisine > Armoires murales > Coin 45 degres > Plafond 8 pi,,1,24,24,12,36,8 pi,Coin 45 degres,Blanc Pur,3 po,Shaker 3 po - Blanc Pur,Trousse Design p.10
variable,UC-C45-27-27-12-36,Armoire murale de coin Coin 45 degres - 27 x 27 x 12 x 36 po,0,0,visible,"Armoire murale de coin Dilamco, dimensions 27 x 27 x 12 x 36 po. Finition Shaker disponible selon les variantes.","Module Dilamco armoire murale de coin (U8-C45-27-27-12-36), dimensions 27 x 27 x 12 x 36 po. Cabinet en contreplaqué avec fini intérieur en placage de bouleau. Porte HDF avec moulure en bouleau. Fini extérieur assorti à la porte selon la finition choisie. Prix, disponibilité, panneaux de finition, fillers et installation à confirmer avant publication.",,,taxable,1,,0,0,0,Armoires de cuisine > Armoires murales > Coin 45 degres,"Dilamco, armoires, Shaker, catalogue technique",,,0,Type de module,Armoire murale de coin,1,0,,Largeur,27,1,0,,Largeur B,27,1,0,,Profondeur,12,1,0,,Hauteur,36,1,0,,Hauteur de plafond,8 pi,1,0,,Type de coin,Coin 45 degres,1,0,,Style de porte,Shaker,1,0,Shaker,Moulure,1 po | 3 po,1,0,1 po,Couleur,Blanc Pur,1,0,Blanc Pur,U8-C45-27-27-12-36,Armoire murale de coin,Armoires de cuisine > Armoires murales > Coin 45 degres > Plafond 8 pi,,1,27,27,12,36,8 pi,Coin 45 degres,,,,Trousse Design p.10
variation,UC-C45-27-27-12-36-BP1,Armoire murale de coin Coin 45 degres - 27 x 27 x 12 x 36 po - Shaker 1 po - Blanc Pur,0,0,visible,"Armoire murale de coin Dilamco, dimensions 27 x 27 x 12 x 36 po. Finition Shaker disponible selon les variantes.","Module Dilamco armoire murale de coin (U8-C45-27-27-12-36), dimensions 27 x 27 x 12 x 36 po. Cabinet en contreplaqué avec fini intérieur en placage de bouleau. Porte HDF avec moulure en bouleau. Fini extérieur assorti à la porte selon la finition choisie. Prix, disponibilité, panneaux de finition, fillers et installation à confirmer avant publication.",,,taxable,1,,0,0,0,Armoires de cuisine > Armoires murales > Coin 45 degres,"Dilamco, armoires, Shaker, catalogue technique",,sku:U8-C45-27-27-12-36,1,Type de module,Armoire murale de coin,1,0,,Largeur,27,1,0,,Largeur B,27,1,0,,Profondeur,12,1,0,,Hauteur,36,1,0,,Hauteur de plafond,8 pi,1,0,,Type de coin,Coin 45 degres,1,0,,Style de porte,Shaker,1,0,,Moulure,1 po,1,0,,Couleur,Blanc Pur,1,0,,U8-C45-27-27-12-36,Armoire murale de coin,Armoires de cuisine > Armoires murales > Coin 45 degres > Plafond 8 pi,,1,27,27,12,36,8 pi,Coin 45 degres,Blanc Pur,1 po,Shaker 1 po - Blanc Pur,Trousse Design p.10
variation,UC-C45-27-27-12-36-BP3,Armoire murale de coin Coin 45 degres - 27 x 27 x 12 x 36 po - Shaker 3 po - Blanc Pur,0,0,visible,"Armoire murale de coin Dilamco, dimensions 27 x 27 x 12 x 36 po. Finition Shaker disponible selon les variantes.","Module Dilamco armoire murale de coin (U8-C45-27-27-12-36), dimensions 27 x 27 x 12 x 36 po. Cabinet en contreplaqué avec fini intérieur en placage de bouleau. Porte HDF avec moulure en bouleau. Fini extérieur assorti à la porte selon la finition choisie. Prix, disponibilité, panneaux de finition, fillers et installation à confirmer avant publication.",,,taxable,1,,0,0,0,Armoires de cuisine > Armoires murales > Coin 45 degres,"Dilamco, armoires, Shaker, catalogue technique",,sku:U8-C45-27-27-12-36,2,Type de module,Armoire murale de coin,1,0,,Largeur,27,1,0,,Largeur B,27,1,0,,Profondeur,12,1,0,,Hauteur,36,1,0,,Hauteur de plafond,8 pi,1,0,,Type de coin,Coin 45 degres,1,0,,Style de porte,Shaker,1,0,,Moulure,3 po,1,0,,Couleur,Blanc Pur,1,0,,U8-C45-27-27-12-36,Armoire murale de coin,Armoires de cuisine > Armoires murales > Coin 45 degres > Plafond 8 pi,,1,27,27,12,36,8 pi,Coin 45 degres,Blanc Pur,3 po,Shaker 3 po - Blanc Pur,Trousse Design p.10
variable,UC-C45-30-30-12-36,Armoire murale de coin Coin 45 degres - 30 x 30 x 12 x 36 po,0,0,visible,"Armoire murale de coin Dilamco, dimensions 30 x 30 x 12 x 36 po. Finition Shaker disponible selon les variantes.","Module Dilamco armoire murale de coin (U8-C45-30-30-12-36), dimensions 30 x 30 x 12 x 36 po. Cabinet en contreplaqué avec fini intérieur en placage de bouleau. Porte HDF avec moulure en bouleau. Fini extérieur assorti à la porte selon la finition choisie. Prix, disponibilité, panneaux de finition, fillers et installation à confirmer avant publication.",,,taxable,1,,0,0,0,Armoires de cuisine > Armoires murales > Coin 45 degres,"Dilamco, armoires, Shaker, catalogue technique",,,0,Type de module,Armoire murale de coin,1,0,,Largeur,30,1,0,,Largeur B,30,1,0,,Profondeur,12,1,0,,Hauteur,36,1,0,,Hauteur de plafond,8 pi,1,0,,Type de coin,Coin 45 degres,1,0,,Style de porte,Shaker,1,0,Shaker,Moulure,1 po | 3 po,1,0,1 po,Couleur,Blanc Pur,1,0,Blanc Pur,U8-C45-30-30-12-36,Armoire murale de coin,Armoires de cuisine > Armoires murales > Coin 45 degres > Plafond 8 pi,,1,30,30,12,36,8 pi,Coin 45 degres,,,,Trousse Design p.10
variation,UC-C45-30-30-12-36-BP1,Armoire murale de coin Coin 45 degres - 30 x 30 x 12 x 36 po - Shaker 1 po - Blanc Pur,0,0,visible,"Armoire murale de coin Dilamco, dimensions 30 x 30 x 12 x 36 po. Finition Shaker disponible selon les variantes.","Module Dilamco armoire murale de coin (U8-C45-30-30-12-36), dimensions 30 x 30 x 12 x 36 po. Cabinet en contreplaqué avec fini intérieur en placage de bouleau. Porte HDF avec moulure en bouleau. Fini extérieur assorti à la porte selon la finition choisie. Prix, disponibilité, panneaux de finition, fillers et installation à confirmer avant publication.",,,taxable,1,,0,0,0,Armoires de cuisine > Armoires murales > Coin 45 degres,"Dilamco, armoires, Shaker, catalogue technique",,sku:U8-C45-30-30-12-36,1,Type de module,Armoire murale de coin,1,0,,Largeur,30,1,0,,Largeur B,30,1,0,,Profondeur,12,1,0,,Hauteur,36,1,0,,Hauteur de plafond,8 pi,1,0,,Type de coin,Coin 45 degres,1,0,,Style de porte,Shaker,1,0,,Moulure,1 po,1,0,,Couleur,Blanc Pur,1,0,,U8-C45-30-30-12-36,Armoire murale de coin,Armoires de cuisine > Armoires murales > Coin 45 degres > Plafond 8 pi,,1,30,30,12,36,8 pi,Coin 45 degres,Blanc Pur,1 po,Shaker 1 po - Blanc Pur,Trousse Design p.10
variation,UC-C45-30-30-12-36-BP3,Armoire murale de coin Coin 45 degres - 30 x 30 x 12 x 36 po - Shaker 3 po - Blanc Pur,0,0,visible,"Armoire murale de coin Dilamco, dimensions 30 x 30 x 12 x 36 po. Finition Shaker disponible selon les variantes.","Module Dilamco armoire murale de coin (U8-C45-30-30-12-36), dimensions 30 x 30 x 12 x 36 po. Cabinet en contreplaqué avec fini intérieur en placage de bouleau. Porte HDF avec moulure en bouleau. Fini extérieur assorti à la porte selon la finition choisie. Prix, disponibilité, panneaux de finition, fillers et installation à confirmer avant publication.",,,taxable,1,,0,0,0,Armoires de cuisine > Armoires murales > Coin 45 degres,"Dilamco, armoires, Shaker, catalogue technique",,sku:U8-C45-30-30-12-36,2,Type de module,Armoire murale de coin,1,0,,Largeur,30,1,0,,Largeur B,30,1,0,,Profondeur,12,1,0,,Hauteur,36,1,0,,Hauteur de plafond,8 pi,1,0,,Type de coin,Coin 45 degres,1,0,,Style de porte,Shaker,1,0,,Moulure,3 po,1,0,,Couleur,Blanc Pur,1,0,,U8-C45-30-30-12-36,Armoire murale de coin,Armoires de cuisine > Armoires murales > Coin 45 degres > Plafond 8 pi,,1,30,30,12,36,8 pi,Coin 45 degres,Blanc Pur,3 po,Shaker 3 po - Blanc Pur,Trousse Design p.10
variable,UC-C45-24-24-12-39,Armoire murale de coin Coin 45 degres - 24 x 24 x 12 x 39 po,0,0,visible,"Armoire murale de coin Dilamco, dimensions 24 x 24 x 12 x 39 po. Finition Shaker disponible selon les variantes.","Module Dilamco armoire murale de coin (U8-C45-24-24-12-39), dimensions 24 x 24 x 12 x 39 po. Cabinet en contreplaqué avec fini intérieur en placage de bouleau. Porte HDF avec moulure en bouleau. Fini extérieur assorti à la porte selon la finition choisie. Prix, disponibilité, panneaux de finition, fillers et installation à confirmer avant publication.",,,taxable,1,,0,0,0,Armoires de cuisine > Armoires murales > Coin 45 degres,"Dilamco, armoires, Shaker, catalogue technique",,,0,Type de module,Armoire murale de coin,1,0,,Largeur,24,1,0,,Largeur B,24,1,0,,Profondeur,12,1,0,,Hauteur,39,1,0,,Hauteur de plafond,8 pi,1,0,,Type de coin,Coin 45 degres,1,0,,Style de porte,Shaker,1,0,Shaker,Moulure,1 po | 3 po,1,0,1 po,Couleur,Blanc Pur,1,0,Blanc Pur,U8-C45-24-24-12-39,Armoire murale de coin,Armoires de cuisine > Armoires murales > Coin 45 degres > Plafond 8 pi,,1,24,24,12,39,8 pi,Coin 45 degres,,,,Trousse Design p.10
variation,UC-C45-24-24-12-39-BP1,Armoire murale de coin Coin 45 degres - 24 x 24 x 12 x 39 po - Shaker 1 po - Blanc Pur,0,0,visible,"Armoire murale de coin Dilamco, dimensions 24 x 24 x 12 x 39 po. Finition Shaker disponible selon les variantes.","Module Dilamco armoire murale de coin (U8-C45-24-24-12-39), dimensions 24 x 24 x 12 x 39 po. Cabinet en contreplaqué avec fini intérieur en placage de bouleau. Porte HDF avec moulure en bouleau. Fini extérieur assorti à la porte selon la finition choisie. Prix, disponibilité, panneaux de finition, fillers et installation à confirmer avant publication.",,,taxable,1,,0,0,0,Armoires de cuisine > Armoires murales > Coin 45 degres,"Dilamco, armoires, Shaker, catalogue technique",,sku:U8-C45-24-24-12-39,1,Type de module,Armoire murale de coin,1,0,,Largeur,24,1,0,,Largeur B,24,1,0,,Profondeur,12,1,0,,Hauteur,39,1,0,,Hauteur de plafond,8 pi,1,0,,Type de coin,Coin 45 degres,1,0,,Style de porte,Shaker,1,0,,Moulure,1 po,1,0,,Couleur,Blanc Pur,1,0,,U8-C45-24-24-12-39,Armoire murale de coin,Armoires de cuisine > Armoires murales > Coin 45 degres > Plafond 8 pi,,1,24,24,12,39,8 pi,Coin 45 degres,Blanc Pur,1 po,Shaker 1 po - Blanc Pur,Trousse Design p.10
variation,UC-C45-24-24-12-39-BP3,Armoire murale de coin Coin 45 degres - 24 x 24 x 12 x 39 po - Shaker 3 po - Blanc Pur,0,0,visible,"Armoire murale de coin Dilamco, dimensions 24 x 24 x 12 x 39 po. Finition Shaker disponible selon les variantes.","Module Dilamco armoire murale de coin (U8-C45-24-24-12-39), dimensions 24 x 24 x 12 x 39 po. Cabinet en contreplaqué avec fini intérieur en placage de bouleau. Porte HDF avec moulure en bouleau. Fini extérieur assorti à la porte selon la finition choisie. Prix, disponibilité, panneaux de finition, fillers et installation à confirmer avant publication.",,,taxable,1,,0,0,0,Armoires de cuisine > Armoires murales > Coin 45 degres,"Dilamco, armoires, Shaker, catalogue technique",,sku:U8-C45-24-24-12-39,2,Type de module,Armoire murale de coin,1,0,,Largeur,24,1,0,,Largeur B,24,1,0,,Profondeur,12,1,0,,Hauteur,39,1,0,,Hauteur de plafond,8 pi,1,0,,Type de coin,Coin 45 degres,1,0,,Style de porte,Shaker,1,0,,Moulure,3 po,1,0,,Couleur,Blanc Pur,1,0,,U8-C45-24-24-12-39,Armoire murale de coin,Armoires de cuisine > Armoires murales > Coin 45 degres > Plafond 8 pi,,1,24,24,12,39,8 pi,Coin 45 degres,Blanc Pur,3 po,Shaker 3 po - Blanc Pur,Trousse Design p.10
variable,UC-C45-27-27-12-39,Armoire murale de coin Coin 45 degres - 27 x 27 x 12 x 39 po,0,0,visible,"Armoire murale de coin Dilamco, dimensions 27 x 27 x 12 x 39 po. Finition Shaker disponible selon les variantes.","Module Dilamco armoire murale de coin (U8-C45-27-27-12-39), dimensions 27 x 27 x 12 x 39 po. Cabinet en contreplaqué avec fini intérieur en placage de bouleau. Porte HDF avec moulure en bouleau. Fini extérieur assorti à la porte selon la finition choisie. Prix, disponibilité, panneaux de finition, fillers et installation à confirmer avant publication.",,,taxable,1,,0,0,0,Armoires de cuisine > Armoires murales > Coin 45 degres,"Dilamco, armoires, Shaker, catalogue technique",,,0,Type de module,Armoire murale de coin,1,0,,Largeur,27,1,0,,Largeur B,27,1,0,,Profondeur,12,1,0,,Hauteur,39,1,0,,Hauteur de plafond,8 pi,1,0,,Type de coin,Coin 45 degres,1,0,,Style de porte,Shaker,1,0,Shaker,Moulure,1 po | 3 po,1,0,1 po,Couleur,Blanc Pur,1,0,Blanc Pur,U8-C45-27-27-12-39,Armoire murale de coin,Armoires de cuisine > Armoires murales > Coin 45 degres > Plafond 8 pi,,1,27,27,12,39,8 pi,Coin 45 degres,,,,Trousse Design p.10
variation,UC-C45-27-27-12-39-BP1,Armoire murale de coin Coin 45 degres - 27 x 27 x 12 x 39 po - Shaker 1 po - Blanc Pur,0,0,visible,"Armoire murale de coin Dilamco, dimensions 27 x 27 x 12 x 39 po. Finition Shaker disponible selon les variantes.","Module Dilamco armoire murale de coin (U8-C45-27-27-12-39), dimensions 27 x 27 x 12 x 39 po. Cabinet en contreplaqué avec fini intérieur en placage de bouleau. Porte HDF avec moulure en bouleau. Fini extérieur assorti à la porte selon la finition choisie. Prix, disponibilité, panneaux de finition, fillers et installation à confirmer avant publication.",,,taxable,1,,0,0,0,Armoires de cuisine > Armoires murales > Coin 45 degres,"Dilamco, armoires, Shaker, catalogue technique",,sku:U8-C45-27-27-12-39,1,Type de module,Armoire murale de coin,1,0,,Largeur,27,1,0,,Largeur B,27,1,0,,Profondeur,12,1,0,,Hauteur,39,1,0,,Hauteur de plafond,8 pi,1,0,,Type de coin,Coin 45 degres,1,0,,Style de porte,Shaker,1,0,,Moulure,1 po,1,0,,Couleur,Blanc Pur,1,0,,U8-C45-27-27-12-39,Armoire murale de coin,Armoires de cuisine > Armoires murales > Coin 45 degres > Plafond 8 pi,,1,27,27,12,39,8 pi,Coin 45 degres,Blanc Pur,1 po,Shaker 1 po - Blanc Pur,Trousse Design p.10
variation,UC-C45-27-27-12-39-BP3,Armoire murale de coin Coin 45 degres - 27 x 27 x 12 x 39 po - Shaker 3 po - Blanc Pur,0,0,visible,"Armoire murale de coin Dilamco, dimensions 27 x 27 x 12 x 39 po. Finition Shaker disponible selon les variantes.","Module Dilamco armoire murale de coin (U8-C45-27-27-12-39), dimensions 27 x 27 x 12 x 39 po. Cabinet en contreplaqué avec fini intérieur en placage de bouleau. Porte HDF avec moulure en bouleau. Fini extérieur assorti à la porte selon la finition choisie. Prix, disponibilité, panneaux de finition, fillers et installation à confirmer avant publication.",,,taxable,1,,0,0,0,Armoires de cuisine > Armoires murales > Coin 45 degres,"Dilamco, armoires, Shaker, catalogue technique",,sku:U8-C45-27-27-12-39,2,Type de module,Armoire murale de coin,1,0,,Largeur,27,1,0,,Largeur B,27,1,0,,Profondeur,12,1,0,,Hauteur,39,1,0,,Hauteur de plafond,8 pi,1,0,,Type de coin,Coin 45 degres,1,0,,Style de porte,Shaker,1,0,,Moulure,3 po,1,0,,Couleur,Blanc Pur,1,0,,U8-C45-27-27-12-39,Armoire murale de coin,Armoires de cuisine > Armoires murales > Coin 45 degres > Plafond 8 pi,,1,27,27,12,39,8 pi,Coin 45 degres,Blanc Pur,3 po,Shaker 3 po - Blanc Pur,Trousse Design p.10
variable,UC-C45-30-30-12-39,Armoire murale de coin Coin 45 degres - 30 x 30 x 12 x 39 po,0,0,visible,"Armoire murale de coin Dilamco, dimensions 30 x 30 x 12 x 39 po. Finition Shaker disponible selon les variantes.","Module Dilamco armoire murale de coin (U8-C45-30-30-12-39), dimensions 30 x 30 x 12 x 39 po. Cabinet en contreplaqué avec fini intérieur en placage de bouleau. Porte HDF avec moulure en bouleau. Fini extérieur assorti à la porte selon la finition choisie. Prix, disponibilité, panneaux de finition, fillers et installation à confirmer avant publication.",,,taxable,1,,0,0,0,Armoires de cuisine > Armoires murales > Coin 45 degres,"Dilamco, armoires, Shaker, catalogue technique",,,0,Type de module,Armoire murale de coin,1,0,,Largeur,30,1,0,,Largeur B,30,1,0,,Profondeur,12,1,0,,Hauteur,39,1,0,,Hauteur de plafond,8 pi,1,0,,Type de coin,Coin 45 degres,1,0,,Style de porte,Shaker,1,0,Shaker,Moulure,1 po | 3 po,1,0,1 po,Couleur,Blanc Pur,1,0,Blanc Pur,U8-C45-30-30-12-39,Armoire murale de coin,Armoires de cuisine > Armoires murales > Coin 45 degres > Plafond 8 pi,,1,30,30,12,39,8 pi,Coin 45 degres,,,,Trousse Design p.10
variation,UC-C45-30-30-12-39-BP1,Armoire murale de coin Coin 45 degres - 30 x 30 x 12 x 39 po - Shaker 1 po - Blanc Pur,0,0,visible,"Armoire murale de coin Dilamco, dimensions 30 x 30 x 12 x 39 po. Finition Shaker disponible selon les variantes.","Module Dilamco armoire murale de coin (U8-C45-30-30-12-39), dimensions 30 x 30 x 12 x 39 po. Cabinet en contreplaqué avec fini intérieur en placage de bouleau. Porte HDF avec moulure en bouleau. Fini extérieur assorti à la porte selon la finition choisie. Prix, disponibilité, panneaux de finition, fillers et installation à confirmer avant publication.",,,taxable,1,,0,0,0,Armoires de cuisine > Armoires murales > Coin 45 degres,"Dilamco, armoires, Shaker, catalogue technique",,sku:U8-C45-30-30-12-39,1,Type de module,Armoire murale de coin,1,0,,Largeur,30,1,0,,Largeur B,30,1,0,,Profondeur,12,1,0,,Hauteur,39,1,0,,Hauteur de plafond,8 pi,1,0,,Type de coin,Coin 45 degres,1,0,,Style de porte,Shaker,1,0,,Moulure,1 po,1,0,,Couleur,Blanc Pur,1,0,,U8-C45-30-30-12-39,Armoire murale de coin,Armoires de cuisine > Armoires murales > Coin 45 degres > Plafond 8 pi,,1,30,30,12,39,8 pi,Coin 45 degres,Blanc Pur,1 po,Shaker 1 po - Blanc Pur,Trousse Design p.10
variation,UC-C45-30-30-12-39-BP3,Armoire murale de coin Coin 45 degres - 30 x 30 x 12 x 39 po - Shaker 3 po - Blanc Pur,0,0,visible,"Armoire murale de coin Dilamco, dimensions 30 x 30 x 12 x 39 po. Finition Shaker disponible selon les variantes.","Module Dilamco armoire murale de coin (U8-C45-30-30-12-39), dimensions 30 x 30 x 12 x 39 po. Cabinet en contreplaqué avec fini intérieur en placage de bouleau. Porte HDF avec moulure en bouleau. Fini extérieur assorti à la porte selon la finition choisie. Prix, disponibilité, panneaux de finition, fillers et installation à confirmer avant publication.",,,taxable,1,,0,0,0,Armoires de cuisine > Armoires murales > Coin 45 degres,"Dilamco, armoires, Shaker, catalogue technique",,sku:U8-C45-30-30-12-39,2,Type de module,Armoire murale de coin,1,0,,Largeur,30,1,0,,Largeur B,30,1,0,,Profondeur,12,1,0,,Hauteur,39,1,0,,Hauteur de plafond,8 pi,1,0,,Type de coin,Coin 45 degres,1,0,,Style de porte,Shaker,1,0,,Moulure,3 po,1,0,,Couleur,Blanc Pur,1,0,,U8-C45-30-30-12-39,Armoire murale de coin,Armoires de cuisine > Armoires murales > Coin 45 degres > Plafond 8 pi,,1,30,30,12,39,8 pi,Coin 45 degres,Blanc Pur,3 po,Shaker 3 po - Blanc Pur,Trousse Design p.10
variable,UC-C90-24-24-12-42,Armoire murale de coin Coin 90 degres - 24 x 24 x 12 x 42 po,0,0,visible,"Armoire murale de coin Dilamco, dimensions 24 x 24 x 12 x 42 po. Finition Shaker disponible selon les variantes.","Module Dilamco armoire murale de coin (U9-C90-24-24-12-42), dimensions 24 x 24 x 12 x 42 po. Cabinet en contreplaqué avec fini intérieur en placage de bouleau. Porte HDF avec moulure en bouleau. Fini extérieur assorti à la porte selon la finition choisie. Prix, disponibilité, panneaux de finition, fillers et installation à confirmer avant publication.",,,taxable,1,,0,0,0,Armoires de cuisine > Armoires murales > Coin 90 degres,"Dilamco, armoires, Shaker, catalogue technique",,,0,Type de module,Armoire murale de coin,1,0,,Largeur,24,1,0,,Largeur B,24,1,0,,Profondeur,12,1,0,,Hauteur,42,1,0,,Hauteur de plafond,9 pi,1,0,,Type de coin,Coin 90 degres,1,0,,Style de porte,Shaker,1,0,Shaker,Moulure,1 po | 3 po,1,0,1 po,Couleur,Blanc Pur,1,0,Blanc Pur,U9-C90-24-24-12-42,Armoire murale de coin,Armoires de cuisine > Armoires murales > Coin 90 degres,,1,24,24,12,42,9 pi,Coin 90 degres,,,,Trousse Design p.11
variation,UC-C90-24-24-12-42-BP1,Armoire murale de coin Coin 90 degres - 24 x 24 x 12 x 42 po - Shaker 1 po - Blanc Pur,0,0,visible,"Armoire murale de coin Dilamco, dimensions 24 x 24 x 12 x 42 po. Finition Shaker disponible selon les variantes.","Module Dilamco armoire murale de coin (U9-C90-24-24-12-42), dimensions 24 x 24 x 12 x 42 po. Cabinet en contreplaqué avec fini intérieur en placage de bouleau. Porte HDF avec moulure en bouleau. Fini extérieur assorti à la porte selon la finition choisie. Prix, disponibilité, panneaux de finition, fillers et installation à confirmer avant publication.",,,taxable,1,,0,0,0,Armoires de cuisine > Armoires murales > Coin 90 degres,"Dilamco, armoires, Shaker, catalogue technique",,sku:U9-C90-24-24-12-42,1,Type de module,Armoire murale de coin,1,0,,Largeur,24,1,0,,Largeur B,24,1,0,,Profondeur,12,1,0,,Hauteur,42,1,0,,Hauteur de plafond,9 pi,1,0,,Type de coin,Coin 90 degres,1,0,,Style de porte,Shaker,1,0,,Moulure,1 po,1,0,,Couleur,Blanc Pur,1,0,,U9-C90-24-24-12-42,Armoire murale de coin,Armoires de cuisine > Armoires murales > Coin 90 degres,,1,24,24,12,42,9 pi,Coin 90 degres,Blanc Pur,1 po,Shaker 1 po - Blanc Pur,Trousse Design p.11
variation,UC-C90-24-24-12-42-BP3,Armoire murale de coin Coin 90 degres - 24 x 24 x 12 x 42 po - Shaker 3 po - Blanc Pur,0,0,visible,"Armoire murale de coin Dilamco, dimensions 24 x 24 x 12 x 42 po. Finition Shaker disponible selon les variantes.","Module Dilamco armoire murale de coin (U9-C90-24-24-12-42), dimensions 24 x 24 x 12 x 42 po. Cabinet en contreplaqué avec fini intérieur en placage de bouleau. Porte HDF avec moulure en bouleau. Fini extérieur assorti à la porte selon la finition choisie. Prix, disponibilité, panneaux de finition, fillers et installation à confirmer avant publication.",,,taxable,1,,0,0,0,Armoires de cuisine > Armoires murales > Coin 90 degres,"Dilamco, armoires, Shaker, catalogue technique",,sku:U9-C90-24-24-12-42,2,Type de module,Armoire murale de coin,1,0,,Largeur,24,1,0,,Largeur B,24,1,0,,Profondeur,12,1,0,,Hauteur,42,1,0,,Hauteur de plafond,9 pi,1,0,,Type de coin,Coin 90 degres,1,0,,Style de porte,Shaker,1,0,,Moulure,3 po,1,0,,Couleur,Blanc Pur,1,0,,U9-C90-24-24-12-42,Armoire murale de coin,Armoires de cuisine > Armoires murales > Coin 90 degres,,1,24,24,12,42,9 pi,Coin 90 degres,Blanc Pur,3 po,Shaker 3 po - Blanc Pur,Trousse Design p.11
variable,UC-C90-27-27-12-42,Armoire murale de coin Coin 90 degres - 27 x 27 x 12 x 42 po,0,0,visible,"Armoire murale de coin Dilamco, dimensions 27 x 27 x 12 x 42 po. Finition Shaker disponible selon les variantes.","Module Dilamco armoire murale de coin (U9-C90-27-27-12-42), dimensions 27 x 27 x 12 x 42 po. Cabinet en contreplaqué avec fini intérieur en placage de bouleau. Porte HDF avec moulure en bouleau. Fini extérieur assorti à la porte selon la finition choisie. Prix, disponibilité, panneaux de finition, fillers et installation à confirmer avant publication.",,,taxable,1,,0,0,0,Armoires de cuisine > Armoires murales > Coin 90 degres,"Dilamco, armoires, Shaker, catalogue technique",,,0,Type de module,Armoire murale de coin,1,0,,Largeur,27,1,0,,Largeur B,27,1,0,,Profondeur,12,1,0,,Hauteur,42,1,0,,Hauteur de plafond,9 pi,1,0,,Type de coin,Coin 90 degres,1,0,,Style de porte,Shaker,1,0,Shaker,Moulure,1 po | 3 po,1,0,1 po,Couleur,Blanc Pur,1,0,Blanc Pur,U9-C90-27-27-12-42,Armoire murale de coin,Armoires de cuisine > Armoires murales > Coin 90 degres,,1,27,27,12,42,9 pi,Coin 90 degres,,,,Trousse Design p.11
variation,UC-C90-27-27-12-42-BP1,Armoire murale de coin Coin 90 degres - 27 x 27 x 12 x 42 po - Shaker 1 po - Blanc Pur,0,0,visible,"Armoire murale de coin Dilamco, dimensions 27 x 27 x 12 x 42 po. Finition Shaker disponible selon les variantes.","Module Dilamco armoire murale de coin (U9-C90-27-27-12-42), dimensions 27 x 27 x 12 x 42 po. Cabinet en contreplaqué avec fini intérieur en placage de bouleau. Porte HDF avec moulure en bouleau. Fini extérieur assorti à la porte selon la finition choisie. Prix, disponibilité, panneaux de finition, fillers et installation à confirmer avant publication.",,,taxable,1,,0,0,0,Armoires de cuisine > Armoires murales > Coin 90 degres,"Dilamco, armoires, Shaker, catalogue technique",,sku:U9-C90-27-27-12-42,1,Type de module,Armoire murale de coin,1,0,,Largeur,27,1,0,,Largeur B,27,1,0,,Profondeur,12,1,0,,Hauteur,42,1,0,,Hauteur de plafond,9 pi,1,0,,Type de coin,Coin 90 degres,1,0,,Style de porte,Shaker,1,0,,Moulure,1 po,1,0,,Couleur,Blanc Pur,1,0,,U9-C90-27-27-12-42,Armoire murale de coin,Armoires de cuisine > Armoires murales > Coin 90 degres,,1,27,27,12,42,9 pi,Coin 90 degres,Blanc Pur,1 po,Shaker 1 po - Blanc Pur,Trousse Design p.11
variation,UC-C90-27-27-12-42-BP3,Armoire murale de coin Coin 90 degres - 27 x 27 x 12 x 42 po - Shaker 3 po - Blanc Pur,0,0,visible,"Armoire murale de coin Dilamco, dimensions 27 x 27 x 12 x 42 po. Finition Shaker disponible selon les variantes.","Module Dilamco armoire murale de coin (U9-C90-27-27-12-42), dimensions 27 x 27 x 12 x 42 po. Cabinet en contreplaqué avec fini intérieur en placage de bouleau. Porte HDF avec moulure en bouleau. Fini extérieur assorti à la porte selon la finition choisie. Prix, disponibilité, panneaux de finition, fillers et installation à confirmer avant publication.",,,taxable,1,,0,0,0,Armoires de cuisine > Armoires murales > Coin 90 degres,"Dilamco, armoires, Shaker, catalogue technique",,sku:U9-C90-27-27-12-42,2,Type de module,Armoire murale de coin,1,0,,Largeur,27,1,0,,Largeur B,27,1,0,,Profondeur,12,1,0,,Hauteur,42,1,0,,Hauteur de plafond,9 pi,1,0,,Type de coin,Coin 90 degres,1,0,,Style de porte,Shaker,1,0,,Moulure,3 po,1,0,,Couleur,Blanc Pur,1,0,,U9-C90-27-27-12-42,Armoire murale de coin,Armoires de cuisine > Armoires murales > Coin 90 degres,,1,27,27,12,42,9 pi,Coin 90 degres,Blanc Pur,3 po,Shaker 3 po - Blanc Pur,Trousse Design p.11
variable,UC-C90-30-30-12-42,Armoire murale de coin Coin 90 degres - 30 x 30 x 12 x 42 po,0,0,visible,"Armoire murale de coin Dilamco, dimensions 30 x 30 x 12 x 42 po. Finition Shaker disponible selon les variantes.","Module Dilamco armoire murale de coin (U9-C90-30-30-12-42), dimensions 30 x 30 x 12 x 42 po. Cabinet en contreplaqué avec fini intérieur en placage de bouleau. Porte HDF avec moulure en bouleau. Fini extérieur assorti à la porte selon la finition choisie. Prix, disponibilité, panneaux de finition, fillers et installation à confirmer avant publication.",,,taxable,1,,0,0,0,Armoires de cuisine > Armoires murales > Coin 90 degres,"Dilamco, armoires, Shaker, catalogue technique",,,0,Type de module,Armoire murale de coin,1,0,,Largeur,30,1,0,,Largeur B,30,1,0,,Profondeur,12,1,0,,Hauteur,42,1,0,,Hauteur de plafond,9 pi,1,0,,Type de coin,Coin 90 degres,1,0,,Style de porte,Shaker,1,0,Shaker,Moulure,1 po | 3 po,1,0,1 po,Couleur,Blanc Pur,1,0,Blanc Pur,U9-C90-30-30-12-42,Armoire murale de coin,Armoires de cuisine > Armoires murales > Coin 90 degres,,1,30,30,12,42,9 pi,Coin 90 degres,,,,Trousse Design p.11
variation,UC-C90-30-30-12-42-BP1,Armoire murale de coin Coin 90 degres - 30 x 30 x 12 x 42 po - Shaker 1 po - Blanc Pur,0,0,visible,"Armoire murale de coin Dilamco, dimensions 30 x 30 x 12 x 42 po. Finition Shaker disponible selon les variantes.","Module Dilamco armoire murale de coin (U9-C90-30-30-12-42), dimensions 30 x 30 x 12 x 42 po. Cabinet en contreplaqué avec fini intérieur en placage de bouleau. Porte HDF avec moulure en bouleau. Fini extérieur assorti à la porte selon la finition choisie. Prix, disponibilité, panneaux de finition, fillers et installation à confirmer avant publication.",,,taxable,1,,0,0,0,Armoires de cuisine > Armoires murales > Coin 90 degres,"Dilamco, armoires, Shaker, catalogue technique",,sku:U9-C90-30-30-12-42,1,Type de module,Armoire murale de coin,1,0,,Largeur,30,1,0,,Largeur B,30,1,0,,Profondeur,12,1,0,,Hauteur,42,1,0,,Hauteur de plafond,9 pi,1,0,,Type de coin,Coin 90 degres,1,0,,Style de porte,Shaker,1,0,,Moulure,1 po,1,0,,Couleur,Blanc Pur,1,0,,U9-C90-30-30-12-42,Armoire murale de coin,Armoires de cuisine > Armoires murales > Coin 90 degres,,1,30,30,12,42,9 pi,Coin 90 degres,Blanc Pur,1 po,Shaker 1 po - Blanc Pur,Trousse Design p.11
variation,UC-C90-30-30-12-42-BP3,Armoire murale de coin Coin 90 degres - 30 x 30 x 12 x 42 po - Shaker 3 po - Blanc Pur,0,0,visible,"Armoire murale de coin Dilamco, dimensions 30 x 30 x 12 x 42 po. Finition Shaker disponible selon les variantes.","Module Dilamco armoire murale de coin (U9-C90-30-30-12-42), dimensions 30 x 30 x 12 x 42 po. Cabinet en contreplaqué avec fini intérieur en placage de bouleau. Porte HDF avec moulure en bouleau. Fini extérieur assorti à la porte selon la finition choisie. Prix, disponibilité, panneaux de finition, fillers et installation à confirmer avant publication.",,,taxable,1,,0,0,0,Armoires de cuisine > Armoires murales > Coin 90 degres,"Dilamco, armoires, Shaker, catalogue technique",,sku:U9-C90-30-30-12-42,2,Type de module,Armoire murale de coin,1,0,,Largeur,30,1,0,,Largeur B,30,1,0,,Profondeur,12,1,0,,Hauteur,42,1,0,,Hauteur de plafond,9 pi,1,0,,Type de coin,Coin 90 degres,1,0,,Style de porte,Shaker,1,0,,Moulure,3 po,1,0,,Couleur,Blanc Pur,1,0,,U9-C90-30-30-12-42,Armoire murale de coin,Armoires de cuisine > Armoires murales > Coin 90 degres,,1,30,30,12,42,9 pi,Coin 90 degres,Blanc Pur,3 po,Shaker 3 po - Blanc Pur,Trousse Design p.11
variable,UC-C90-24-24-12-45,Armoire murale de coin Coin 90 degres - 24 x 24 x 12 x 45 po,0,0,visible,"Armoire murale de coin Dilamco, dimensions 24 x 24 x 12 x 45 po. Finition Shaker disponible selon les variantes.","Module Dilamco armoire murale de coin (U9-C90-24-24-12-45), dimensions 24 x 24 x 12 x 45 po. Cabinet en contreplaqué avec fini intérieur en placage de bouleau. Porte HDF avec moulure en bouleau. Fini extérieur assorti à la porte selon la finition choisie. Prix, disponibilité, panneaux de finition, fillers et installation à confirmer avant publication.",,,taxable,1,,0,0,0,Armoires de cuisine > Armoires murales > Coin 90 degres,"Dilamco, armoires, Shaker, catalogue technique",,,0,Type de module,Armoire murale de coin,1,0,,Largeur,24,1,0,,Largeur B,24,1,0,,Profondeur,12,1,0,,Hauteur,45,1,0,,Hauteur de plafond,9 pi,1,0,,Type de coin,Coin 90 degres,1,0,,Style de porte,Shaker,1,0,Shaker,Moulure,1 po | 3 po,1,0,1 po,Couleur,Blanc Pur,1,0,Blanc Pur,U9-C90-24-24-12-45,Armoire murale de coin,Armoires de cuisine > Armoires murales > Coin 90 degres,,1,24,24,12,45,9 pi,Coin 90 degres,,,,Trousse Design p.11
variation,UC-C90-24-24-12-45-BP1,Armoire murale de coin Coin 90 degres - 24 x 24 x 12 x 45 po - Shaker 1 po - Blanc Pur,0,0,visible,"Armoire murale de coin Dilamco, dimensions 24 x 24 x 12 x 45 po. Finition Shaker disponible selon les variantes.","Module Dilamco armoire murale de coin (U9-C90-24-24-12-45), dimensions 24 x 24 x 12 x 45 po. Cabinet en contreplaqué avec fini intérieur en placage de bouleau. Porte HDF avec moulure en bouleau. Fini extérieur assorti à la porte selon la finition choisie. Prix, disponibilité, panneaux de finition, fillers et installation à confirmer avant publication.",,,taxable,1,,0,0,0,Armoires de cuisine > Armoires murales > Coin 90 degres,"Dilamco, armoires, Shaker, catalogue technique",,sku:U9-C90-24-24-12-45,1,Type de module,Armoire murale de coin,1,0,,Largeur,24,1,0,,Largeur B,24,1,0,,Profondeur,12,1,0,,Hauteur,45,1,0,,Hauteur de plafond,9 pi,1,0,,Type de coin,Coin 90 degres,1,0,,Style de porte,Shaker,1,0,,Moulure,1 po,1,0,,Couleur,Blanc Pur,1,0,,U9-C90-24-24-12-45,Armoire murale de coin,Armoires de cuisine > Armoires murales > Coin 90 degres,,1,24,24,12,45,9 pi,Coin 90 degres,Blanc Pur,1 po,Shaker 1 po - Blanc Pur,Trousse Design p.11
variation,UC-C90-24-24-12-45-BP3,Armoire murale de coin Coin 90 degres - 24 x 24 x 12 x 45 po - Shaker 3 po - Blanc Pur,0,0,visible,"Armoire murale de coin Dilamco, dimensions 24 x 24 x 12 x 45 po. Finition Shaker disponible selon les variantes.","Module Dilamco armoire murale de coin (U9-C90-24-24-12-45), dimensions 24 x 24 x 12 x 45 po. Cabinet en contreplaqué avec fini intérieur en placage de bouleau. Porte HDF avec moulure en bouleau. Fini extérieur assorti à la porte selon la finition choisie. Prix, disponibilité, panneaux de finition, fillers et installation à confirmer avant publication.",,,taxable,1,,0,0,0,Armoires de cuisine > Armoires murales > Coin 90 degres,"Dilamco, armoires, Shaker, catalogue technique",,sku:U9-C90-24-24-12-45,2,Type de module,Armoire murale de coin,1,0,,Largeur,24,1,0,,Largeur B,24,1,0,,Profondeur,12,1,0,,Hauteur,45,1,0,,Hauteur de plafond,9 pi,1,0,,Type de coin,Coin 90 degres,1,0,,Style de porte,Shaker,1,0,,Moulure,3 po,1,0,,Couleur,Blanc Pur,1,0,,U9-C90-24-24-12-45,Armoire murale de coin,Armoires de cuisine > Armoires murales > Coin 90 degres,,1,24,24,12,45,9 pi,Coin 90 degres,Blanc Pur,3 po,Shaker 3 po - Blanc Pur,Trousse Design p.11
variable,UC-C90-27-27-12-45,Armoire murale de coin Coin 90 degres - 27 x 27 x 12 x 45 po,0,0,visible,"Armoire murale de coin Dilamco, dimensions 27 x 27 x 12 x 45 po. Finition Shaker disponible selon les variantes.","Module Dilamco armoire murale de coin (U9-C90-27-27-12-45), dimensions 27 x 27 x 12 x 45 po. Cabinet en contreplaqué avec fini intérieur en placage de bouleau. Porte HDF avec moulure en bouleau. Fini extérieur assorti à la porte selon la finition choisie. Prix, disponibilité, panneaux de finition, fillers et installation à confirmer avant publication.",,,taxable,1,,0,0,0,Armoires de cuisine > Armoires murales > Coin 90 degres,"Dilamco, armoires, Shaker, catalogue technique",,,0,Type de module,Armoire murale de coin,1,0,,Largeur,27,1,0,,Largeur B,27,1,0,,Profondeur,12,1,0,,Hauteur,45,1,0,,Hauteur de plafond,9 pi,1,0,,Type de coin,Coin 90 degres,1,0,,Style de porte,Shaker,1,0,Shaker,Moulure,1 po | 3 po,1,0,1 po,Couleur,Blanc Pur,1,0,Blanc Pur,U9-C90-27-27-12-45,Armoire murale de coin,Armoires de cuisine > Armoires murales > Coin 90 degres,,1,27,27,12,45,9 pi,Coin 90 degres,,,,Trousse Design p.11
variation,UC-C90-27-27-12-45-BP1,Armoire murale de coin Coin 90 degres - 27 x 27 x 12 x 45 po - Shaker 1 po - Blanc Pur,0,0,visible,"Armoire murale de coin Dilamco, dimensions 27 x 27 x 12 x 45 po. Finition Shaker disponible selon les variantes.","Module Dilamco armoire murale de coin (U9-C90-27-27-12-45), dimensions 27 x 27 x 12 x 45 po. Cabinet en contreplaqué avec fini intérieur en placage de bouleau. Porte HDF avec moulure en bouleau. Fini extérieur assorti à la porte selon la finition choisie. Prix, disponibilité, panneaux de finition, fillers et installation à confirmer avant publication.",,,taxable,1,,0,0,0,Armoires de cuisine > Armoires murales > Coin 90 degres,"Dilamco, armoires, Shaker, catalogue technique",,sku:U9-C90-27-27-12-45,1,Type de module,Armoire murale de coin,1,0,,Largeur,27,1,0,,Largeur B,27,1,0,,Profondeur,12,1,0,,Hauteur,45,1,0,,Hauteur de plafond,9 pi,1,0,,Type de coin,Coin 90 degres,1,0,,Style de porte,Shaker,1,0,,Moulure,1 po,1,0,,Couleur,Blanc Pur,1,0,,U9-C90-27-27-12-45,Armoire murale de coin,Armoires de cuisine > Armoires murales > Coin 90 degres,,1,27,27,12,45,9 pi,Coin 90 degres,Blanc Pur,1 po,Shaker 1 po - Blanc Pur,Trousse Design p.11
variation,UC-C90-27-27-12-45-BP3,Armoire murale de coin Coin 90 degres - 27 x 27 x 12 x 45 po - Shaker 3 po - Blanc Pur,0,0,visible,"Armoire murale de coin Dilamco, dimensions 27 x 27 x 12 x 45 po. Finition Shaker disponible selon les variantes.","Module Dilamco armoire murale de coin (U9-C90-27-27-12-45), dimensions 27 x 27 x 12 x 45 po. Cabinet en contreplaqué avec fini intérieur en placage de bouleau. Porte HDF avec moulure en bouleau. Fini extérieur assorti à la porte selon la finition choisie. Prix, disponibilité, panneaux de finition, fillers et installation à confirmer avant publication.",,,taxable,1,,0,0,0,Armoires de cuisine > Armoires murales > Coin 90 degres,"Dilamco, armoires, Shaker, catalogue technique",,sku:U9-C90-27-27-12-45,2,Type de module,Armoire murale de coin,1,0,,Largeur,27,1,0,,Largeur B,27,1,0,,Profondeur,12,1,0,,Hauteur,45,1,0,,Hauteur de plafond,9 pi,1,0,,Type de coin,Coin 90 degres,1,0,,Style de porte,Shaker,1,0,,Moulure,3 po,1,0,,Couleur,Blanc Pur,1,0,,U9-C90-27-27-12-45,Armoire murale de coin,Armoires de cuisine > Armoires murales > Coin 90 degres,,1,27,27,12,45,9 pi,Coin 90 degres,Blanc Pur,3 po,Shaker 3 po - Blanc Pur,Trousse Design p.11
variable,UC-C90-30-30-12-45,Armoire murale de coin Coin 90 degres - 30 x 30 x 12 x 45 po,0,0,visible,"Armoire murale de coin Dilamco, dimensions 30 x 30 x 12 x 45 po. Finition Shaker disponible selon les variantes.","Module Dilamco armoire murale de coin (U9-C90-30-30-12-45), dimensions 30 x 30 x 12 x 45 po. Cabinet en contreplaqué avec fini intérieur en placage de bouleau. Porte HDF avec moulure en bouleau. Fini extérieur assorti à la porte selon la finition choisie. Prix, disponibilité, panneaux de finition, fillers et installation à confirmer avant publication.",,,taxable,1,,0,0,0,Armoires de cuisine > Armoires murales > Coin 90 degres,"Dilamco, armoires, Shaker, catalogue technique",,,0,Type de module,Armoire murale de coin,1,0,,Largeur,30,1,0,,Largeur B,30,1,0,,Profondeur,12,1,0,,Hauteur,45,1,0,,Hauteur de plafond,9 pi,1,0,,Type de coin,Coin 90 degres,1,0,,Style de porte,Shaker,1,0,Shaker,Moulure,1 po | 3 po,1,0,1 po,Couleur,Blanc Pur,1,0,Blanc Pur,U9-C90-30-30-12-45,Armoire murale de coin,Armoires de cuisine > Armoires murales > Coin 90 degres,,1,30,30,12,45,9 pi,Coin 90 degres,,,,Trousse Design p.11
variation,UC-C90-30-30-12-45-BP1,Armoire murale de coin Coin 90 degres - 30 x 30 x 12 x 45 po - Shaker 1 po - Blanc Pur,0,0,visible,"Armoire murale de coin Dilamco, dimensions 30 x 30 x 12 x 45 po. Finition Shaker disponible selon les variantes.","Module Dilamco armoire murale de coin (U9-C90-30-30-12-45), dimensions 30 x 30 x 12 x 45 po. Cabinet en contreplaqué avec fini intérieur en placage de bouleau. Porte HDF avec moulure en bouleau. Fini extérieur assorti à la porte selon la finition choisie. Prix, disponibilité, panneaux de finition, fillers et installation à confirmer avant publication.",,,taxable,1,,0,0,0,Armoires de cuisine > Armoires murales > Coin 90 degres,"Dilamco, armoires, Shaker, catalogue technique",,sku:U9-C90-30-30-12-45,1,Type de module,Armoire murale de coin,1,0,,Largeur,30,1,0,,Largeur B,30,1,0,,Profondeur,12,1,0,,Hauteur,45,1,0,,Hauteur de plafond,9 pi,1,0,,Type de coin,Coin 90 degres,1,0,,Style de porte,Shaker,1,0,,Moulure,1 po,1,0,,Couleur,Blanc Pur,1,0,,U9-C90-30-30-12-45,Armoire murale de coin,Armoires de cuisine > Armoires murales > Coin 90 degres,,1,30,30,12,45,9 pi,Coin 90 degres,Blanc Pur,1 po,Shaker 1 po - Blanc Pur,Trousse Design p.11
variation,UC-C90-30-30-12-45-BP3,Armoire murale de coin Coin 90 degres - 30 x 30 x 12 x 45 po - Shaker 3 po - Blanc Pur,0,0,visible,"Armoire murale de coin Dilamco, dimensions 30 x 30 x 12 x 45 po. Finition Shaker disponible selon les variantes.","Module Dilamco armoire murale de coin (U9-C90-30-30-12-45), dimensions 30 x 30 x 12 x 45 po. Cabinet en contreplaqué avec fini intérieur en placage de bouleau. Porte HDF avec moulure en bouleau. Fini extérieur assorti à la porte selon la finition choisie. Prix, disponibilité, panneaux de finition, fillers et installation à confirmer avant publication.",,,taxable,1,,0,0,0,Armoires de cuisine > Armoires murales > Coin 90 degres,"Dilamco, armoires, Shaker, catalogue technique",,sku:U9-C90-30-30-12-45,2,Type de module,Armoire murale de coin,1,0,,Largeur,30,1,0,,Largeur B,30,1,0,,Profondeur,12,1,0,,Hauteur,45,1,0,,Hauteur de plafond,9 pi,1,0,,Type de coin,Coin 90 degres,1,0,,Style de porte,Shaker,1,0,,Moulure,3 po,1,0,,Couleur,Blanc Pur,1,0,,U9-C90-30-30-12-45,Armoire murale de coin,Armoires de cuisine > Armoires murales > Coin 90 degres,,1,30,30,12,45,9 pi,Coin 90 degres,Blanc Pur,3 po,Shaker 3 po - Blanc Pur,Trousse Design p.11
variable,UC-C90-24-24-12-48,Armoire murale de coin Coin 90 degres - 24 x 24 x 12 x 48 po,0,0,visible,"Armoire murale de coin Dilamco, dimensions 24 x 24 x 12 x 48 po. Finition Shaker disponible selon les variantes.","Module Dilamco armoire murale de coin (U9-C90-24-24-12-48), dimensions 24 x 24 x 12 x 48 po. Cabinet en contreplaqué avec fini intérieur en placage de bouleau. Porte HDF avec moulure en bouleau. Fini extérieur assorti à la porte selon la finition choisie. Prix, disponibilité, panneaux de finition, fillers et installation à confirmer avant publication.",,,taxable,1,,0,0,0,Armoires de cuisine > Armoires murales > Coin 90 degres,"Dilamco, armoires, Shaker, catalogue technique",,,0,Type de module,Armoire murale de coin,1,0,,Largeur,24,1,0,,Largeur B,24,1,0,,Profondeur,12,1,0,,Hauteur,48,1,0,,Hauteur de plafond,9 pi,1,0,,Type de coin,Coin 90 degres,1,0,,Style de porte,Shaker,1,0,Shaker,Moulure,1 po | 3 po,1,0,1 po,Couleur,Blanc Pur,1,0,Blanc Pur,U9-C90-24-24-12-48,Armoire murale de coin,Armoires de cuisine > Armoires murales > Coin 90 degres,,1,24,24,12,48,9 pi,Coin 90 degres,,,,Trousse Design p.11
variation,UC-C90-24-24-12-48-BP1,Armoire murale de coin Coin 90 degres - 24 x 24 x 12 x 48 po - Shaker 1 po - Blanc Pur,0,0,visible,"Armoire murale de coin Dilamco, dimensions 24 x 24 x 12 x 48 po. Finition Shaker disponible selon les variantes.","Module Dilamco armoire murale de coin (U9-C90-24-24-12-48), dimensions 24 x 24 x 12 x 48 po. Cabinet en contreplaqué avec fini intérieur en placage de bouleau. Porte HDF avec moulure en bouleau. Fini extérieur assorti à la porte selon la finition choisie. Prix, disponibilité, panneaux de finition, fillers et installation à confirmer avant publication.",,,taxable,1,,0,0,0,Armoires de cuisine > Armoires murales > Coin 90 degres,"Dilamco, armoires, Shaker, catalogue technique",,sku:U9-C90-24-24-12-48,1,Type de module,Armoire murale de coin,1,0,,Largeur,24,1,0,,Largeur B,24,1,0,,Profondeur,12,1,0,,Hauteur,48,1,0,,Hauteur de plafond,9 pi,1,0,,Type de coin,Coin 90 degres,1,0,,Style de porte,Shaker,1,0,,Moulure,1 po,1,0,,Couleur,Blanc Pur,1,0,,U9-C90-24-24-12-48,Armoire murale de coin,Armoires de cuisine > Armoires murales > Coin 90 degres,,1,24,24,12,48,9 pi,Coin 90 degres,Blanc Pur,1 po,Shaker 1 po - Blanc Pur,Trousse Design p.11
variation,UC-C90-24-24-12-48-BP3,Armoire murale de coin Coin 90 degres - 24 x 24 x 12 x 48 po - Shaker 3 po - Blanc Pur,0,0,visible,"Armoire murale de coin Dilamco, dimensions 24 x 24 x 12 x 48 po. Finition Shaker disponible selon les variantes.","Module Dilamco armoire murale de coin (U9-C90-24-24-12-48), dimensions 24 x 24 x 12 x 48 po. Cabinet en contreplaqué avec fini intérieur en placage de bouleau. Porte HDF avec moulure en bouleau. Fini extérieur assorti à la porte selon la finition choisie. Prix, disponibilité, panneaux de finition, fillers et installation à confirmer avant publication.",,,taxable,1,,0,0,0,Armoires de cuisine > Armoires murales > Coin 90 degres,"Dilamco, armoires, Shaker, catalogue technique",,sku:U9-C90-24-24-12-48,2,Type de module,Armoire murale de coin,1,0,,Largeur,24,1,0,,Largeur B,24,1,0,,Profondeur,12,1,0,,Hauteur,48,1,0,,Hauteur de plafond,9 pi,1,0,,Type de coin,Coin 90 degres,1,0,,Style de porte,Shaker,1,0,,Moulure,3 po,1,0,,Couleur,Blanc Pur,1,0,,U9-C90-24-24-12-48,Armoire murale de coin,Armoires de cuisine > Armoires murales > Coin 90 degres,,1,24,24,12,48,9 pi,Coin 90 degres,Blanc Pur,3 po,Shaker 3 po - Blanc Pur,Trousse Design p.11
variable,UC-C90-27-27-12-48,Armoire murale de coin Coin 90 degres - 27 x 27 x 12 x 48 po,0,0,visible,"Armoire murale de coin Dilamco, dimensions 27 x 27 x 12 x 48 po. Finition Shaker disponible selon les variantes.","Module Dilamco armoire murale de coin (U9-C90-27-27-12-48), dimensions 27 x 27 x 12 x 48 po. Cabinet en contreplaqué avec fini intérieur en placage de bouleau. Porte HDF avec moulure en bouleau. Fini extérieur assorti à la porte selon la finition choisie. Prix, disponibilité, panneaux de finition, fillers et installation à confirmer avant publication.",,,taxable,1,,0,0,0,Armoires de cuisine > Armoires murales > Coin 90 degres,"Dilamco, armoires, Shaker, catalogue technique",,,0,Type de module,Armoire murale de coin,1,0,,Largeur,27,1,0,,Largeur B,27,1,0,,Profondeur,12,1,0,,Hauteur,48,1,0,,Hauteur de plafond,9 pi,1,0,,Type de coin,Coin 90 degres,1,0,,Style de porte,Shaker,1,0,Shaker,Moulure,1 po | 3 po,1,0,1 po,Couleur,Blanc Pur,1,0,Blanc Pur,U9-C90-27-27-12-48,Armoire murale de coin,Armoires de cuisine > Armoires murales > Coin 90 degres,,1,27,27,12,48,9 pi,Coin 90 degres,,,,Trousse Design p.11
variation,UC-C90-27-27-12-48-BP1,Armoire murale de coin Coin 90 degres - 27 x 27 x 12 x 48 po - Shaker 1 po - Blanc Pur,0,0,visible,"Armoire murale de coin Dilamco, dimensions 27 x 27 x 12 x 48 po. Finition Shaker disponible selon les variantes.","Module Dilamco armoire murale de coin (U9-C90-27-27-12-48), dimensions 27 x 27 x 12 x 48 po. Cabinet en contreplaqué avec fini intérieur en placage de bouleau. Porte HDF avec moulure en bouleau. Fini extérieur assorti à la porte selon la finition choisie. Prix, disponibilité, panneaux de finition, fillers et installation à confirmer avant publication.",,,taxable,1,,0,0,0,Armoires de cuisine > Armoires murales > Coin 90 degres,"Dilamco, armoires, Shaker, catalogue technique",,sku:U9-C90-27-27-12-48,1,Type de module,Armoire murale de coin,1,0,,Largeur,27,1,0,,Largeur B,27,1,0,,Profondeur,12,1,0,,Hauteur,48,1,0,,Hauteur de plafond,9 pi,1,0,,Type de coin,Coin 90 degres,1,0,,Style de porte,Shaker,1,0,,Moulure,1 po,1,0,,Couleur,Blanc Pur,1,0,,U9-C90-27-27-12-48,Armoire murale de coin,Armoires de cuisine > Armoires murales > Coin 90 degres,,1,27,27,12,48,9 pi,Coin 90 degres,Blanc Pur,1 po,Shaker 1 po - Blanc Pur,Trousse Design p.11
variation,UC-C90-27-27-12-48-BP3,Armoire murale de coin Coin 90 degres - 27 x 27 x 12 x 48 po - Shaker 3 po - Blanc Pur,0,0,visible,"Armoire murale de coin Dilamco, dimensions 27 x 27 x 12 x 48 po. Finition Shaker disponible selon les variantes.","Module Dilamco armoire murale de coin (U9-C90-27-27-12-48), dimensions 27 x 27 x 12 x 48 po. Cabinet en contreplaqué avec fini intérieur en placage de bouleau. Porte HDF avec moulure en bouleau. Fini extérieur assorti à la porte selon la finition choisie. Prix, disponibilité, panneaux de finition, fillers et installation à confirmer avant publication.",,,taxable,1,,0,0,0,Armoires de cuisine > Armoires murales > Coin 90 degres,"Dilamco, armoires, Shaker, catalogue technique",,sku:U9-C90-27-27-12-48,2,Type de module,Armoire murale de coin,1,0,,Largeur,27,1,0,,Largeur B,27,1,0,,Profondeur,12,1,0,,Hauteur,48,1,0,,Hauteur de plafond,9 pi,1,0,,Type de coin,Coin 90 degres,1,0,,Style de porte,Shaker,1,0,,Moulure,3 po,1,0,,Couleur,Blanc Pur,1,0,,U9-C90-27-27-12-48,Armoire murale de coin,Armoires de cuisine > Armoires murales > Coin 90 degres,,1,27,27,12,48,9 pi,Coin 90 degres,Blanc Pur,3 po,Shaker 3 po - Blanc Pur,Trousse Design p.11
variable,UC-C90-30-30-12-48,Armoire murale de coin Coin 90 degres - 30 x 30 x 12 x 48 po,0,0,visible,"Armoire murale de coin Dilamco, dimensions 30 x 30 x 12 x 48 po. Finition Shaker disponible selon les variantes.","Module Dilamco armoire murale de coin (U9-C90-30-30-12-48), dimensions 30 x 30 x 12 x 48 po. Cabinet en contreplaqué avec fini intérieur en placage de bouleau. Porte HDF avec moulure en bouleau. Fini extérieur assorti à la porte selon la finition choisie. Prix, disponibilité, panneaux de finition, fillers et installation à confirmer avant publication.",,,taxable,1,,0,0,0,Armoires de cuisine > Armoires murales > Coin 90 degres,"Dilamco, armoires, Shaker, catalogue technique",,,0,Type de module,Armoire murale de coin,1,0,,Largeur,30,1,0,,Largeur B,30,1,0,,Profondeur,12,1,0,,Hauteur,48,1,0,,Hauteur de plafond,9 pi,1,0,,Type de coin,Coin 90 degres,1,0,,Style de porte,Shaker,1,0,Shaker,Moulure,1 po | 3 po,1,0,1 po,Couleur,Blanc Pur,1,0,Blanc Pur,U9-C90-30-30-12-48,Armoire murale de coin,Armoires de cuisine > Armoires murales > Coin 90 degres,,1,30,30,12,48,9 pi,Coin 90 degres,,,,Trousse Design p.11
variation,UC-C90-30-30-12-48-BP1,Armoire murale de coin Coin 90 degres - 30 x 30 x 12 x 48 po - Shaker 1 po - Blanc Pur,0,0,visible,"Armoire murale de coin Dilamco, dimensions 30 x 30 x 12 x 48 po. Finition Shaker disponible selon les variantes.","Module Dilamco armoire murale de coin (U9-C90-30-30-12-48), dimensions 30 x 30 x 12 x 48 po. Cabinet en contreplaqué avec fini intérieur en placage de bouleau. Porte HDF avec moulure en bouleau. Fini extérieur assorti à la porte selon la finition choisie. Prix, disponibilité, panneaux de finition, fillers et installation à confirmer avant publication.",,,taxable,1,,0,0,0,Armoires de cuisine > Armoires murales > Coin 90 degres,"Dilamco, armoires, Shaker, catalogue technique",,sku:U9-C90-30-30-12-48,1,Type de module,Armoire murale de coin,1,0,,Largeur,30,1,0,,Largeur B,30,1,0,,Profondeur,12,1,0,,Hauteur,48,1,0,,Hauteur de plafond,9 pi,1,0,,Type de coin,Coin 90 degres,1,0,,Style de porte,Shaker,1,0,,Moulure,1 po,1,0,,Couleur,Blanc Pur,1,0,,U9-C90-30-30-12-48,Armoire murale de coin,Armoires de cuisine > Armoires murales > Coin 90 degres,,1,30,30,12,48,9 pi,Coin 90 degres,Blanc Pur,1 po,Shaker 1 po - Blanc Pur,Trousse Design p.11
variation,UC-C90-30-30-12-48-BP3,Armoire murale de coin Coin 90 degres - 30 x 30 x 12 x 48 po - Shaker 3 po - Blanc Pur,0,0,visible,"Armoire murale de coin Dilamco, dimensions 30 x 30 x 12 x 48 po. Finition Shaker disponible selon les variantes.","Module Dilamco armoire murale de coin (U9-C90-30-30-12-48), dimensions 30 x 30 x 12 x 48 po. Cabinet en contreplaqué avec fini intérieur en placage de bouleau. Porte HDF avec moulure en bouleau. Fini extérieur assorti à la porte selon la finition choisie. Prix, disponibilité, panneaux de finition, fillers et installation à confirmer avant publication.",,,taxable,1,,0,0,0,Armoires de cuisine > Armoires murales > Coin 90 degres,"Dilamco, armoires, Shaker, catalogue technique",,sku:U9-C90-30-30-12-48,2,Type de module,Armoire murale de coin,1,0,,Largeur,30,1,0,,Largeur B,30,1,0,,Profondeur,12,1,0,,Hauteur,48,1,0,,Hauteur de plafond,9 pi,1,0,,Type de coin,Coin 90 degres,1,0,,Style de porte,Shaker,1,0,,Moulure,3 po,1,0,,Couleur,Blanc Pur,1,0,,U9-C90-30-30-12-48,Armoire murale de coin,Armoires de cuisine > Armoires murales > Coin 90 degres,,1,30,30,12,48,9 pi,Coin 90 degres,Blanc Pur,3 po,Shaker 3 po - Blanc Pur,Trousse Design p.11
variable,UC-C90-24-24-12-54,Armoire murale de coin Coin 90 degres - 24 x 24 x 12 x 54 po,0,0,visible,"Armoire murale de coin Dilamco, dimensions 24 x 24 x 12 x 54 po. Finition Shaker disponible selon les variantes.","Module Dilamco armoire murale de coin (U9-C90-24-24-12-54), dimensions 24 x 24 x 12 x 54 po. Cabinet en contreplaqué avec fini intérieur en placage de bouleau. Porte HDF avec moulure en bouleau. Fini extérieur assorti à la porte selon la finition choisie. Prix, disponibilité, panneaux de finition, fillers et installation à confirmer avant publication.",,,taxable,1,,0,0,0,Armoires de cuisine > Armoires murales > Coin 90 degres,"Dilamco, armoires, Shaker, catalogue technique",,,0,Type de module,Armoire murale de coin,1,0,,Largeur,24,1,0,,Largeur B,24,1,0,,Profondeur,12,1,0,,Hauteur,54,1,0,,Hauteur de plafond,9 pi,1,0,,Type de coin,Coin 90 degres,1,0,,Style de porte,Shaker,1,0,Shaker,Moulure,1 po | 3 po,1,0,1 po,Couleur,Blanc Pur,1,0,Blanc Pur,U9-C90-24-24-12-54,Armoire murale de coin,Armoires de cuisine > Armoires murales > Coin 90 degres,,1,24,24,12,54,9 pi,Coin 90 degres,,,,Trousse Design p.11
variation,UC-C90-24-24-12-54-BP1,Armoire murale de coin Coin 90 degres - 24 x 24 x 12 x 54 po - Shaker 1 po - Blanc Pur,0,0,visible,"Armoire murale de coin Dilamco, dimensions 24 x 24 x 12 x 54 po. Finition Shaker disponible selon les variantes.","Module Dilamco armoire murale de coin (U9-C90-24-24-12-54), dimensions 24 x 24 x 12 x 54 po. Cabinet en contreplaqué avec fini intérieur en placage de bouleau. Porte HDF avec moulure en bouleau. Fini extérieur assorti à la porte selon la finition choisie. Prix, disponibilité, panneaux de finition, fillers et installation à confirmer avant publication.",,,taxable,1,,0,0,0,Armoires de cuisine > Armoires murales > Coin 90 degres,"Dilamco, armoires, Shaker, catalogue technique",,sku:U9-C90-24-24-12-54,1,Type de module,Armoire murale de coin,1,0,,Largeur,24,1,0,,Largeur B,24,1,0,,Profondeur,12,1,0,,Hauteur,54,1,0,,Hauteur de plafond,9 pi,1,0,,Type de coin,Coin 90 degres,1,0,,Style de porte,Shaker,1,0,,Moulure,1 po,1,0,,Couleur,Blanc Pur,1,0,,U9-C90-24-24-12-54,Armoire murale de coin,Armoires de cuisine > Armoires murales > Coin 90 degres,,1,24,24,12,54,9 pi,Coin 90 degres,Blanc Pur,1 po,Shaker 1 po - Blanc Pur,Trousse Design p.11
variation,UC-C90-24-24-12-54-BP3,Armoire murale de coin Coin 90 degres - 24 x 24 x 12 x 54 po - Shaker 3 po - Blanc Pur,0,0,visible,"Armoire murale de coin Dilamco, dimensions 24 x 24 x 12 x 54 po. Finition Shaker disponible selon les variantes.","Module Dilamco armoire murale de coin (U9-C90-24-24-12-54), dimensions 24 x 24 x 12 x 54 po. Cabinet en contreplaqué avec fini intérieur en placage de bouleau. Porte HDF avec moulure en bouleau. Fini extérieur assorti à la porte selon la finition choisie. Prix, disponibilité, panneaux de finition, fillers et installation à confirmer avant publication.",,,taxable,1,,0,0,0,Armoires de cuisine > Armoires murales > Coin 90 degres,"Dilamco, armoires, Shaker, catalogue technique",,sku:U9-C90-24-24-12-54,2,Type de module,Armoire murale de coin,1,0,,Largeur,24,1,0,,Largeur B,24,1,0,,Profondeur,12,1,0,,Hauteur,54,1,0,,Hauteur de plafond,9 pi,1,0,,Type de coin,Coin 90 degres,1,0,,Style de porte,Shaker,1,0,,Moulure,3 po,1,0,,Couleur,Blanc Pur,1,0,,U9-C90-24-24-12-54,Armoire murale de coin,Armoires de cuisine > Armoires murales > Coin 90 degres,,1,24,24,12,54,9 pi,Coin 90 degres,Blanc Pur,3 po,Shaker 3 po - Blanc Pur,Trousse Design p.11
variable,UC-C90-27-27-12-54,Armoire murale de coin Coin 90 degres - 27 x 27 x 12 x 54 po,0,0,visible,"Armoire murale de coin Dilamco, dimensions 27 x 27 x 12 x 54 po. Finition Shaker disponible selon les variantes.","Module Dilamco armoire murale de coin (U9-C90-27-27-12-54), dimensions 27 x 27 x 12 x 54 po. Cabinet en contreplaqué avec fini intérieur en placage de bouleau. Porte HDF avec moulure en bouleau. Fini extérieur assorti à la porte selon la finition choisie. Prix, disponibilité, panneaux de finition, fillers et installation à confirmer avant publication.",,,taxable,1,,0,0,0,Armoires de cuisine > Armoires murales > Coin 90 degres,"Dilamco, armoires, Shaker, catalogue technique",,,0,Type de module,Armoire murale de coin,1,0,,Largeur,27,1,0,,Largeur B,27,1,0,,Profondeur,12,1,0,,Hauteur,54,1,0,,Hauteur de plafond,9 pi,1,0,,Type de coin,Coin 90 degres,1,0,,Style de porte,Shaker,1,0,Shaker,Moulure,1 po | 3 po,1,0,1 po,Couleur,Blanc Pur,1,0,Blanc Pur,U9-C90-27-27-12-54,Armoire murale de coin,Armoires de cuisine > Armoires murales > Coin 90 degres,,1,27,27,12,54,9 pi,Coin 90 degres,,,,Trousse Design p.11
variation,UC-C90-27-27-12-54-BP1,Armoire murale de coin Coin 90 degres - 27 x 27 x 12 x 54 po - Shaker 1 po - Blanc Pur,0,0,visible,"Armoire murale de coin Dilamco, dimensions 27 x 27 x 12 x 54 po. Finition Shaker disponible selon les variantes.","Module Dilamco armoire murale de coin (U9-C90-27-27-12-54), dimensions 27 x 27 x 12 x 54 po. Cabinet en contreplaqué avec fini intérieur en placage de bouleau. Porte HDF avec moulure en bouleau. Fini extérieur assorti à la porte selon la finition choisie. Prix, disponibilité, panneaux de finition, fillers et installation à confirmer avant publication.",,,taxable,1,,0,0,0,Armoires de cuisine > Armoires murales > Coin 90 degres,"Dilamco, armoires, Shaker, catalogue technique",,sku:U9-C90-27-27-12-54,1,Type de module,Armoire murale de coin,1,0,,Largeur,27,1,0,,Largeur B,27,1,0,,Profondeur,12,1,0,,Hauteur,54,1,0,,Hauteur de plafond,9 pi,1,0,,Type de coin,Coin 90 degres,1,0,,Style de porte,Shaker,1,0,,Moulure,1 po,1,0,,Couleur,Blanc Pur,1,0,,U9-C90-27-27-12-54,Armoire murale de coin,Armoires de cuisine > Armoires murales > Coin 90 degres,,1,27,27,12,54,9 pi,Coin 90 degres,Blanc Pur,1 po,Shaker 1 po - Blanc Pur,Trousse Design p.11
variation,UC-C90-27-27-12-54-BP3,Armoire murale de coin Coin 90 degres - 27 x 27 x 12 x 54 po - Shaker 3 po - Blanc Pur,0,0,visible,"Armoire murale de coin Dilamco, dimensions 27 x 27 x 12 x 54 po. Finition Shaker disponible selon les variantes.","Module Dilamco armoire murale de coin (U9-C90-27-27-12-54), dimensions 27 x 27 x 12 x 54 po. Cabinet en contreplaqué avec fini intérieur en placage de bouleau. Porte HDF avec moulure en bouleau. Fini extérieur assorti à la porte selon la finition choisie. Prix, disponibilité, panneaux de finition, fillers et installation à confirmer avant publication.",,,taxable,1,,0,0,0,Armoires de cuisine > Armoires murales > Coin 90 degres,"Dilamco, armoires, Shaker, catalogue technique",,sku:U9-C90-27-27-12-54,2,Type de module,Armoire murale de coin,1,0,,Largeur,27,1,0,,Largeur B,27,1,0,,Profondeur,12,1,0,,Hauteur,54,1,0,,Hauteur de plafond,9 pi,1,0,,Type de coin,Coin 90 degres,1,0,,Style de porte,Shaker,1,0,,Moulure,3 po,1,0,,Couleur,Blanc Pur,1,0,,U9-C90-27-27-12-54,Armoire murale de coin,Armoires de cuisine > Armoires murales > Coin 90 degres,,1,27,27,12,54,9 pi,Coin 90 degres,Blanc Pur,3 po,Shaker 3 po - Blanc Pur,Trousse Design p.11
variable,UC-C90-30-30-12-54,Armoire murale de coin Coin 90 degres - 30 x 30 x 12 x 54 po,0,0,visible,"Armoire murale de coin Dilamco, dimensions 30 x 30 x 12 x 54 po. Finition Shaker disponible selon les variantes.","Module Dilamco armoire murale de coin (U9-C90-30-30-12-54), dimensions 30 x 30 x 12 x 54 po. Cabinet en contreplaqué avec fini intérieur en placage de bouleau. Porte HDF avec moulure en bouleau. Fini extérieur assorti à la porte selon la finition choisie. Prix, disponibilité, panneaux de finition, fillers et installation à confirmer avant publication.",,,taxable,1,,0,0,0,Armoires de cuisine > Armoires murales > Coin 90 degres,"Dilamco, armoires, Shaker, catalogue technique",,,0,Type de module,Armoire murale de coin,1,0,,Largeur,30,1,0,,Largeur B,30,1,0,,Profondeur,12,1,0,,Hauteur,54,1,0,,Hauteur de plafond,9 pi,1,0,,Type de coin,Coin 90 degres,1,0,,Style de porte,Shaker,1,0,Shaker,Moulure,1 po | 3 po,1,0,1 po,Couleur,Blanc Pur,1,0,Blanc Pur,U9-C90-30-30-12-54,Armoire murale de coin,Armoires de cuisine > Armoires murales > Coin 90 degres,,1,30,30,12,54,9 pi,Coin 90 degres,,,,Trousse Design p.11
variation,UC-C90-30-30-12-54-BP1,Armoire murale de coin Coin 90 degres - 30 x 30 x 12 x 54 po - Shaker 1 po - Blanc Pur,0,0,visible,"Armoire murale de coin Dilamco, dimensions 30 x 30 x 12 x 54 po. Finition Shaker disponible selon les variantes.","Module Dilamco armoire murale de coin (U9-C90-30-30-12-54), dimensions 30 x 30 x 12 x 54 po. Cabinet en contreplaqué avec fini intérieur en placage de bouleau. Porte HDF avec moulure en bouleau. Fini extérieur assorti à la porte selon la finition choisie. Prix, disponibilité, panneaux de finition, fillers et installation à confirmer avant publication.",,,taxable,1,,0,0,0,Armoires de cuisine > Armoires murales > Coin 90 degres,"Dilamco, armoires, Shaker, catalogue technique",,sku:U9-C90-30-30-12-54,1,Type de module,Armoire murale de coin,1,0,,Largeur,30,1,0,,Largeur B,30,1,0,,Profondeur,12,1,0,,Hauteur,54,1,0,,Hauteur de plafond,9 pi,1,0,,Type de coin,Coin 90 degres,1,0,,Style de porte,Shaker,1,0,,Moulure,1 po,1,0,,Couleur,Blanc Pur,1,0,,U9-C90-30-30-12-54,Armoire murale de coin,Armoires de cuisine > Armoires murales > Coin 90 degres,,1,30,30,12,54,9 pi,Coin 90 degres,Blanc Pur,1 po,Shaker 1 po - Blanc Pur,Trousse Design p.11
variation,UC-C90-30-30-12-54-BP3,Armoire murale de coin Coin 90 degres - 30 x 30 x 12 x 54 po - Shaker 3 po - Blanc Pur,0,0,visible,"Armoire murale de coin Dilamco, dimensions 30 x 30 x 12 x 54 po. Finition Shaker disponible selon les variantes.","Module Dilamco armoire murale de coin (U9-C90-30-30-12-54), dimensions 30 x 30 x 12 x 54 po. Cabinet en contreplaqué avec fini intérieur en placage de bouleau. Porte HDF avec moulure en bouleau. Fini extérieur assorti à la porte selon la finition choisie. Prix, disponibilité, panneaux de finition, fillers et installation à confirmer avant publication.",,,taxable,1,,0,0,0,Armoires de cuisine > Armoires murales > Coin 90 degres,"Dilamco, armoires, Shaker, catalogue technique",,sku:U9-C90-30-30-12-54,2,Type de module,Armoire murale de coin,1,0,,Largeur,30,1,0,,Largeur B,30,1,0,,Profondeur,12,1,0,,Hauteur,54,1,0,,Hauteur de plafond,9 pi,1,0,,Type de coin,Coin 90 degres,1,0,,Style de porte,Shaker,1,0,,Moulure,3 po,1,0,,Couleur,Blanc Pur,1,0,,U9-C90-30-30-12-54,Armoire murale de coin,Armoires de cuisine > Armoires murales > Coin 90 degres,,1,30,30,12,54,9 pi,Coin 90 degres,Blanc Pur,3 po,Shaker 3 po - Blanc Pur,Trousse Design p.11
variable,UC-C45-24-24-12-42,Armoire murale de coin Coin 45 degres - 24 x 24 x 12 x 42 po,0,0,visible,"Armoire murale de coin Dilamco, dimensions 24 x 24 x 12 x 42 po. Finition Shaker disponible selon les variantes.","Module Dilamco armoire murale de coin (U9-C45-24-24-12-42), dimensions 24 x 24 x 12 x 42 po. Cabinet en contreplaqué avec fini intérieur en placage de bouleau. Porte HDF avec moulure en bouleau. Fini extérieur assorti à la porte selon la finition choisie. Prix, disponibilité, panneaux de finition, fillers et installation à confirmer avant publication.",,,taxable,1,,0,0,0,Armoires de cuisine > Armoires murales > Coin 45 degres,"Dilamco, armoires, Shaker, catalogue technique",,,0,Type de module,Armoire murale de coin,1,0,,Largeur,24,1,0,,Largeur B,24,1,0,,Profondeur,12,1,0,,Hauteur,42,1,0,,Hauteur de plafond,9 pi,1,0,,Type de coin,Coin 45 degres,1,0,,Style de porte,Shaker,1,0,Shaker,Moulure,1 po | 3 po,1,0,1 po,Couleur,Blanc Pur,1,0,Blanc Pur,U9-C45-24-24-12-42,Armoire murale de coin,Armoires de cuisine > Armoires murales > Coin 45 degres,,1,24,24,12,42,9 pi,Coin 45 degres,,,,Trousse Design p.12
variation,UC-C45-24-24-12-42-BP1,Armoire murale de coin Coin 45 degres - 24 x 24 x 12 x 42 po - Shaker 1 po - Blanc Pur,0,0,visible,"Armoire murale de coin Dilamco, dimensions 24 x 24 x 12 x 42 po. Finition Shaker disponible selon les variantes.","Module Dilamco armoire murale de coin (U9-C45-24-24-12-42), dimensions 24 x 24 x 12 x 42 po. Cabinet en contreplaqué avec fini intérieur en placage de bouleau. Porte HDF avec moulure en bouleau. Fini extérieur assorti à la porte selon la finition choisie. Prix, disponibilité, panneaux de finition, fillers et installation à confirmer avant publication.",,,taxable,1,,0,0,0,Armoires de cuisine > Armoires murales > Coin 45 degres,"Dilamco, armoires, Shaker, catalogue technique",,sku:U9-C45-24-24-12-42,1,Type de module,Armoire murale de coin,1,0,,Largeur,24,1,0,,Largeur B,24,1,0,,Profondeur,12,1,0,,Hauteur,42,1,0,,Hauteur de plafond,9 pi,1,0,,Type de coin,Coin 45 degres,1,0,,Style de porte,Shaker,1,0,,Moulure,1 po,1,0,,Couleur,Blanc Pur,1,0,,U9-C45-24-24-12-42,Armoire murale de coin,Armoires de cuisine > Armoires murales > Coin 45 degres,,1,24,24,12,42,9 pi,Coin 45 degres,Blanc Pur,1 po,Shaker 1 po - Blanc Pur,Trousse Design p.12
variation,UC-C45-24-24-12-42-BP3,Armoire murale de coin Coin 45 degres - 24 x 24 x 12 x 42 po - Shaker 3 po - Blanc Pur,0,0,visible,"Armoire murale de coin Dilamco, dimensions 24 x 24 x 12 x 42 po. Finition Shaker disponible selon les variantes.","Module Dilamco armoire murale de coin (U9-C45-24-24-12-42), dimensions 24 x 24 x 12 x 42 po. Cabinet en contreplaqué avec fini intérieur en placage de bouleau. Porte HDF avec moulure en bouleau. Fini extérieur assorti à la porte selon la finition choisie. Prix, disponibilité, panneaux de finition, fillers et installation à confirmer avant publication.",,,taxable,1,,0,0,0,Armoires de cuisine > Armoires murales > Coin 45 degres,"Dilamco, armoires, Shaker, catalogue technique",,sku:U9-C45-24-24-12-42,2,Type de module,Armoire murale de coin,1,0,,Largeur,24,1,0,,Largeur B,24,1,0,,Profondeur,12,1,0,,Hauteur,42,1,0,,Hauteur de plafond,9 pi,1,0,,Type de coin,Coin 45 degres,1,0,,Style de porte,Shaker,1,0,,Moulure,3 po,1,0,,Couleur,Blanc Pur,1,0,,U9-C45-24-24-12-42,Armoire murale de coin,Armoires de cuisine > Armoires murales > Coin 45 degres,,1,24,24,12,42,9 pi,Coin 45 degres,Blanc Pur,3 po,Shaker 3 po - Blanc Pur,Trousse Design p.12
variable,UC-C45-27-27-12-42,Armoire murale de coin Coin 45 degres - 27 x 27 x 12 x 42 po,0,0,visible,"Armoire murale de coin Dilamco, dimensions 27 x 27 x 12 x 42 po. Finition Shaker disponible selon les variantes.","Module Dilamco armoire murale de coin (U9-C45-27-27-12-42), dimensions 27 x 27 x 12 x 42 po. Cabinet en contreplaqué avec fini intérieur en placage de bouleau. Porte HDF avec moulure en bouleau. Fini extérieur assorti à la porte selon la finition choisie. Prix, disponibilité, panneaux de finition, fillers et installation à confirmer avant publication.",,,taxable,1,,0,0,0,Armoires de cuisine > Armoires murales > Coin 45 degres,"Dilamco, armoires, Shaker, catalogue technique",,,0,Type de module,Armoire murale de coin,1,0,,Largeur,27,1,0,,Largeur B,27,1,0,,Profondeur,12,1,0,,Hauteur,42,1,0,,Hauteur de plafond,9 pi,1,0,,Type de coin,Coin 45 degres,1,0,,Style de porte,Shaker,1,0,Shaker,Moulure,1 po | 3 po,1,0,1 po,Couleur,Blanc Pur,1,0,Blanc Pur,U9-C45-27-27-12-42,Armoire murale de coin,Armoires de cuisine > Armoires murales > Coin 45 degres,,1,27,27,12,42,9 pi,Coin 45 degres,,,,Trousse Design p.12
variation,UC-C45-27-27-12-42-BP1,Armoire murale de coin Coin 45 degres - 27 x 27 x 12 x 42 po - Shaker 1 po - Blanc Pur,0,0,visible,"Armoire murale de coin Dilamco, dimensions 27 x 27 x 12 x 42 po. Finition Shaker disponible selon les variantes.","Module Dilamco armoire murale de coin (U9-C45-27-27-12-42), dimensions 27 x 27 x 12 x 42 po. Cabinet en contreplaqué avec fini intérieur en placage de bouleau. Porte HDF avec moulure en bouleau. Fini extérieur assorti à la porte selon la finition choisie. Prix, disponibilité, panneaux de finition, fillers et installation à confirmer avant publication.",,,taxable,1,,0,0,0,Armoires de cuisine > Armoires murales > Coin 45 degres,"Dilamco, armoires, Shaker, catalogue technique",,sku:U9-C45-27-27-12-42,1,Type de module,Armoire murale de coin,1,0,,Largeur,27,1,0,,Largeur B,27,1,0,,Profondeur,12,1,0,,Hauteur,42,1,0,,Hauteur de plafond,9 pi,1,0,,Type de coin,Coin 45 degres,1,0,,Style de porte,Shaker,1,0,,Moulure,1 po,1,0,,Couleur,Blanc Pur,1,0,,U9-C45-27-27-12-42,Armoire murale de coin,Armoires de cuisine > Armoires murales > Coin 45 degres,,1,27,27,12,42,9 pi,Coin 45 degres,Blanc Pur,1 po,Shaker 1 po - Blanc Pur,Trousse Design p.12
variation,UC-C45-27-27-12-42-BP3,Armoire murale de coin Coin 45 degres - 27 x 27 x 12 x 42 po - Shaker 3 po - Blanc Pur,0,0,visible,"Armoire murale de coin Dilamco, dimensions 27 x 27 x 12 x 42 po. Finition Shaker disponible selon les variantes.","Module Dilamco armoire murale de coin (U9-C45-27-27-12-42), dimensions 27 x 27 x 12 x 42 po. Cabinet en contreplaqué avec fini intérieur en placage de bouleau. Porte HDF avec moulure en bouleau. Fini extérieur assorti à la porte selon la finition choisie. Prix, disponibilité, panneaux de finition, fillers et installation à confirmer avant publication.",,,taxable,1,,0,0,0,Armoires de cuisine > Armoires murales > Coin 45 degres,"Dilamco, armoires, Shaker, catalogue technique",,sku:U9-C45-27-27-12-42,2,Type de module,Armoire murale de coin,1,0,,Largeur,27,1,0,,Largeur B,27,1,0,,Profondeur,12,1,0,,Hauteur,42,1,0,,Hauteur de plafond,9 pi,1,0,,Type de coin,Coin 45 degres,1,0,,Style de porte,Shaker,1,0,,Moulure,3 po,1,0,,Couleur,Blanc Pur,1,0,,U9-C45-27-27-12-42,Armoire murale de coin,Armoires de cuisine > Armoires murales > Coin 45 degres,,1,27,27,12,42,9 pi,Coin 45 degres,Blanc Pur,3 po,Shaker 3 po - Blanc Pur,Trousse Design p.12
variable,UC-C45-30-30-12-42,Armoire murale de coin Coin 45 degres - 30 x 30 x 12 x 42 po,0,0,visible,"Armoire murale de coin Dilamco, dimensions 30 x 30 x 12 x 42 po. Finition Shaker disponible selon les variantes.","Module Dilamco armoire murale de coin (U9-C45-30-30-12-42), dimensions 30 x 30 x 12 x 42 po. Cabinet en contreplaqué avec fini intérieur en placage de bouleau. Porte HDF avec moulure en bouleau. Fini extérieur assorti à la porte selon la finition choisie. Prix, disponibilité, panneaux de finition, fillers et installation à confirmer avant publication.",,,taxable,1,,0,0,0,Armoires de cuisine > Armoires murales > Coin 45 degres,"Dilamco, armoires, Shaker, catalogue technique",,,0,Type de module,Armoire murale de coin,1,0,,Largeur,30,1,0,,Largeur B,30,1,0,,Profondeur,12,1,0,,Hauteur,42,1,0,,Hauteur de plafond,9 pi,1,0,,Type de coin,Coin 45 degres,1,0,,Style de porte,Shaker,1,0,Shaker,Moulure,1 po | 3 po,1,0,1 po,Couleur,Blanc Pur,1,0,Blanc Pur,U9-C45-30-30-12-42,Armoire murale de coin,Armoires de cuisine > Armoires murales > Coin 45 degres,,1,30,30,12,42,9 pi,Coin 45 degres,,,,Trousse Design p.12
variation,UC-C45-30-30-12-42-BP1,Armoire murale de coin Coin 45 degres - 30 x 30 x 12 x 42 po - Shaker 1 po - Blanc Pur,0,0,visible,"Armoire murale de coin Dilamco, dimensions 30 x 30 x 12 x 42 po. Finition Shaker disponible selon les variantes.","Module Dilamco armoire murale de coin (U9-C45-30-30-12-42), dimensions 30 x 30 x 12 x 42 po. Cabinet en contreplaqué avec fini intérieur en placage de bouleau. Porte HDF avec moulure en bouleau. Fini extérieur assorti à la porte selon la finition choisie. Prix, disponibilité, panneaux de finition, fillers et installation à confirmer avant publication.",,,taxable,1,,0,0,0,Armoires de cuisine > Armoires murales > Coin 45 degres,"Dilamco, armoires, Shaker, catalogue technique",,sku:U9-C45-30-30-12-42,1,Type de module,Armoire murale de coin,1,0,,Largeur,30,1,0,,Largeur B,30,1,0,,Profondeur,12,1,0,,Hauteur,42,1,0,,Hauteur de plafond,9 pi,1,0,,Type de coin,Coin 45 degres,1,0,,Style de porte,Shaker,1,0,,Moulure,1 po,1,0,,Couleur,Blanc Pur,1,0,,U9-C45-30-30-12-42,Armoire murale de coin,Armoires de cuisine > Armoires murales > Coin 45 degres,,1,30,30,12,42,9 pi,Coin 45 degres,Blanc Pur,1 po,Shaker 1 po - Blanc Pur,Trousse Design p.12
variation,UC-C45-30-30-12-42-BP3,Armoire murale de coin Coin 45 degres - 30 x 30 x 12 x 42 po - Shaker 3 po - Blanc Pur,0,0,visible,"Armoire murale de coin Dilamco, dimensions 30 x 30 x 12 x 42 po. Finition Shaker disponible selon les variantes.","Module Dilamco armoire murale de coin (U9-C45-30-30-12-42), dimensions 30 x 30 x 12 x 42 po. Cabinet en contreplaqué avec fini intérieur en placage de bouleau. Porte HDF avec moulure en bouleau. Fini extérieur assorti à la porte selon la finition choisie. Prix, disponibilité, panneaux de finition, fillers et installation à confirmer avant publication.",,,taxable,1,,0,0,0,Armoires de cuisine > Armoires murales > Coin 45 degres,"Dilamco, armoires, Shaker, catalogue technique",,sku:U9-C45-30-30-12-42,2,Type de module,Armoire murale de coin,1,0,,Largeur,30,1,0,,Largeur B,30,1,0,,Profondeur,12,1,0,,Hauteur,42,1,0,,Hauteur de plafond,9 pi,1,0,,Type de coin,Coin 45 degres,1,0,,Style de porte,Shaker,1,0,,Moulure,3 po,1,0,,Couleur,Blanc Pur,1,0,,U9-C45-30-30-12-42,Armoire murale de coin,Armoires de cuisine > Armoires murales > Coin 45 degres,,1,30,30,12,42,9 pi,Coin 45 degres,Blanc Pur,3 po,Shaker 3 po - Blanc Pur,Trousse Design p.12
variable,UC-C45-24-24-12-45,Armoire murale de coin Coin 45 degres - 24 x 24 x 12 x 45 po,0,0,visible,"Armoire murale de coin Dilamco, dimensions 24 x 24 x 12 x 45 po. Finition Shaker disponible selon les variantes.","Module Dilamco armoire murale de coin (U9-C45-24-24-12-45), dimensions 24 x 24 x 12 x 45 po. Cabinet en contreplaqué avec fini intérieur en placage de bouleau. Porte HDF avec moulure en bouleau. Fini extérieur assorti à la porte selon la finition choisie. Prix, disponibilité, panneaux de finition, fillers et installation à confirmer avant publication.",,,taxable,1,,0,0,0,Armoires de cuisine > Armoires murales > Coin 45 degres,"Dilamco, armoires, Shaker, catalogue technique",,,0,Type de module,Armoire murale de coin,1,0,,Largeur,24,1,0,,Largeur B,24,1,0,,Profondeur,12,1,0,,Hauteur,45,1,0,,Hauteur de plafond,9 pi,1,0,,Type de coin,Coin 45 degres,1,0,,Style de porte,Shaker,1,0,Shaker,Moulure,1 po | 3 po,1,0,1 po,Couleur,Blanc Pur,1,0,Blanc Pur,U9-C45-24-24-12-45,Armoire murale de coin,Armoires de cuisine > Armoires murales > Coin 45 degres,,1,24,24,12,45,9 pi,Coin 45 degres,,,,Trousse Design p.12
variation,UC-C45-24-24-12-45-BP1,Armoire murale de coin Coin 45 degres - 24 x 24 x 12 x 45 po - Shaker 1 po - Blanc Pur,0,0,visible,"Armoire murale de coin Dilamco, dimensions 24 x 24 x 12 x 45 po. Finition Shaker disponible selon les variantes.","Module Dilamco armoire murale de coin (U9-C45-24-24-12-45), dimensions 24 x 24 x 12 x 45 po. Cabinet en contreplaqué avec fini intérieur en placage de bouleau. Porte HDF avec moulure en bouleau. Fini extérieur assorti à la porte selon la finition choisie. Prix, disponibilité, panneaux de finition, fillers et installation à confirmer avant publication.",,,taxable,1,,0,0,0,Armoires de cuisine > Armoires murales > Coin 45 degres,"Dilamco, armoires, Shaker, catalogue technique",,sku:U9-C45-24-24-12-45,1,Type de module,Armoire murale de coin,1,0,,Largeur,24,1,0,,Largeur B,24,1,0,,Profondeur,12,1,0,,Hauteur,45,1,0,,Hauteur de plafond,9 pi,1,0,,Type de coin,Coin 45 degres,1,0,,Style de porte,Shaker,1,0,,Moulure,1 po,1,0,,Couleur,Blanc Pur,1,0,,U9-C45-24-24-12-45,Armoire murale de coin,Armoires de cuisine > Armoires murales > Coin 45 degres,,1,24,24,12,45,9 pi,Coin 45 degres,Blanc Pur,1 po,Shaker 1 po - Blanc Pur,Trousse Design p.12
variation,UC-C45-24-24-12-45-BP3,Armoire murale de coin Coin 45 degres - 24 x 24 x 12 x 45 po - Shaker 3 po - Blanc Pur,0,0,visible,"Armoire murale de coin Dilamco, dimensions 24 x 24 x 12 x 45 po. Finition Shaker disponible selon les variantes.","Module Dilamco armoire murale de coin (U9-C45-24-24-12-45), dimensions 24 x 24 x 12 x 45 po. Cabinet en contreplaqué avec fini intérieur en placage de bouleau. Porte HDF avec moulure en bouleau. Fini extérieur assorti à la porte selon la finition choisie. Prix, disponibilité, panneaux de finition, fillers et installation à confirmer avant publication.",,,taxable,1,,0,0,0,Armoires de cuisine > Armoires murales > Coin 45 degres,"Dilamco, armoires, Shaker, catalogue technique",,sku:U9-C45-24-24-12-45,2,Type de module,Armoire murale de coin,1,0,,Largeur,24,1,0,,Largeur B,24,1,0,,Profondeur,12,1,0,,Hauteur,45,1,0,,Hauteur de plafond,9 pi,1,0,,Type de coin,Coin 45 degres,1,0,,Style de porte,Shaker,1,0,,Moulure,3 po,1,0,,Couleur,Blanc Pur,1,0,,U9-C45-24-24-12-45,Armoire murale de coin,Armoires de cuisine > Armoires murales > Coin 45 degres,,1,24,24,12,45,9 pi,Coin 45 degres,Blanc Pur,3 po,Shaker 3 po - Blanc Pur,Trousse Design p.12
variable,UC-C45-27-27-12-45,Armoire murale de coin Coin 45 degres - 27 x 27 x 12 x 45 po,0,0,visible,"Armoire murale de coin Dilamco, dimensions 27 x 27 x 12 x 45 po. Finition Shaker disponible selon les variantes.","Module Dilamco armoire murale de coin (U9-C45-27-27-12-45), dimensions 27 x 27 x 12 x 45 po. Cabinet en contreplaqué avec fini intérieur en placage de bouleau. Porte HDF avec moulure en bouleau. Fini extérieur assorti à la porte selon la finition choisie. Prix, disponibilité, panneaux de finition, fillers et installation à confirmer avant publication.",,,taxable,1,,0,0,0,Armoires de cuisine > Armoires murales > Coin 45 degres,"Dilamco, armoires, Shaker, catalogue technique",,,0,Type de module,Armoire murale de coin,1,0,,Largeur,27,1,0,,Largeur B,27,1,0,,Profondeur,12,1,0,,Hauteur,45,1,0,,Hauteur de plafond,9 pi,1,0,,Type de coin,Coin 45 degres,1,0,,Style de porte,Shaker,1,0,Shaker,Moulure,1 po | 3 po,1,0,1 po,Couleur,Blanc Pur,1,0,Blanc Pur,U9-C45-27-27-12-45,Armoire murale de coin,Armoires de cuisine > Armoires murales > Coin 45 degres,,1,27,27,12,45,9 pi,Coin 45 degres,,,,Trousse Design p.12
variation,UC-C45-27-27-12-45-BP1,Armoire murale de coin Coin 45 degres - 27 x 27 x 12 x 45 po - Shaker 1 po - Blanc Pur,0,0,visible,"Armoire murale de coin Dilamco, dimensions 27 x 27 x 12 x 45 po. Finition Shaker disponible selon les variantes.","Module Dilamco armoire murale de coin (U9-C45-27-27-12-45), dimensions 27 x 27 x 12 x 45 po. Cabinet en contreplaqué avec fini intérieur en placage de bouleau. Porte HDF avec moulure en bouleau. Fini extérieur assorti à la porte selon la finition choisie. Prix, disponibilité, panneaux de finition, fillers et installation à confirmer avant publication.",,,taxable,1,,0,0,0,Armoires de cuisine > Armoires murales > Coin 45 degres,"Dilamco, armoires, Shaker, catalogue technique",,sku:U9-C45-27-27-12-45,1,Type de module,Armoire murale de coin,1,0,,Largeur,27,1,0,,Largeur B,27,1,0,,Profondeur,12,1,0,,Hauteur,45,1,0,,Hauteur de plafond,9 pi,1,0,,Type de coin,Coin 45 degres,1,0,,Style de porte,Shaker,1,0,,Moulure,1 po,1,0,,Couleur,Blanc Pur,1,0,,U9-C45-27-27-12-45,Armoire murale de coin,Armoires de cuisine > Armoires murales > Coin 45 degres,,1,27,27,12,45,9 pi,Coin 45 degres,Blanc Pur,1 po,Shaker 1 po - Blanc Pur,Trousse Design p.12
variation,UC-C45-27-27-12-45-BP3,Armoire murale de coin Coin 45 degres - 27 x 27 x 12 x 45 po - Shaker 3 po - Blanc Pur,0,0,visible,"Armoire murale de coin Dilamco, dimensions 27 x 27 x 12 x 45 po. Finition Shaker disponible selon les variantes.","Module Dilamco armoire murale de coin (U9-C45-27-27-12-45), dimensions 27 x 27 x 12 x 45 po. Cabinet en contreplaqué avec fini intérieur en placage de bouleau. Porte HDF avec moulure en bouleau. Fini extérieur assorti à la porte selon la finition choisie. Prix, disponibilité, panneaux de finition, fillers et installation à confirmer avant publication.",,,taxable,1,,0,0,0,Armoires de cuisine > Armoires murales > Coin 45 degres,"Dilamco, armoires, Shaker, catalogue technique",,sku:U9-C45-27-27-12-45,2,Type de module,Armoire murale de coin,1,0,,Largeur,27,1,0,,Largeur B,27,1,0,,Profondeur,12,1,0,,Hauteur,45,1,0,,Hauteur de plafond,9 pi,1,0,,Type de coin,Coin 45 degres,1,0,,Style de porte,Shaker,1,0,,Moulure,3 po,1,0,,Couleur,Blanc Pur,1,0,,U9-C45-27-27-12-45,Armoire murale de coin,Armoires de cuisine > Armoires murales > Coin 45 degres,,1,27,27,12,45,9 pi,Coin 45 degres,Blanc Pur,3 po,Shaker 3 po - Blanc Pur,Trousse Design p.12
variable,UC-C45-30-30-12-45,Armoire murale de coin Coin 45 degres - 30 x 30 x 12 x 45 po,0,0,visible,"Armoire murale de coin Dilamco, dimensions 30 x 30 x 12 x 45 po. Finition Shaker disponible selon les variantes.","Module Dilamco armoire murale de coin (U9-C45-30-30-12-45), dimensions 30 x 30 x 12 x 45 po. Cabinet en contreplaqué avec fini intérieur en placage de bouleau. Porte HDF avec moulure en bouleau. Fini extérieur assorti à la porte selon la finition choisie. Prix, disponibilité, panneaux de finition, fillers et installation à confirmer avant publication.",,,taxable,1,,0,0,0,Armoires de cuisine > Armoires murales > Coin 45 degres,"Dilamco, armoires, Shaker, catalogue technique",,,0,Type de module,Armoire murale de coin,1,0,,Largeur,30,1,0,,Largeur B,30,1,0,,Profondeur,12,1,0,,Hauteur,45,1,0,,Hauteur de plafond,9 pi,1,0,,Type de coin,Coin 45 degres,1,0,,Style de porte,Shaker,1,0,Shaker,Moulure,1 po | 3 po,1,0,1 po,Couleur,Blanc Pur,1,0,Blanc Pur,U9-C45-30-30-12-45,Armoire murale de coin,Armoires de cuisine > Armoires murales > Coin 45 degres,,1,30,30,12,45,9 pi,Coin 45 degres,,,,Trousse Design p.12
variation,UC-C45-30-30-12-45-BP1,Armoire murale de coin Coin 45 degres - 30 x 30 x 12 x 45 po - Shaker 1 po - Blanc Pur,0,0,visible,"Armoire murale de coin Dilamco, dimensions 30 x 30 x 12 x 45 po. Finition Shaker disponible selon les variantes.","Module Dilamco armoire murale de coin (U9-C45-30-30-12-45), dimensions 30 x 30 x 12 x 45 po. Cabinet en contreplaqué avec fini intérieur en placage de bouleau. Porte HDF avec moulure en bouleau. Fini extérieur assorti à la porte selon la finition choisie. Prix, disponibilité, panneaux de finition, fillers et installation à confirmer avant publication.",,,taxable,1,,0,0,0,Armoires de cuisine > Armoires murales > Coin 45 degres,"Dilamco, armoires, Shaker, catalogue technique",,sku:U9-C45-30-30-12-45,1,Type de module,Armoire murale de coin,1,0,,Largeur,30,1,0,,Largeur B,30,1,0,,Profondeur,12,1,0,,Hauteur,45,1,0,,Hauteur de plafond,9 pi,1,0,,Type de coin,Coin 45 degres,1,0,,Style de porte,Shaker,1,0,,Moulure,1 po,1,0,,Couleur,Blanc Pur,1,0,,U9-C45-30-30-12-45,Armoire murale de coin,Armoires de cuisine > Armoires murales > Coin 45 degres,,1,30,30,12,45,9 pi,Coin 45 degres,Blanc Pur,1 po,Shaker 1 po - Blanc Pur,Trousse Design p.12
variation,UC-C45-30-30-12-45-BP3,Armoire murale de coin Coin 45 degres - 30 x 30 x 12 x 45 po - Shaker 3 po - Blanc Pur,0,0,visible,"Armoire murale de coin Dilamco, dimensions 30 x 30 x 12 x 45 po. Finition Shaker disponible selon les variantes.","Module Dilamco armoire murale de coin (U9-C45-30-30-12-45), dimensions 30 x 30 x 12 x 45 po. Cabinet en contreplaqué avec fini intérieur en placage de bouleau. Porte HDF avec moulure en bouleau. Fini extérieur assorti à la porte selon la finition choisie. Prix, disponibilité, panneaux de finition, fillers et installation à confirmer avant publication.",,,taxable,1,,0,0,0,Armoires de cuisine > Armoires murales > Coin 45 degres,"Dilamco, armoires, Shaker, catalogue technique",,sku:U9-C45-30-30-12-45,2,Type de module,Armoire murale de coin,1,0,,Largeur,30,1,0,,Largeur B,30,1,0,,Profondeur,12,1,0,,Hauteur,45,1,0,,Hauteur de plafond,9 pi,1,0,,Type de coin,Coin 45 degres,1,0,,Style de porte,Shaker,1,0,,Moulure,3 po,1,0,,Couleur,Blanc Pur,1,0,,U9-C45-30-30-12-45,Armoire murale de coin,Armoires de cuisine > Armoires murales > Coin 45 degres,,1,30,30,12,45,9 pi,Coin 45 degres,Blanc Pur,3 po,Shaker 3 po - Blanc Pur,Trousse Design p.12
variable,UC-C45-24-24-12-48,Armoire murale de coin Coin 45 degres - 24 x 24 x 12 x 48 po,0,0,visible,"Armoire murale de coin Dilamco, dimensions 24 x 24 x 12 x 48 po. Finition Shaker disponible selon les variantes.","Module Dilamco armoire murale de coin (U9-C45-24-24-12-48), dimensions 24 x 24 x 12 x 48 po. Cabinet en contreplaqué avec fini intérieur en placage de bouleau. Porte HDF avec moulure en bouleau. Fini extérieur assorti à la porte selon la finition choisie. Prix, disponibilité, panneaux de finition, fillers et installation à confirmer avant publication.",,,taxable,1,,0,0,0,Armoires de cuisine > Armoires murales > Coin 45 degres,"Dilamco, armoires, Shaker, catalogue technique",,,0,Type de module,Armoire murale de coin,1,0,,Largeur,24,1,0,,Largeur B,24,1,0,,Profondeur,12,1,0,,Hauteur,48,1,0,,Hauteur de plafond,9 pi,1,0,,Type de coin,Coin 45 degres,1,0,,Style de porte,Shaker,1,0,Shaker,Moulure,1 po | 3 po,1,0,1 po,Couleur,Blanc Pur,1,0,Blanc Pur,U9-C45-24-24-12-48,Armoire murale de coin,Armoires de cuisine > Armoires murales > Coin 45 degres,,1,24,24,12,48,9 pi,Coin 45 degres,,,,Trousse Design p.12
variation,UC-C45-24-24-12-48-BP1,Armoire murale de coin Coin 45 degres - 24 x 24 x 12 x 48 po - Shaker 1 po - Blanc Pur,0,0,visible,"Armoire murale de coin Dilamco, dimensions 24 x 24 x 12 x 48 po. Finition Shaker disponible selon les variantes.","Module Dilamco armoire murale de coin (U9-C45-24-24-12-48), dimensions 24 x 24 x 12 x 48 po. Cabinet en contreplaqué avec fini intérieur en placage de bouleau. Porte HDF avec moulure en bouleau. Fini extérieur assorti à la porte selon la finition choisie. Prix, disponibilité, panneaux de finition, fillers et installation à confirmer avant publication.",,,taxable,1,,0,0,0,Armoires de cuisine > Armoires murales > Coin 45 degres,"Dilamco, armoires, Shaker, catalogue technique",,sku:U9-C45-24-24-12-48,1,Type de module,Armoire murale de coin,1,0,,Largeur,24,1,0,,Largeur B,24,1,0,,Profondeur,12,1,0,,Hauteur,48,1,0,,Hauteur de plafond,9 pi,1,0,,Type de coin,Coin 45 degres,1,0,,Style de porte,Shaker,1,0,,Moulure,1 po,1,0,,Couleur,Blanc Pur,1,0,,U9-C45-24-24-12-48,Armoire murale de coin,Armoires de cuisine > Armoires murales > Coin 45 degres,,1,24,24,12,48,9 pi,Coin 45 degres,Blanc Pur,1 po,Shaker 1 po - Blanc Pur,Trousse Design p.12
variation,UC-C45-24-24-12-48-BP3,Armoire murale de coin Coin 45 degres - 24 x 24 x 12 x 48 po - Shaker 3 po - Blanc Pur,0,0,visible,"Armoire murale de coin Dilamco, dimensions 24 x 24 x 12 x 48 po. Finition Shaker disponible selon les variantes.","Module Dilamco armoire murale de coin (U9-C45-24-24-12-48), dimensions 24 x 24 x 12 x 48 po. Cabinet en contreplaqué avec fini intérieur en placage de bouleau. Porte HDF avec moulure en bouleau. Fini extérieur assorti à la porte selon la finition choisie. Prix, disponibilité, panneaux de finition, fillers et installation à confirmer avant publication.",,,taxable,1,,0,0,0,Armoires de cuisine > Armoires murales > Coin 45 degres,"Dilamco, armoires, Shaker, catalogue technique",,sku:U9-C45-24-24-12-48,2,Type de module,Armoire murale de coin,1,0,,Largeur,24,1,0,,Largeur B,24,1,0,,Profondeur,12,1,0,,Hauteur,48,1,0,,Hauteur de plafond,9 pi,1,0,,Type de coin,Coin 45 degres,1,0,,Style de porte,Shaker,1,0,,Moulure,3 po,1,0,,Couleur,Blanc Pur,1,0,,U9-C45-24-24-12-48,Armoire murale de coin,Armoires de cuisine > Armoires murales > Coin 45 degres,,1,24,24,12,48,9 pi,Coin 45 degres,Blanc Pur,3 po,Shaker 3 po - Blanc Pur,Trousse Design p.12
variable,UC-C45-27-27-12-48,Armoire murale de coin Coin 45 degres - 27 x 27 x 12 x 48 po,0,0,visible,"Armoire murale de coin Dilamco, dimensions 27 x 27 x 12 x 48 po. Finition Shaker disponible selon les variantes.","Module Dilamco armoire murale de coin (U9-C45-27-27-12-48), dimensions 27 x 27 x 12 x 48 po. Cabinet en contreplaqué avec fini intérieur en placage de bouleau. Porte HDF avec moulure en bouleau. Fini extérieur assorti à la porte selon la finition choisie. Prix, disponibilité, panneaux de finition, fillers et installation à confirmer avant publication.",,,taxable,1,,0,0,0,Armoires de cuisine > Armoires murales > Coin 45 degres,"Dilamco, armoires, Shaker, catalogue technique",,,0,Type de module,Armoire murale de coin,1,0,,Largeur,27,1,0,,Largeur B,27,1,0,,Profondeur,12,1,0,,Hauteur,48,1,0,,Hauteur de plafond,9 pi,1,0,,Type de coin,Coin 45 degres,1,0,,Style de porte,Shaker,1,0,Shaker,Moulure,1 po | 3 po,1,0,1 po,Couleur,Blanc Pur,1,0,Blanc Pur,U9-C45-27-27-12-48,Armoire murale de coin,Armoires de cuisine > Armoires murales > Coin 45 degres,,1,27,27,12,48,9 pi,Coin 45 degres,,,,Trousse Design p.12
variation,UC-C45-27-27-12-48-BP1,Armoire murale de coin Coin 45 degres - 27 x 27 x 12 x 48 po - Shaker 1 po - Blanc Pur,0,0,visible,"Armoire murale de coin Dilamco, dimensions 27 x 27 x 12 x 48 po. Finition Shaker disponible selon les variantes.","Module Dilamco armoire murale de coin (U9-C45-27-27-12-48), dimensions 27 x 27 x 12 x 48 po. Cabinet en contreplaqué avec fini intérieur en placage de bouleau. Porte HDF avec moulure en bouleau. Fini extérieur assorti à la porte selon la finition choisie. Prix, disponibilité, panneaux de finition, fillers et installation à confirmer avant publication.",,,taxable,1,,0,0,0,Armoires de cuisine > Armoires murales > Coin 45 degres,"Dilamco, armoires, Shaker, catalogue technique",,sku:U9-C45-27-27-12-48,1,Type de module,Armoire murale de coin,1,0,,Largeur,27,1,0,,Largeur B,27,1,0,,Profondeur,12,1,0,,Hauteur,48,1,0,,Hauteur de plafond,9 pi,1,0,,Type de coin,Coin 45 degres,1,0,,Style de porte,Shaker,1,0,,Moulure,1 po,1,0,,Couleur,Blanc Pur,1,0,,U9-C45-27-27-12-48,Armoire murale de coin,Armoires de cuisine > Armoires murales > Coin 45 degres,,1,27,27,12,48,9 pi,Coin 45 degres,Blanc Pur,1 po,Shaker 1 po - Blanc Pur,Trousse Design p.12
variation,UC-C45-27-27-12-48-BP3,Armoire murale de coin Coin 45 degres - 27 x 27 x 12 x 48 po - Shaker 3 po - Blanc Pur,0,0,visible,"Armoire murale de coin Dilamco, dimensions 27 x 27 x 12 x 48 po. Finition Shaker disponible selon les variantes.","Module Dilamco armoire murale de coin (U9-C45-27-27-12-48), dimensions 27 x 27 x 12 x 48 po. Cabinet en contreplaqué avec fini intérieur en placage de bouleau. Porte HDF avec moulure en bouleau. Fini extérieur assorti à la porte selon la finition choisie. Prix, disponibilité, panneaux de finition, fillers et installation à confirmer avant publication.",,,taxable,1,,0,0,0,Armoires de cuisine > Armoires murales > Coin 45 degres,"Dilamco, armoires, Shaker, catalogue technique",,sku:U9-C45-27-27-12-48,2,Type de module,Armoire murale de coin,1,0,,Largeur,27,1,0,,Largeur B,27,1,0,,Profondeur,12,1,0,,Hauteur,48,1,0,,Hauteur de plafond,9 pi,1,0,,Type de coin,Coin 45 degres,1,0,,Style de porte,Shaker,1,0,,Moulure,3 po,1,0,,Couleur,Blanc Pur,1,0,,U9-C45-27-27-12-48,Armoire murale de coin,Armoires de cuisine > Armoires murales > Coin 45 degres,,1,27,27,12,48,9 pi,Coin 45 degres,Blanc Pur,3 po,Shaker 3 po - Blanc Pur,Trousse Design p.12
variable,UC-C45-30-30-12-48,Armoire murale de coin Coin 45 degres - 30 x 30 x 12 x 48 po,0,0,visible,"Armoire murale de coin Dilamco, dimensions 30 x 30 x 12 x 48 po. Finition Shaker disponible selon les variantes.","Module Dilamco armoire murale de coin (U9-C45-30-30-12-48), dimensions 30 x 30 x 12 x 48 po. Cabinet en contreplaqué avec fini intérieur en placage de bouleau. Porte HDF avec moulure en bouleau. Fini extérieur assorti à la porte selon la finition choisie. Prix, disponibilité, panneaux de finition, fillers et installation à confirmer avant publication.",,,taxable,1,,0,0,0,Armoires de cuisine > Armoires murales > Coin 45 degres,"Dilamco, armoires, Shaker, catalogue technique",,,0,Type de module,Armoire murale de coin,1,0,,Largeur,30,1,0,,Largeur B,30,1,0,,Profondeur,12,1,0,,Hauteur,48,1,0,,Hauteur de plafond,9 pi,1,0,,Type de coin,Coin 45 degres,1,0,,Style de porte,Shaker,1,0,Shaker,Moulure,1 po | 3 po,1,0,1 po,Couleur,Blanc Pur,1,0,Blanc Pur,U9-C45-30-30-12-48,Armoire murale de coin,Armoires de cuisine > Armoires murales > Coin 45 degres,,1,30,30,12,48,9 pi,Coin 45 degres,,,,Trousse Design p.12
variation,UC-C45-30-30-12-48-BP1,Armoire murale de coin Coin 45 degres - 30 x 30 x 12 x 48 po - Shaker 1 po - Blanc Pur,0,0,visible,"Armoire murale de coin Dilamco, dimensions 30 x 30 x 12 x 48 po. Finition Shaker disponible selon les variantes.","Module Dilamco armoire murale de coin (U9-C45-30-30-12-48), dimensions 30 x 30 x 12 x 48 po. Cabinet en contreplaqué avec fini intérieur en placage de bouleau. Porte HDF avec moulure en bouleau. Fini extérieur assorti à la porte selon la finition choisie. Prix, disponibilité, panneaux de finition, fillers et installation à confirmer avant publication.",,,taxable,1,,0,0,0,Armoires de cuisine > Armoires murales > Coin 45 degres,"Dilamco, armoires, Shaker, catalogue technique",,sku:U9-C45-30-30-12-48,1,Type de module,Armoire murale de coin,1,0,,Largeur,30,1,0,,Largeur B,30,1,0,,Profondeur,12,1,0,,Hauteur,48,1,0,,Hauteur de plafond,9 pi,1,0,,Type de coin,Coin 45 degres,1,0,,Style de porte,Shaker,1,0,,Moulure,1 po,1,0,,Couleur,Blanc Pur,1,0,,U9-C45-30-30-12-48,Armoire murale de coin,Armoires de cuisine > Armoires murales > Coin 45 degres,,1,30,30,12,48,9 pi,Coin 45 degres,Blanc Pur,1 po,Shaker 1 po - Blanc Pur,Trousse Design p.12
variation,UC-C45-30-30-12-48-BP3,Armoire murale de coin Coin 45 degres - 30 x 30 x 12 x 48 po - Shaker 3 po - Blanc Pur,0,0,visible,"Armoire murale de coin Dilamco, dimensions 30 x 30 x 12 x 48 po. Finition Shaker disponible selon les variantes.","Module Dilamco armoire murale de coin (U9-C45-30-30-12-48), dimensions 30 x 30 x 12 x 48 po. Cabinet en contreplaqué avec fini intérieur en placage de bouleau. Porte HDF avec moulure en bouleau. Fini extérieur assorti à la porte selon la finition choisie. Prix, disponibilité, panneaux de finition, fillers et installation à confirmer avant publication.",,,taxable,1,,0,0,0,Armoires de cuisine > Armoires murales > Coin 45 degres,"Dilamco, armoires, Shaker, catalogue technique",,sku:U9-C45-30-30-12-48,2,Type de module,Armoire murale de coin,1,0,,Largeur,30,1,0,,Largeur B,30,1,0,,Profondeur,12,1,0,,Hauteur,48,1,0,,Hauteur de plafond,9 pi,1,0,,Type de coin,Coin 45 degres,1,0,,Style de porte,Shaker,1,0,,Moulure,3 po,1,0,,Couleur,Blanc Pur,1,0,,U9-C45-30-30-12-48,Armoire murale de coin,Armoires de cuisine > Armoires murales > Coin 45 degres,,1,30,30,12,48,9 pi,Coin 45 degres,Blanc Pur,3 po,Shaker 3 po - Blanc Pur,Trousse Design p.12
variable,UC-C45-24-24-12-54,Armoire murale de coin Coin 45 degres - 24 x 24 x 12 x 54 po,0,0,visible,"Armoire murale de coin Dilamco, dimensions 24 x 24 x 12 x 54 po. Finition Shaker disponible selon les variantes.","Module Dilamco armoire murale de coin (U9-C45-24-24-12-54), dimensions 24 x 24 x 12 x 54 po. Cabinet en contreplaqué avec fini intérieur en placage de bouleau. Porte HDF avec moulure en bouleau. Fini extérieur assorti à la porte selon la finition choisie. Prix, disponibilité, panneaux de finition, fillers et installation à confirmer avant publication.",,,taxable,1,,0,0,0,Armoires de cuisine > Armoires murales > Coin 45 degres,"Dilamco, armoires, Shaker, catalogue technique",,,0,Type de module,Armoire murale de coin,1,0,,Largeur,24,1,0,,Largeur B,24,1,0,,Profondeur,12,1,0,,Hauteur,54,1,0,,Hauteur de plafond,9 pi,1,0,,Type de coin,Coin 45 degres,1,0,,Style de porte,Shaker,1,0,Shaker,Moulure,1 po | 3 po,1,0,1 po,Couleur,Blanc Pur,1,0,Blanc Pur,U9-C45-24-24-12-54,Armoire murale de coin,Armoires de cuisine > Armoires murales > Coin 45 degres,,1,24,24,12,54,9 pi,Coin 45 degres,,,,Trousse Design p.12
variation,UC-C45-24-24-12-54-BP1,Armoire murale de coin Coin 45 degres - 24 x 24 x 12 x 54 po - Shaker 1 po - Blanc Pur,0,0,visible,"Armoire murale de coin Dilamco, dimensions 24 x 24 x 12 x 54 po. Finition Shaker disponible selon les variantes.","Module Dilamco armoire murale de coin (U9-C45-24-24-12-54), dimensions 24 x 24 x 12 x 54 po. Cabinet en contreplaqué avec fini intérieur en placage de bouleau. Porte HDF avec moulure en bouleau. Fini extérieur assorti à la porte selon la finition choisie. Prix, disponibilité, panneaux de finition, fillers et installation à confirmer avant publication.",,,taxable,1,,0,0,0,Armoires de cuisine > Armoires murales > Coin 45 degres,"Dilamco, armoires, Shaker, catalogue technique",,sku:U9-C45-24-24-12-54,1,Type de module,Armoire murale de coin,1,0,,Largeur,24,1,0,,Largeur B,24,1,0,,Profondeur,12,1,0,,Hauteur,54,1,0,,Hauteur de plafond,9 pi,1,0,,Type de coin,Coin 45 degres,1,0,,Style de porte,Shaker,1,0,,Moulure,1 po,1,0,,Couleur,Blanc Pur,1,0,,U9-C45-24-24-12-54,Armoire murale de coin,Armoires de cuisine > Armoires murales > Coin 45 degres,,1,24,24,12,54,9 pi,Coin 45 degres,Blanc Pur,1 po,Shaker 1 po - Blanc Pur,Trousse Design p.12
variation,UC-C45-24-24-12-54-BP3,Armoire murale de coin Coin 45 degres - 24 x 24 x 12 x 54 po - Shaker 3 po - Blanc Pur,0,0,visible,"Armoire murale de coin Dilamco, dimensions 24 x 24 x 12 x 54 po. Finition Shaker disponible selon les variantes.","Module Dilamco armoire murale de coin (U9-C45-24-24-12-54), dimensions 24 x 24 x 12 x 54 po. Cabinet en contreplaqué avec fini intérieur en placage de bouleau. Porte HDF avec moulure en bouleau. Fini extérieur assorti à la porte selon la finition choisie. Prix, disponibilité, panneaux de finition, fillers et installation à confirmer avant publication.",,,taxable,1,,0,0,0,Armoires de cuisine > Armoires murales > Coin 45 degres,"Dilamco, armoires, Shaker, catalogue technique",,sku:U9-C45-24-24-12-54,2,Type de module,Armoire murale de coin,1,0,,Largeur,24,1,0,,Largeur B,24,1,0,,Profondeur,12,1,0,,Hauteur,54,1,0,,Hauteur de plafond,9 pi,1,0,,Type de coin,Coin 45 degres,1,0,,Style de porte,Shaker,1,0,,Moulure,3 po,1,0,,Couleur,Blanc Pur,1,0,,U9-C45-24-24-12-54,Armoire murale de coin,Armoires de cuisine > Armoires murales > Coin 45 degres,,1,24,24,12,54,9 pi,Coin 45 degres,Blanc Pur,3 po,Shaker 3 po - Blanc Pur,Trousse Design p.12
variable,UC-C45-27-27-12-54,Armoire murale de coin Coin 45 degres - 27 x 27 x 12 x 54 po,0,0,visible,"Armoire murale de coin Dilamco, dimensions 27 x 27 x 12 x 54 po. Finition Shaker disponible selon les variantes.","Module Dilamco armoire murale de coin (U9-C45-27-27-12-54), dimensions 27 x 27 x 12 x 54 po. Cabinet en contreplaqué avec fini intérieur en placage de bouleau. Porte HDF avec moulure en bouleau. Fini extérieur assorti à la porte selon la finition choisie. Prix, disponibilité, panneaux de finition, fillers et installation à confirmer avant publication.",,,taxable,1,,0,0,0,Armoires de cuisine > Armoires murales > Coin 45 degres,"Dilamco, armoires, Shaker, catalogue technique",,,0,Type de module,Armoire murale de coin,1,0,,Largeur,27,1,0,,Largeur B,27,1,0,,Profondeur,12,1,0,,Hauteur,54,1,0,,Hauteur de plafond,9 pi,1,0,,Type de coin,Coin 45 degres,1,0,,Style de porte,Shaker,1,0,Shaker,Moulure,1 po | 3 po,1,0,1 po,Couleur,Blanc Pur,1,0,Blanc Pur,U9-C45-27-27-12-54,Armoire murale de coin,Armoires de cuisine > Armoires murales > Coin 45 degres,,1,27,27,12,54,9 pi,Coin 45 degres,,,,Trousse Design p.12
variation,UC-C45-27-27-12-54-BP1,Armoire murale de coin Coin 45 degres - 27 x 27 x 12 x 54 po - Shaker 1 po - Blanc Pur,0,0,visible,"Armoire murale de coin Dilamco, dimensions 27 x 27 x 12 x 54 po. Finition Shaker disponible selon les variantes.","Module Dilamco armoire murale de coin (U9-C45-27-27-12-54), dimensions 27 x 27 x 12 x 54 po. Cabinet en contreplaqué avec fini intérieur en placage de bouleau. Porte HDF avec moulure en bouleau. Fini extérieur assorti à la porte selon la finition choisie. Prix, disponibilité, panneaux de finition, fillers et installation à confirmer avant publication.",,,taxable,1,,0,0,0,Armoires de cuisine > Armoires murales > Coin 45 degres,"Dilamco, armoires, Shaker, catalogue technique",,sku:U9-C45-27-27-12-54,1,Type de module,Armoire murale de coin,1,0,,Largeur,27,1,0,,Largeur B,27,1,0,,Profondeur,12,1,0,,Hauteur,54,1,0,,Hauteur de plafond,9 pi,1,0,,Type de coin,Coin 45 degres,1,0,,Style de porte,Shaker,1,0,,Moulure,1 po,1,0,,Couleur,Blanc Pur,1,0,,U9-C45-27-27-12-54,Armoire murale de coin,Armoires de cuisine > Armoires murales > Coin 45 degres,,1,27,27,12,54,9 pi,Coin 45 degres,Blanc Pur,1 po,Shaker 1 po - Blanc Pur,Trousse Design p.12
variation,UC-C45-27-27-12-54-BP3,Armoire murale de coin Coin 45 degres - 27 x 27 x 12 x 54 po - Shaker 3 po - Blanc Pur,0,0,visible,"Armoire murale de coin Dilamco, dimensions 27 x 27 x 12 x 54 po. Finition Shaker disponible selon les variantes.","Module Dilamco armoire murale de coin (U9-C45-27-27-12-54), dimensions 27 x 27 x 12 x 54 po. Cabinet en contreplaqué avec fini intérieur en placage de bouleau. Porte HDF avec moulure en bouleau. Fini extérieur assorti à la porte selon la finition choisie. Prix, disponibilité, panneaux de finition, fillers et installation à confirmer avant publication.",,,taxable,1,,0,0,0,Armoires de cuisine > Armoires murales > Coin 45 degres,"Dilamco, armoires, Shaker, catalogue technique",,sku:U9-C45-27-27-12-54,2,Type de module,Armoire murale de coin,1,0,,Largeur,27,1,0,,Largeur B,27,1,0,,Profondeur,12,1,0,,Hauteur,54,1,0,,Hauteur de plafond,9 pi,1,0,,Type de coin,Coin 45 degres,1,0,,Style de porte,Shaker,1,0,,Moulure,3 po,1,0,,Couleur,Blanc Pur,1,0,,U9-C45-27-27-12-54,Armoire murale de coin,Armoires de cuisine > Armoires murales > Coin 45 degres,,1,27,27,12,54,9 pi,Coin 45 degres,Blanc Pur,3 po,Shaker 3 po - Blanc Pur,Trousse Design p.12
variable,UC-C45-30-30-12-54,Armoire murale de coin Coin 45 degres - 30 x 30 x 12 x 54 po,0,0,visible,"Armoire murale de coin Dilamco, dimensions 30 x 30 x 12 x 54 po. Finition Shaker disponible selon les variantes.","Module Dilamco armoire murale de coin (U9-C45-30-30-12-54), dimensions 30 x 30 x 12 x 54 po. Cabinet en contreplaqué avec fini intérieur en placage de bouleau. Porte HDF avec moulure en bouleau. Fini extérieur assorti à la porte selon la finition choisie. Prix, disponibilité, panneaux de finition, fillers et installation à confirmer avant publication.",,,taxable,1,,0,0,0,Armoires de cuisine > Armoires murales > Coin 45 degres,"Dilamco, armoires, Shaker, catalogue technique",,,0,Type de module,Armoire murale de coin,1,0,,Largeur,30,1,0,,Largeur B,30,1,0,,Profondeur,12,1,0,,Hauteur,54,1,0,,Hauteur de plafond,9 pi,1,0,,Type de coin,Coin 45 degres,1,0,,Style de porte,Shaker,1,0,Shaker,Moulure,1 po | 3 po,1,0,1 po,Couleur,Blanc Pur,1,0,Blanc Pur,U9-C45-30-30-12-54,Armoire murale de coin,Armoires de cuisine > Armoires murales > Coin 45 degres,,1,30,30,12,54,9 pi,Coin 45 degres,,,,Trousse Design p.12
variation,UC-C45-30-30-12-54-BP1,Armoire murale de coin Coin 45 degres - 30 x 30 x 12 x 54 po - Shaker 1 po - Blanc Pur,0,0,visible,"Armoire murale de coin Dilamco, dimensions 30 x 30 x 12 x 54 po. Finition Shaker disponible selon les variantes.","Module Dilamco armoire murale de coin (U9-C45-30-30-12-54), dimensions 30 x 30 x 12 x 54 po. Cabinet en contreplaqué avec fini intérieur en placage de bouleau. Porte HDF avec moulure en bouleau. Fini extérieur assorti à la porte selon la finition choisie. Prix, disponibilité, panneaux de finition, fillers et installation à confirmer avant publication.",,,taxable,1,,0,0,0,Armoires de cuisine > Armoires murales > Coin 45 degres,"Dilamco, armoires, Shaker, catalogue technique",,sku:U9-C45-30-30-12-54,1,Type de module,Armoire murale de coin,1,0,,Largeur,30,1,0,,Largeur B,30,1,0,,Profondeur,12,1,0,,Hauteur,54,1,0,,Hauteur de plafond,9 pi,1,0,,Type de coin,Coin 45 degres,1,0,,Style de porte,Shaker,1,0,,Moulure,1 po,1,0,,Couleur,Blanc Pur,1,0,,U9-C45-30-30-12-54,Armoire murale de coin,Armoires de cuisine > Armoires murales > Coin 45 degres,,1,30,30,12,54,9 pi,Coin 45 degres,Blanc Pur,1 po,Shaker 1 po - Blanc Pur,Trousse Design p.12
variation,UC-C45-30-30-12-54-BP3,Armoire murale de coin Coin 45 degres - 30 x 30 x 12 x 54 po - Shaker 3 po - Blanc Pur,0,0,visible,"Armoire murale de coin Dilamco, dimensions 30 x 30 x 12 x 54 po. Finition Shaker disponible selon les variantes.","Module Dilamco armoire murale de coin (U9-C45-30-30-12-54), dimensions 30 x 30 x 12 x 54 po. Cabinet en contreplaqué avec fini intérieur en placage de bouleau. Porte HDF avec moulure en bouleau. Fini extérieur assorti à la porte selon la finition choisie. Prix, disponibilité, panneaux de finition, fillers et installation à confirmer avant publication.",,,taxable,1,,0,0,0,Armoires de cuisine > Armoires murales > Coin 45 degres,"Dilamco, armoires, Shaker, catalogue technique",,sku:U9-C45-30-30-12-54,2,Type de module,Armoire murale de coin,1,0,,Largeur,30,1,0,,Largeur B,30,1,0,,Profondeur,12,1,0,,Hauteur,54,1,0,,Hauteur de plafond,9 pi,1,0,,Type de coin,Coin 45 degres,1,0,,Style de porte,Shaker,1,0,,Moulure,3 po,1,0,,Couleur,Blanc Pur,1,0,,U9-C45-30-30-12-54,Armoire murale de coin,Armoires de cuisine > Armoires murales > Coin 45 degres,,1,30,30,12,54,9 pi,Coin 45 degres,Blanc Pur,3 po,Shaker 3 po - Blanc Pur,Trousse Design p.12
variable,B-C90-33-33,Armoire de bas de coin Coin 90 degres - 33 x 33 x 24 x 34 1/2 po,0,0,visible,"Armoire de bas de coin Dilamco, dimensions 33 x 33 x 24 x 34 1/2 po. Finition Shaker disponible selon les variantes.","Module Dilamco armoire de bas de coin (B-C90-33-33), dimensions 33 x 33 x 24 x 34 1/2 po. Cabinet en contreplaqué avec fini intérieur en placage de bouleau. Porte HDF avec moulure en bouleau. Fini extérieur assorti à la porte selon la finition choisie. Prix, disponibilité, panneaux de finition, fillers et installation à confirmer avant publication.",,,taxable,1,,0,0,0,Armoires de cuisine > Armoires de bas > Coin 90 degres,"Dilamco, armoires, Shaker, catalogue technique",,,0,Type de module,Armoire de bas de coin,1,0,,Largeur,33,1,0,,Largeur B,33,1,0,,Profondeur,24,1,0,,Hauteur,34 1/2,1,0,,Hauteur de plafond,,0,0,,Type de coin,Coin 90 degres,1,0,,Style de porte,Shaker,1,0,Shaker,Moulure,1 po | 3 po,1,0,1 po,Couleur,Blanc Pur | Chêne blanc | Bleu marin,1,0,Blanc Pur,B-C90-33-33,Armoire de bas de coin,Armoires de cuisine > Armoires de bas > Coin 90 degres,,1,33,33,24,34 1/2,,Coin 90 degres,,,,Trousse Design p.13
variation,B-C90-33-33-BP1,Armoire de bas de coin Coin 90 degres - 33 x 33 x 24 x 34 1/2 po - Shaker 1 po - Blanc Pur,0,0,visible,"Armoire de bas de coin Dilamco, dimensions 33 x 33 x 24 x 34 1/2 po. Finition Shaker disponible selon les variantes.","Module Dilamco armoire de bas de coin (B-C90-33-33), dimensions 33 x 33 x 24 x 34 1/2 po. Cabinet en contreplaqué avec fini intérieur en placage de bouleau. Porte HDF avec moulure en bouleau. Fini extérieur assorti à la porte selon la finition choisie. Prix, disponibilité, panneaux de finition, fillers et installation à confirmer avant publication.",,,taxable,1,,0,0,0,Armoires de cuisine > Armoires de bas > Coin 90 degres,"Dilamco, armoires, Shaker, catalogue technique",,sku:B-C90-33-33,1,Type de module,Armoire de bas de coin,1,0,,Largeur,33,1,0,,Largeur B,33,1,0,,Profondeur,24,1,0,,Hauteur,34 1/2,1,0,,Hauteur de plafond,,0,0,,Type de coin,Coin 90 degres,1,0,,Style de porte,Shaker,1,0,,Moulure,1 po,1,0,,Couleur,Blanc Pur,1,0,,B-C90-33-33,Armoire de bas de coin,Armoires de cuisine > Armoires de bas > Coin 90 degres,,1,33,33,24,34 1/2,,Coin 90 degres,Blanc Pur,1 po,Shaker 1 po - Blanc Pur,Trousse Design p.13
variation,B-C90-33-33-BP3,Armoire de bas de coin Coin 90 degres - 33 x 33 x 24 x 34 1/2 po - Shaker 3 po - Blanc Pur,0,0,visible,"Armoire de bas de coin Dilamco, dimensions 33 x 33 x 24 x 34 1/2 po. Finition Shaker disponible selon les variantes.","Module Dilamco armoire de bas de coin (B-C90-33-33), dimensions 33 x 33 x 24 x 34 1/2 po. Cabinet en contreplaqué avec fini intérieur en placage de bouleau. Porte HDF avec moulure en bouleau. Fini extérieur assorti à la porte selon la finition choisie. Prix, disponibilité, panneaux de finition, fillers et installation à confirmer avant publication.",,,taxable,1,,0,0,0,Armoires de cuisine > Armoires de bas > Coin 90 degres,"Dilamco, armoires, Shaker, catalogue technique",,sku:B-C90-33-33,2,Type de module,Armoire de bas de coin,1,0,,Largeur,33,1,0,,Largeur B,33,1,0,,Profondeur,24,1,0,,Hauteur,34 1/2,1,0,,Hauteur de plafond,,0,0,,Type de coin,Coin 90 degres,1,0,,Style de porte,Shaker,1,0,,Moulure,3 po,1,0,,Couleur,Blanc Pur,1,0,,B-C90-33-33,Armoire de bas de coin,Armoires de cuisine > Armoires de bas > Coin 90 degres,,1,33,33,24,34 1/2,,Coin 90 degres,Blanc Pur,3 po,Shaker 3 po - Blanc Pur,Trousse Design p.13
variation,B-C90-33-33-CB1,Armoire de bas de coin Coin 90 degres - 33 x 33 x 24 x 34 1/2 po - Shaker 1 po - Chêne blanc,0,0,visible,"Armoire de bas de coin Dilamco, dimensions 33 x 33 x 24 x 34 1/2 po. Finition Shaker disponible selon les variantes.","Module Dilamco armoire de bas de coin (B-C90-33-33), dimensions 33 x 33 x 24 x 34 1/2 po. Cabinet en contreplaqué avec fini intérieur en placage de bouleau. Porte HDF avec moulure en bouleau. Fini extérieur assorti à la porte selon la finition choisie. Prix, disponibilité, panneaux de finition, fillers et installation à confirmer avant publication.",,,taxable,1,,0,0,0,Armoires de cuisine > Armoires de bas > Coin 90 degres,"Dilamco, armoires, Shaker, catalogue technique",,sku:B-C90-33-33,3,Type de module,Armoire de bas de coin,1,0,,Largeur,33,1,0,,Largeur B,33,1,0,,Profondeur,24,1,0,,Hauteur,34 1/2,1,0,,Hauteur de plafond,,0,0,,Type de coin,Coin 90 degres,1,0,,Style de porte,Shaker,1,0,,Moulure,1 po,1,0,,Couleur,Chêne blanc,1,0,,B-C90-33-33,Armoire de bas de coin,Armoires de cuisine > Armoires de bas > Coin 90 degres,,1,33,33,24,34 1/2,,Coin 90 degres,Chêne blanc,1 po,Shaker 1 po - Chêne blanc,Trousse Design p.13
variation,B-C90-33-33-CB3,Armoire de bas de coin Coin 90 degres - 33 x 33 x 24 x 34 1/2 po - Shaker 3 po - Chêne blanc,0,0,visible,"Armoire de bas de coin Dilamco, dimensions 33 x 33 x 24 x 34 1/2 po. Finition Shaker disponible selon les variantes.","Module Dilamco armoire de bas de coin (B-C90-33-33), dimensions 33 x 33 x 24 x 34 1/2 po. Cabinet en contreplaqué avec fini intérieur en placage de bouleau. Porte HDF avec moulure en bouleau. Fini extérieur assorti à la porte selon la finition choisie. Prix, disponibilité, panneaux de finition, fillers et installation à confirmer avant publication.",,,taxable,1,,0,0,0,Armoires de cuisine > Armoires de bas > Coin 90 degres,"Dilamco, armoires, Shaker, catalogue technique",,sku:B-C90-33-33,4,Type de module,Armoire de bas de coin,1,0,,Largeur,33,1,0,,Largeur B,33,1,0,,Profondeur,24,1,0,,Hauteur,34 1/2,1,0,,Hauteur de plafond,,0,0,,Type de coin,Coin 90 degres,1,0,,Style de porte,Shaker,1,0,,Moulure,3 po,1,0,,Couleur,Chêne blanc,1,0,,B-C90-33-33,Armoire de bas de coin,Armoires de cuisine > Armoires de bas > Coin 90 degres,,1,33,33,24,34 1/2,,Coin 90 degres,Chêne blanc,3 po,Shaker 3 po - Chêne blanc,Trousse Design p.13
variation,B-C90-33-33-BM1,Armoire de bas de coin Coin 90 degres - 33 x 33 x 24 x 34 1/2 po - Shaker 1 po - Bleu marin,0,0,visible,"Armoire de bas de coin Dilamco, dimensions 33 x 33 x 24 x 34 1/2 po. Finition Shaker disponible selon les variantes.","Module Dilamco armoire de bas de coin (B-C90-33-33), dimensions 33 x 33 x 24 x 34 1/2 po. Cabinet en contreplaqué avec fini intérieur en placage de bouleau. Porte HDF avec moulure en bouleau. Fini extérieur assorti à la porte selon la finition choisie. Prix, disponibilité, panneaux de finition, fillers et installation à confirmer avant publication.",,,taxable,1,,0,0,0,Armoires de cuisine > Armoires de bas > Coin 90 degres,"Dilamco, armoires, Shaker, catalogue technique",,sku:B-C90-33-33,5,Type de module,Armoire de bas de coin,1,0,,Largeur,33,1,0,,Largeur B,33,1,0,,Profondeur,24,1,0,,Hauteur,34 1/2,1,0,,Hauteur de plafond,,0,0,,Type de coin,Coin 90 degres,1,0,,Style de porte,Shaker,1,0,,Moulure,1 po,1,0,,Couleur,Bleu marin,1,0,,B-C90-33-33,Armoire de bas de coin,Armoires de cuisine > Armoires de bas > Coin 90 degres,,1,33,33,24,34 1/2,,Coin 90 degres,Bleu marin,1 po,Shaker 1 po - Bleu marin,Trousse Design p.13
variation,B-C90-33-33-BM3,Armoire de bas de coin Coin 90 degres - 33 x 33 x 24 x 34 1/2 po - Shaker 3 po - Bleu marin,0,0,visible,"Armoire de bas de coin Dilamco, dimensions 33 x 33 x 24 x 34 1/2 po. Finition Shaker disponible selon les variantes.","Module Dilamco armoire de bas de coin (B-C90-33-33), dimensions 33 x 33 x 24 x 34 1/2 po. Cabinet en contreplaqué avec fini intérieur en placage de bouleau. Porte HDF avec moulure en bouleau. Fini extérieur assorti à la porte selon la finition choisie. Prix, disponibilité, panneaux de finition, fillers et installation à confirmer avant publication.",,,taxable,1,,0,0,0,Armoires de cuisine > Armoires de bas > Coin 90 degres,"Dilamco, armoires, Shaker, catalogue technique",,sku:B-C90-33-33,6,Type de module,Armoire de bas de coin,1,0,,Largeur,33,1,0,,Largeur B,33,1,0,,Profondeur,24,1,0,,Hauteur,34 1/2,1,0,,Hauteur de plafond,,0,0,,Type de coin,Coin 90 degres,1,0,,Style de porte,Shaker,1,0,,Moulure,3 po,1,0,,Couleur,Bleu marin,1,0,,B-C90-33-33,Armoire de bas de coin,Armoires de cuisine > Armoires de bas > Coin 90 degres,,1,33,33,24,34 1/2,,Coin 90 degres,Bleu marin,3 po,Shaker 3 po - Bleu marin,Trousse Design p.13
variable,B-C90-36-36,Armoire de bas de coin Coin 90 degres - 36 x 36 x 24 x 34 1/2 po,0,0,visible,"Armoire de bas de coin Dilamco, dimensions 36 x 36 x 24 x 34 1/2 po. Finition Shaker disponible selon les variantes.","Module Dilamco armoire de bas de coin (B-C90-36-36), dimensions 36 x 36 x 24 x 34 1/2 po. Cabinet en contreplaqué avec fini intérieur en placage de bouleau. Porte HDF avec moulure en bouleau. Fini extérieur assorti à la porte selon la finition choisie. Prix, disponibilité, panneaux de finition, fillers et installation à confirmer avant publication.",,,taxable,1,,0,0,0,Armoires de cuisine > Armoires de bas > Coin 90 degres,"Dilamco, armoires, Shaker, catalogue technique",,,0,Type de module,Armoire de bas de coin,1,0,,Largeur,36,1,0,,Largeur B,36,1,0,,Profondeur,24,1,0,,Hauteur,34 1/2,1,0,,Hauteur de plafond,,0,0,,Type de coin,Coin 90 degres,1,0,,Style de porte,Shaker,1,0,Shaker,Moulure,1 po | 3 po,1,0,1 po,Couleur,Blanc Pur | Chêne blanc | Bleu marin,1,0,Blanc Pur,B-C90-36-36,Armoire de bas de coin,Armoires de cuisine > Armoires de bas > Coin 90 degres,,1,36,36,24,34 1/2,,Coin 90 degres,,,,Trousse Design p.13
variation,B-C90-36-36-BP1,Armoire de bas de coin Coin 90 degres - 36 x 36 x 24 x 34 1/2 po - Shaker 1 po - Blanc Pur,0,0,visible,"Armoire de bas de coin Dilamco, dimensions 36 x 36 x 24 x 34 1/2 po. Finition Shaker disponible selon les variantes.","Module Dilamco armoire de bas de coin (B-C90-36-36), dimensions 36 x 36 x 24 x 34 1/2 po. Cabinet en contreplaqué avec fini intérieur en placage de bouleau. Porte HDF avec moulure en bouleau. Fini extérieur assorti à la porte selon la finition choisie. Prix, disponibilité, panneaux de finition, fillers et installation à confirmer avant publication.",,,taxable,1,,0,0,0,Armoires de cuisine > Armoires de bas > Coin 90 degres,"Dilamco, armoires, Shaker, catalogue technique",,sku:B-C90-36-36,1,Type de module,Armoire de bas de coin,1,0,,Largeur,36,1,0,,Largeur B,36,1,0,,Profondeur,24,1,0,,Hauteur,34 1/2,1,0,,Hauteur de plafond,,0,0,,Type de coin,Coin 90 degres,1,0,,Style de porte,Shaker,1,0,,Moulure,1 po,1,0,,Couleur,Blanc Pur,1,0,,B-C90-36-36,Armoire de bas de coin,Armoires de cuisine > Armoires de bas > Coin 90 degres,,1,36,36,24,34 1/2,,Coin 90 degres,Blanc Pur,1 po,Shaker 1 po - Blanc Pur,Trousse Design p.13
variation,B-C90-36-36-BP3,Armoire de bas de coin Coin 90 degres - 36 x 36 x 24 x 34 1/2 po - Shaker 3 po - Blanc Pur,0,0,visible,"Armoire de bas de coin Dilamco, dimensions 36 x 36 x 24 x 34 1/2 po. Finition Shaker disponible selon les variantes.","Module Dilamco armoire de bas de coin (B-C90-36-36), dimensions 36 x 36 x 24 x 34 1/2 po. Cabinet en contreplaqué avec fini intérieur en placage de bouleau. Porte HDF avec moulure en bouleau. Fini extérieur assorti à la porte selon la finition choisie. Prix, disponibilité, panneaux de finition, fillers et installation à confirmer avant publication.",,,taxable,1,,0,0,0,Armoires de cuisine > Armoires de bas > Coin 90 degres,"Dilamco, armoires, Shaker, catalogue technique",,sku:B-C90-36-36,2,Type de module,Armoire de bas de coin,1,0,,Largeur,36,1,0,,Largeur B,36,1,0,,Profondeur,24,1,0,,Hauteur,34 1/2,1,0,,Hauteur de plafond,,0,0,,Type de coin,Coin 90 degres,1,0,,Style de porte,Shaker,1,0,,Moulure,3 po,1,0,,Couleur,Blanc Pur,1,0,,B-C90-36-36,Armoire de bas de coin,Armoires de cuisine > Armoires de bas > Coin 90 degres,,1,36,36,24,34 1/2,,Coin 90 degres,Blanc Pur,3 po,Shaker 3 po - Blanc Pur,Trousse Design p.13
variation,B-C90-36-36-CB1,Armoire de bas de coin Coin 90 degres - 36 x 36 x 24 x 34 1/2 po - Shaker 1 po - Chêne blanc,0,0,visible,"Armoire de bas de coin Dilamco, dimensions 36 x 36 x 24 x 34 1/2 po. Finition Shaker disponible selon les variantes.","Module Dilamco armoire de bas de coin (B-C90-36-36), dimensions 36 x 36 x 24 x 34 1/2 po. Cabinet en contreplaqué avec fini intérieur en placage de bouleau. Porte HDF avec moulure en bouleau. Fini extérieur assorti à la porte selon la finition choisie. Prix, disponibilité, panneaux de finition, fillers et installation à confirmer avant publication.",,,taxable,1,,0,0,0,Armoires de cuisine > Armoires de bas > Coin 90 degres,"Dilamco, armoires, Shaker, catalogue technique",,sku:B-C90-36-36,3,Type de module,Armoire de bas de coin,1,0,,Largeur,36,1,0,,Largeur B,36,1,0,,Profondeur,24,1,0,,Hauteur,34 1/2,1,0,,Hauteur de plafond,,0,0,,Type de coin,Coin 90 degres,1,0,,Style de porte,Shaker,1,0,,Moulure,1 po,1,0,,Couleur,Chêne blanc,1,0,,B-C90-36-36,Armoire de bas de coin,Armoires de cuisine > Armoires de bas > Coin 90 degres,,1,36,36,24,34 1/2,,Coin 90 degres,Chêne blanc,1 po,Shaker 1 po - Chêne blanc,Trousse Design p.13
variation,B-C90-36-36-CB3,Armoire de bas de coin Coin 90 degres - 36 x 36 x 24 x 34 1/2 po - Shaker 3 po - Chêne blanc,0,0,visible,"Armoire de bas de coin Dilamco, dimensions 36 x 36 x 24 x 34 1/2 po. Finition Shaker disponible selon les variantes.","Module Dilamco armoire de bas de coin (B-C90-36-36), dimensions 36 x 36 x 24 x 34 1/2 po. Cabinet en contreplaqué avec fini intérieur en placage de bouleau. Porte HDF avec moulure en bouleau. Fini extérieur assorti à la porte selon la finition choisie. Prix, disponibilité, panneaux de finition, fillers et installation à confirmer avant publication.",,,taxable,1,,0,0,0,Armoires de cuisine > Armoires de bas > Coin 90 degres,"Dilamco, armoires, Shaker, catalogue technique",,sku:B-C90-36-36,4,Type de module,Armoire de bas de coin,1,0,,Largeur,36,1,0,,Largeur B,36,1,0,,Profondeur,24,1,0,,Hauteur,34 1/2,1,0,,Hauteur de plafond,,0,0,,Type de coin,Coin 90 degres,1,0,,Style de porte,Shaker,1,0,,Moulure,3 po,1,0,,Couleur,Chêne blanc,1,0,,B-C90-36-36,Armoire de bas de coin,Armoires de cuisine > Armoires de bas > Coin 90 degres,,1,36,36,24,34 1/2,,Coin 90 degres,Chêne blanc,3 po,Shaker 3 po - Chêne blanc,Trousse Design p.13
variation,B-C90-36-36-BM1,Armoire de bas de coin Coin 90 degres - 36 x 36 x 24 x 34 1/2 po - Shaker 1 po - Bleu marin,0,0,visible,"Armoire de bas de coin Dilamco, dimensions 36 x 36 x 24 x 34 1/2 po. Finition Shaker disponible selon les variantes.","Module Dilamco armoire de bas de coin (B-C90-36-36), dimensions 36 x 36 x 24 x 34 1/2 po. Cabinet en contreplaqué avec fini intérieur en placage de bouleau. Porte HDF avec moulure en bouleau. Fini extérieur assorti à la porte selon la finition choisie. Prix, disponibilité, panneaux de finition, fillers et installation à confirmer avant publication.",,,taxable,1,,0,0,0,Armoires de cuisine > Armoires de bas > Coin 90 degres,"Dilamco, armoires, Shaker, catalogue technique",,sku:B-C90-36-36,5,Type de module,Armoire de bas de coin,1,0,,Largeur,36,1,0,,Largeur B,36,1,0,,Profondeur,24,1,0,,Hauteur,34 1/2,1,0,,Hauteur de plafond,,0,0,,Type de coin,Coin 90 degres,1,0,,Style de porte,Shaker,1,0,,Moulure,1 po,1,0,,Couleur,Bleu marin,1,0,,B-C90-36-36,Armoire de bas de coin,Armoires de cuisine > Armoires de bas > Coin 90 degres,,1,36,36,24,34 1/2,,Coin 90 degres,Bleu marin,1 po,Shaker 1 po - Bleu marin,Trousse Design p.13
variation,B-C90-36-36-BM3,Armoire de bas de coin Coin 90 degres - 36 x 36 x 24 x 34 1/2 po - Shaker 3 po - Bleu marin,0,0,visible,"Armoire de bas de coin Dilamco, dimensions 36 x 36 x 24 x 34 1/2 po. Finition Shaker disponible selon les variantes.","Module Dilamco armoire de bas de coin (B-C90-36-36), dimensions 36 x 36 x 24 x 34 1/2 po. Cabinet en contreplaqué avec fini intérieur en placage de bouleau. Porte HDF avec moulure en bouleau. Fini extérieur assorti à la porte selon la finition choisie. Prix, disponibilité, panneaux de finition, fillers et installation à confirmer avant publication.",,,taxable,1,,0,0,0,Armoires de cuisine > Armoires de bas > Coin 90 degres,"Dilamco, armoires, Shaker, catalogue technique",,sku:B-C90-36-36,6,Type de module,Armoire de bas de coin,1,0,,Largeur,36,1,0,,Largeur B,36,1,0,,Profondeur,24,1,0,,Hauteur,34 1/2,1,0,,Hauteur de plafond,,0,0,,Type de coin,Coin 90 degres,1,0,,Style de porte,Shaker,1,0,,Moulure,3 po,1,0,,Couleur,Bleu marin,1,0,,B-C90-36-36,Armoire de bas de coin,Armoires de cuisine > Armoires de bas > Coin 90 degres,,1,36,36,24,34 1/2,,Coin 90 degres,Bleu marin,3 po,Shaker 3 po - Bleu marin,Trousse Design p.13
variable,B-C90-39-39,Armoire de bas de coin Coin 90 degres - 39 x 39 x 24 x 34 1/2 po,0,0,visible,"Armoire de bas de coin Dilamco, dimensions 39 x 39 x 24 x 34 1/2 po. Finition Shaker disponible selon les variantes.","Module Dilamco armoire de bas de coin (B-C90-39-39), dimensions 39 x 39 x 24 x 34 1/2 po. Cabinet en contreplaqué avec fini intérieur en placage de bouleau. Porte HDF avec moulure en bouleau. Fini extérieur assorti à la porte selon la finition choisie. Prix, disponibilité, panneaux de finition, fillers et installation à confirmer avant publication.",,,taxable,1,,0,0,0,Armoires de cuisine > Armoires de bas > Coin 90 degres,"Dilamco, armoires, Shaker, catalogue technique",,,0,Type de module,Armoire de bas de coin,1,0,,Largeur,39,1,0,,Largeur B,39,1,0,,Profondeur,24,1,0,,Hauteur,34 1/2,1,0,,Hauteur de plafond,,0,0,,Type de coin,Coin 90 degres,1,0,,Style de porte,Shaker,1,0,Shaker,Moulure,1 po | 3 po,1,0,1 po,Couleur,Blanc Pur | Chêne blanc | Bleu marin,1,0,Blanc Pur,B-C90-39-39,Armoire de bas de coin,Armoires de cuisine > Armoires de bas > Coin 90 degres,,1,39,39,24,34 1/2,,Coin 90 degres,,,,Trousse Design p.13
variation,B-C90-39-39-BP1,Armoire de bas de coin Coin 90 degres - 39 x 39 x 24 x 34 1/2 po - Shaker 1 po - Blanc Pur,0,0,visible,"Armoire de bas de coin Dilamco, dimensions 39 x 39 x 24 x 34 1/2 po. Finition Shaker disponible selon les variantes.","Module Dilamco armoire de bas de coin (B-C90-39-39), dimensions 39 x 39 x 24 x 34 1/2 po. Cabinet en contreplaqué avec fini intérieur en placage de bouleau. Porte HDF avec moulure en bouleau. Fini extérieur assorti à la porte selon la finition choisie. Prix, disponibilité, panneaux de finition, fillers et installation à confirmer avant publication.",,,taxable,1,,0,0,0,Armoires de cuisine > Armoires de bas > Coin 90 degres,"Dilamco, armoires, Shaker, catalogue technique",,sku:B-C90-39-39,1,Type de module,Armoire de bas de coin,1,0,,Largeur,39,1,0,,Largeur B,39,1,0,,Profondeur,24,1,0,,Hauteur,34 1/2,1,0,,Hauteur de plafond,,0,0,,Type de coin,Coin 90 degres,1,0,,Style de porte,Shaker,1,0,,Moulure,1 po,1,0,,Couleur,Blanc Pur,1,0,,B-C90-39-39,Armoire de bas de coin,Armoires de cuisine > Armoires de bas > Coin 90 degres,,1,39,39,24,34 1/2,,Coin 90 degres,Blanc Pur,1 po,Shaker 1 po - Blanc Pur,Trousse Design p.13
variation,B-C90-39-39-BP3,Armoire de bas de coin Coin 90 degres - 39 x 39 x 24 x 34 1/2 po - Shaker 3 po - Blanc Pur,0,0,visible,"Armoire de bas de coin Dilamco, dimensions 39 x 39 x 24 x 34 1/2 po. Finition Shaker disponible selon les variantes.","Module Dilamco armoire de bas de coin (B-C90-39-39), dimensions 39 x 39 x 24 x 34 1/2 po. Cabinet en contreplaqué avec fini intérieur en placage de bouleau. Porte HDF avec moulure en bouleau. Fini extérieur assorti à la porte selon la finition choisie. Prix, disponibilité, panneaux de finition, fillers et installation à confirmer avant publication.",,,taxable,1,,0,0,0,Armoires de cuisine > Armoires de bas > Coin 90 degres,"Dilamco, armoires, Shaker, catalogue technique",,sku:B-C90-39-39,2,Type de module,Armoire de bas de coin,1,0,,Largeur,39,1,0,,Largeur B,39,1,0,,Profondeur,24,1,0,,Hauteur,34 1/2,1,0,,Hauteur de plafond,,0,0,,Type de coin,Coin 90 degres,1,0,,Style de porte,Shaker,1,0,,Moulure,3 po,1,0,,Couleur,Blanc Pur,1,0,,B-C90-39-39,Armoire de bas de coin,Armoires de cuisine > Armoires de bas > Coin 90 degres,,1,39,39,24,34 1/2,,Coin 90 degres,Blanc Pur,3 po,Shaker 3 po - Blanc Pur,Trousse Design p.13
variation,B-C90-39-39-CB1,Armoire de bas de coin Coin 90 degres - 39 x 39 x 24 x 34 1/2 po - Shaker 1 po - Chêne blanc,0,0,visible,"Armoire de bas de coin Dilamco, dimensions 39 x 39 x 24 x 34 1/2 po. Finition Shaker disponible selon les variantes.","Module Dilamco armoire de bas de coin (B-C90-39-39), dimensions 39 x 39 x 24 x 34 1/2 po. Cabinet en contreplaqué avec fini intérieur en placage de bouleau. Porte HDF avec moulure en bouleau. Fini extérieur assorti à la porte selon la finition choisie. Prix, disponibilité, panneaux de finition, fillers et installation à confirmer avant publication.",,,taxable,1,,0,0,0,Armoires de cuisine > Armoires de bas > Coin 90 degres,"Dilamco, armoires, Shaker, catalogue technique",,sku:B-C90-39-39,3,Type de module,Armoire de bas de coin,1,0,,Largeur,39,1,0,,Largeur B,39,1,0,,Profondeur,24,1,0,,Hauteur,34 1/2,1,0,,Hauteur de plafond,,0,0,,Type de coin,Coin 90 degres,1,0,,Style de porte,Shaker,1,0,,Moulure,1 po,1,0,,Couleur,Chêne blanc,1,0,,B-C90-39-39,Armoire de bas de coin,Armoires de cuisine > Armoires de bas > Coin 90 degres,,1,39,39,24,34 1/2,,Coin 90 degres,Chêne blanc,1 po,Shaker 1 po - Chêne blanc,Trousse Design p.13
variation,B-C90-39-39-CB3,Armoire de bas de coin Coin 90 degres - 39 x 39 x 24 x 34 1/2 po - Shaker 3 po - Chêne blanc,0,0,visible,"Armoire de bas de coin Dilamco, dimensions 39 x 39 x 24 x 34 1/2 po. Finition Shaker disponible selon les variantes.","Module Dilamco armoire de bas de coin (B-C90-39-39), dimensions 39 x 39 x 24 x 34 1/2 po. Cabinet en contreplaqué avec fini intérieur en placage de bouleau. Porte HDF avec moulure en bouleau. Fini extérieur assorti à la porte selon la finition choisie. Prix, disponibilité, panneaux de finition, fillers et installation à confirmer avant publication.",,,taxable,1,,0,0,0,Armoires de cuisine > Armoires de bas > Coin 90 degres,"Dilamco, armoires, Shaker, catalogue technique",,sku:B-C90-39-39,4,Type de module,Armoire de bas de coin,1,0,,Largeur,39,1,0,,Largeur B,39,1,0,,Profondeur,24,1,0,,Hauteur,34 1/2,1,0,,Hauteur de plafond,,0,0,,Type de coin,Coin 90 degres,1,0,,Style de porte,Shaker,1,0,,Moulure,3 po,1,0,,Couleur,Chêne blanc,1,0,,B-C90-39-39,Armoire de bas de coin,Armoires de cuisine > Armoires de bas > Coin 90 degres,,1,39,39,24,34 1/2,,Coin 90 degres,Chêne blanc,3 po,Shaker 3 po - Chêne blanc,Trousse Design p.13
variation,B-C90-39-39-BM1,Armoire de bas de coin Coin 90 degres - 39 x 39 x 24 x 34 1/2 po - Shaker 1 po - Bleu marin,0,0,visible,"Armoire de bas de coin Dilamco, dimensions 39 x 39 x 24 x 34 1/2 po. Finition Shaker disponible selon les variantes.","Module Dilamco armoire de bas de coin (B-C90-39-39), dimensions 39 x 39 x 24 x 34 1/2 po. Cabinet en contreplaqué avec fini intérieur en placage de bouleau. Porte HDF avec moulure en bouleau. Fini extérieur assorti à la porte selon la finition choisie. Prix, disponibilité, panneaux de finition, fillers et installation à confirmer avant publication.",,,taxable,1,,0,0,0,Armoires de cuisine > Armoires de bas > Coin 90 degres,"Dilamco, armoires, Shaker, catalogue technique",,sku:B-C90-39-39,5,Type de module,Armoire de bas de coin,1,0,,Largeur,39,1,0,,Largeur B,39,1,0,,Profondeur,24,1,0,,Hauteur,34 1/2,1,0,,Hauteur de plafond,,0,0,,Type de coin,Coin 90 degres,1,0,,Style de porte,Shaker,1,0,,Moulure,1 po,1,0,,Couleur,Bleu marin,1,0,,B-C90-39-39,Armoire de bas de coin,Armoires de cuisine > Armoires de bas > Coin 90 degres,,1,39,39,24,34 1/2,,Coin 90 degres,Bleu marin,1 po,Shaker 1 po - Bleu marin,Trousse Design p.13
variation,B-C90-39-39-BM3,Armoire de bas de coin Coin 90 degres - 39 x 39 x 24 x 34 1/2 po - Shaker 3 po - Bleu marin,0,0,visible,"Armoire de bas de coin Dilamco, dimensions 39 x 39 x 24 x 34 1/2 po. Finition Shaker disponible selon les variantes.","Module Dilamco armoire de bas de coin (B-C90-39-39), dimensions 39 x 39 x 24 x 34 1/2 po. Cabinet en contreplaqué avec fini intérieur en placage de bouleau. Porte HDF avec moulure en bouleau. Fini extérieur assorti à la porte selon la finition choisie. Prix, disponibilité, panneaux de finition, fillers et installation à confirmer avant publication.",,,taxable,1,,0,0,0,Armoires de cuisine > Armoires de bas > Coin 90 degres,"Dilamco, armoires, Shaker, catalogue technique",,sku:B-C90-39-39,6,Type de module,Armoire de bas de coin,1,0,,Largeur,39,1,0,,Largeur B,39,1,0,,Profondeur,24,1,0,,Hauteur,34 1/2,1,0,,Hauteur de plafond,,0,0,,Type de coin,Coin 90 degres,1,0,,Style de porte,Shaker,1,0,,Moulure,3 po,1,0,,Couleur,Bleu marin,1,0,,B-C90-39-39,Armoire de bas de coin,Armoires de cuisine > Armoires de bas > Coin 90 degres,,1,39,39,24,34 1/2,,Coin 90 degres,Bleu marin,3 po,Shaker 3 po - Bleu marin,Trousse Design p.13
variable,B-C90-42-42,Armoire de bas de coin Coin 90 degres - 42 x 42 x 24 x 34 1/2 po,0,0,visible,"Armoire de bas de coin Dilamco, dimensions 42 x 42 x 24 x 34 1/2 po. Finition Shaker disponible selon les variantes.","Module Dilamco armoire de bas de coin (B-C90-42-42), dimensions 42 x 42 x 24 x 34 1/2 po. Cabinet en contreplaqué avec fini intérieur en placage de bouleau. Porte HDF avec moulure en bouleau. Fini extérieur assorti à la porte selon la finition choisie. Prix, disponibilité, panneaux de finition, fillers et installation à confirmer avant publication.",,,taxable,1,,0,0,0,Armoires de cuisine > Armoires de bas > Coin 90 degres,"Dilamco, armoires, Shaker, catalogue technique",,,0,Type de module,Armoire de bas de coin,1,0,,Largeur,42,1,0,,Largeur B,42,1,0,,Profondeur,24,1,0,,Hauteur,34 1/2,1,0,,Hauteur de plafond,,0,0,,Type de coin,Coin 90 degres,1,0,,Style de porte,Shaker,1,0,Shaker,Moulure,1 po | 3 po,1,0,1 po,Couleur,Blanc Pur | Chêne blanc | Bleu marin,1,0,Blanc Pur,B-C90-42-42,Armoire de bas de coin,Armoires de cuisine > Armoires de bas > Coin 90 degres,,1,42,42,24,34 1/2,,Coin 90 degres,,,,Trousse Design p.13
variation,B-C90-42-42-BP1,Armoire de bas de coin Coin 90 degres - 42 x 42 x 24 x 34 1/2 po - Shaker 1 po - Blanc Pur,0,0,visible,"Armoire de bas de coin Dilamco, dimensions 42 x 42 x 24 x 34 1/2 po. Finition Shaker disponible selon les variantes.","Module Dilamco armoire de bas de coin (B-C90-42-42), dimensions 42 x 42 x 24 x 34 1/2 po. Cabinet en contreplaqué avec fini intérieur en placage de bouleau. Porte HDF avec moulure en bouleau. Fini extérieur assorti à la porte selon la finition choisie. Prix, disponibilité, panneaux de finition, fillers et installation à confirmer avant publication.",,,taxable,1,,0,0,0,Armoires de cuisine > Armoires de bas > Coin 90 degres,"Dilamco, armoires, Shaker, catalogue technique",,sku:B-C90-42-42,1,Type de module,Armoire de bas de coin,1,0,,Largeur,42,1,0,,Largeur B,42,1,0,,Profondeur,24,1,0,,Hauteur,34 1/2,1,0,,Hauteur de plafond,,0,0,,Type de coin,Coin 90 degres,1,0,,Style de porte,Shaker,1,0,,Moulure,1 po,1,0,,Couleur,Blanc Pur,1,0,,B-C90-42-42,Armoire de bas de coin,Armoires de cuisine > Armoires de bas > Coin 90 degres,,1,42,42,24,34 1/2,,Coin 90 degres,Blanc Pur,1 po,Shaker 1 po - Blanc Pur,Trousse Design p.13
variation,B-C90-42-42-BP3,Armoire de bas de coin Coin 90 degres - 42 x 42 x 24 x 34 1/2 po - Shaker 3 po - Blanc Pur,0,0,visible,"Armoire de bas de coin Dilamco, dimensions 42 x 42 x 24 x 34 1/2 po. Finition Shaker disponible selon les variantes.","Module Dilamco armoire de bas de coin (B-C90-42-42), dimensions 42 x 42 x 24 x 34 1/2 po. Cabinet en contreplaqué avec fini intérieur en placage de bouleau. Porte HDF avec moulure en bouleau. Fini extérieur assorti à la porte selon la finition choisie. Prix, disponibilité, panneaux de finition, fillers et installation à confirmer avant publication.",,,taxable,1,,0,0,0,Armoires de cuisine > Armoires de bas > Coin 90 degres,"Dilamco, armoires, Shaker, catalogue technique",,sku:B-C90-42-42,2,Type de module,Armoire de bas de coin,1,0,,Largeur,42,1,0,,Largeur B,42,1,0,,Profondeur,24,1,0,,Hauteur,34 1/2,1,0,,Hauteur de plafond,,0,0,,Type de coin,Coin 90 degres,1,0,,Style de porte,Shaker,1,0,,Moulure,3 po,1,0,,Couleur,Blanc Pur,1,0,,B-C90-42-42,Armoire de bas de coin,Armoires de cuisine > Armoires de bas > Coin 90 degres,,1,42,42,24,34 1/2,,Coin 90 degres,Blanc Pur,3 po,Shaker 3 po - Blanc Pur,Trousse Design p.13
variation,B-C90-42-42-CB1,Armoire de bas de coin Coin 90 degres - 42 x 42 x 24 x 34 1/2 po - Shaker 1 po - Chêne blanc,0,0,visible,"Armoire de bas de coin Dilamco, dimensions 42 x 42 x 24 x 34 1/2 po. Finition Shaker disponible selon les variantes.","Module Dilamco armoire de bas de coin (B-C90-42-42), dimensions 42 x 42 x 24 x 34 1/2 po. Cabinet en contreplaqué avec fini intérieur en placage de bouleau. Porte HDF avec moulure en bouleau. Fini extérieur assorti à la porte selon la finition choisie. Prix, disponibilité, panneaux de finition, fillers et installation à confirmer avant publication.",,,taxable,1,,0,0,0,Armoires de cuisine > Armoires de bas > Coin 90 degres,"Dilamco, armoires, Shaker, catalogue technique",,sku:B-C90-42-42,3,Type de module,Armoire de bas de coin,1,0,,Largeur,42,1,0,,Largeur B,42,1,0,,Profondeur,24,1,0,,Hauteur,34 1/2,1,0,,Hauteur de plafond,,0,0,,Type de coin,Coin 90 degres,1,0,,Style de porte,Shaker,1,0,,Moulure,1 po,1,0,,Couleur,Chêne blanc,1,0,,B-C90-42-42,Armoire de bas de coin,Armoires de cuisine > Armoires de bas > Coin 90 degres,,1,42,42,24,34 1/2,,Coin 90 degres,Chêne blanc,1 po,Shaker 1 po - Chêne blanc,Trousse Design p.13
variation,B-C90-42-42-CB3,Armoire de bas de coin Coin 90 degres - 42 x 42 x 24 x 34 1/2 po - Shaker 3 po - Chêne blanc,0,0,visible,"Armoire de bas de coin Dilamco, dimensions 42 x 42 x 24 x 34 1/2 po. Finition Shaker disponible selon les variantes.","Module Dilamco armoire de bas de coin (B-C90-42-42), dimensions 42 x 42 x 24 x 34 1/2 po. Cabinet en contreplaqué avec fini intérieur en placage de bouleau. Porte HDF avec moulure en bouleau. Fini extérieur assorti à la porte selon la finition choisie. Prix, disponibilité, panneaux de finition, fillers et installation à confirmer avant publication.",,,taxable,1,,0,0,0,Armoires de cuisine > Armoires de bas > Coin 90 degres,"Dilamco, armoires, Shaker, catalogue technique",,sku:B-C90-42-42,4,Type de module,Armoire de bas de coin,1,0,,Largeur,42,1,0,,Largeur B,42,1,0,,Profondeur,24,1,0,,Hauteur,34 1/2,1,0,,Hauteur de plafond,,0,0,,Type de coin,Coin 90 degres,1,0,,Style de porte,Shaker,1,0,,Moulure,3 po,1,0,,Couleur,Chêne blanc,1,0,,B-C90-42-42,Armoire de bas de coin,Armoires de cuisine > Armoires de bas > Coin 90 degres,,1,42,42,24,34 1/2,,Coin 90 degres,Chêne blanc,3 po,Shaker 3 po - Chêne blanc,Trousse Design p.13
variation,B-C90-42-42-BM1,Armoire de bas de coin Coin 90 degres - 42 x 42 x 24 x 34 1/2 po - Shaker 1 po - Bleu marin,0,0,visible,"Armoire de bas de coin Dilamco, dimensions 42 x 42 x 24 x 34 1/2 po. Finition Shaker disponible selon les variantes.","Module Dilamco armoire de bas de coin (B-C90-42-42), dimensions 42 x 42 x 24 x 34 1/2 po. Cabinet en contreplaqué avec fini intérieur en placage de bouleau. Porte HDF avec moulure en bouleau. Fini extérieur assorti à la porte selon la finition choisie. Prix, disponibilité, panneaux de finition, fillers et installation à confirmer avant publication.",,,taxable,1,,0,0,0,Armoires de cuisine > Armoires de bas > Coin 90 degres,"Dilamco, armoires, Shaker, catalogue technique",,sku:B-C90-42-42,5,Type de module,Armoire de bas de coin,1,0,,Largeur,42,1,0,,Largeur B,42,1,0,,Profondeur,24,1,0,,Hauteur,34 1/2,1,0,,Hauteur de plafond,,0,0,,Type de coin,Coin 90 degres,1,0,,Style de porte,Shaker,1,0,,Moulure,1 po,1,0,,Couleur,Bleu marin,1,0,,B-C90-42-42,Armoire de bas de coin,Armoires de cuisine > Armoires de bas > Coin 90 degres,,1,42,42,24,34 1/2,,Coin 90 degres,Bleu marin,1 po,Shaker 1 po - Bleu marin,Trousse Design p.13
variation,B-C90-42-42-BM3,Armoire de bas de coin Coin 90 degres - 42 x 42 x 24 x 34 1/2 po - Shaker 3 po - Bleu marin,0,0,visible,"Armoire de bas de coin Dilamco, dimensions 42 x 42 x 24 x 34 1/2 po. Finition Shaker disponible selon les variantes.","Module Dilamco armoire de bas de coin (B-C90-42-42), dimensions 42 x 42 x 24 x 34 1/2 po. Cabinet en contreplaqué avec fini intérieur en placage de bouleau. Porte HDF avec moulure en bouleau. Fini extérieur assorti à la porte selon la finition choisie. Prix, disponibilité, panneaux de finition, fillers et installation à confirmer avant publication.",,,taxable,1,,0,0,0,Armoires de cuisine > Armoires de bas > Coin 90 degres,"Dilamco, armoires, Shaker, catalogue technique",,sku:B-C90-42-42,6,Type de module,Armoire de bas de coin,1,0,,Largeur,42,1,0,,Largeur B,42,1,0,,Profondeur,24,1,0,,Hauteur,34 1/2,1,0,,Hauteur de plafond,,0,0,,Type de coin,Coin 90 degres,1,0,,Style de porte,Shaker,1,0,,Moulure,3 po,1,0,,Couleur,Bleu marin,1,0,,B-C90-42-42,Armoire de bas de coin,Armoires de cuisine > Armoires de bas > Coin 90 degres,,1,42,42,24,34 1/2,,Coin 90 degres,Bleu marin,3 po,Shaker 3 po - Bleu marin,Trousse Design p.13
variable,B-C90-45-45,Armoire de bas de coin Coin 90 degres - 45 x 45 x 24 x 34 1/2 po,0,0,visible,"Armoire de bas de coin Dilamco, dimensions 45 x 45 x 24 x 34 1/2 po. Finition Shaker disponible selon les variantes.","Module Dilamco armoire de bas de coin (B-C90-45-45), dimensions 45 x 45 x 24 x 34 1/2 po. Cabinet en contreplaqué avec fini intérieur en placage de bouleau. Porte HDF avec moulure en bouleau. Fini extérieur assorti à la porte selon la finition choisie. Prix, disponibilité, panneaux de finition, fillers et installation à confirmer avant publication.",,,taxable,1,,0,0,0,Armoires de cuisine > Armoires de bas > Coin 90 degres,"Dilamco, armoires, Shaker, catalogue technique",,,0,Type de module,Armoire de bas de coin,1,0,,Largeur,45,1,0,,Largeur B,45,1,0,,Profondeur,24,1,0,,Hauteur,34 1/2,1,0,,Hauteur de plafond,,0,0,,Type de coin,Coin 90 degres,1,0,,Style de porte,Shaker,1,0,Shaker,Moulure,1 po | 3 po,1,0,1 po,Couleur,Blanc Pur | Chêne blanc | Bleu marin,1,0,Blanc Pur,B-C90-45-45,Armoire de bas de coin,Armoires de cuisine > Armoires de bas > Coin 90 degres,,1,45,45,24,34 1/2,,Coin 90 degres,,,,Trousse Design p.13
variation,B-C90-45-45-BP1,Armoire de bas de coin Coin 90 degres - 45 x 45 x 24 x 34 1/2 po - Shaker 1 po - Blanc Pur,0,0,visible,"Armoire de bas de coin Dilamco, dimensions 45 x 45 x 24 x 34 1/2 po. Finition Shaker disponible selon les variantes.","Module Dilamco armoire de bas de coin (B-C90-45-45), dimensions 45 x 45 x 24 x 34 1/2 po. Cabinet en contreplaqué avec fini intérieur en placage de bouleau. Porte HDF avec moulure en bouleau. Fini extérieur assorti à la porte selon la finition choisie. Prix, disponibilité, panneaux de finition, fillers et installation à confirmer avant publication.",,,taxable,1,,0,0,0,Armoires de cuisine > Armoires de bas > Coin 90 degres,"Dilamco, armoires, Shaker, catalogue technique",,sku:B-C90-45-45,1,Type de module,Armoire de bas de coin,1,0,,Largeur,45,1,0,,Largeur B,45,1,0,,Profondeur,24,1,0,,Hauteur,34 1/2,1,0,,Hauteur de plafond,,0,0,,Type de coin,Coin 90 degres,1,0,,Style de porte,Shaker,1,0,,Moulure,1 po,1,0,,Couleur,Blanc Pur,1,0,,B-C90-45-45,Armoire de bas de coin,Armoires de cuisine > Armoires de bas > Coin 90 degres,,1,45,45,24,34 1/2,,Coin 90 degres,Blanc Pur,1 po,Shaker 1 po - Blanc Pur,Trousse Design p.13
variation,B-C90-45-45-BP3,Armoire de bas de coin Coin 90 degres - 45 x 45 x 24 x 34 1/2 po - Shaker 3 po - Blanc Pur,0,0,visible,"Armoire de bas de coin Dilamco, dimensions 45 x 45 x 24 x 34 1/2 po. Finition Shaker disponible selon les variantes.","Module Dilamco armoire de bas de coin (B-C90-45-45), dimensions 45 x 45 x 24 x 34 1/2 po. Cabinet en contreplaqué avec fini intérieur en placage de bouleau. Porte HDF avec moulure en bouleau. Fini extérieur assorti à la porte selon la finition choisie. Prix, disponibilité, panneaux de finition, fillers et installation à confirmer avant publication.",,,taxable,1,,0,0,0,Armoires de cuisine > Armoires de bas > Coin 90 degres,"Dilamco, armoires, Shaker, catalogue technique",,sku:B-C90-45-45,2,Type de module,Armoire de bas de coin,1,0,,Largeur,45,1,0,,Largeur B,45,1,0,,Profondeur,24,1,0,,Hauteur,34 1/2,1,0,,Hauteur de plafond,,0,0,,Type de coin,Coin 90 degres,1,0,,Style de porte,Shaker,1,0,,Moulure,3 po,1,0,,Couleur,Blanc Pur,1,0,,B-C90-45-45,Armoire de bas de coin,Armoires de cuisine > Armoires de bas > Coin 90 degres,,1,45,45,24,34 1/2,,Coin 90 degres,Blanc Pur,3 po,Shaker 3 po - Blanc Pur,Trousse Design p.13
variation,B-C90-45-45-CB1,Armoire de bas de coin Coin 90 degres - 45 x 45 x 24 x 34 1/2 po - Shaker 1 po - Chêne blanc,0,0,visible,"Armoire de bas de coin Dilamco, dimensions 45 x 45 x 24 x 34 1/2 po. Finition Shaker disponible selon les variantes.","Module Dilamco armoire de bas de coin (B-C90-45-45), dimensions 45 x 45 x 24 x 34 1/2 po. Cabinet en contreplaqué avec fini intérieur en placage de bouleau. Porte HDF avec moulure en bouleau. Fini extérieur assorti à la porte selon la finition choisie. Prix, disponibilité, panneaux de finition, fillers et installation à confirmer avant publication.",,,taxable,1,,0,0,0,Armoires de cuisine > Armoires de bas > Coin 90 degres,"Dilamco, armoires, Shaker, catalogue technique",,sku:B-C90-45-45,3,Type de module,Armoire de bas de coin,1,0,,Largeur,45,1,0,,Largeur B,45,1,0,,Profondeur,24,1,0,,Hauteur,34 1/2,1,0,,Hauteur de plafond,,0,0,,Type de coin,Coin 90 degres,1,0,,Style de porte,Shaker,1,0,,Moulure,1 po,1,0,,Couleur,Chêne blanc,1,0,,B-C90-45-45,Armoire de bas de coin,Armoires de cuisine > Armoires de bas > Coin 90 degres,,1,45,45,24,34 1/2,,Coin 90 degres,Chêne blanc,1 po,Shaker 1 po - Chêne blanc,Trousse Design p.13
variation,B-C90-45-45-CB3,Armoire de bas de coin Coin 90 degres - 45 x 45 x 24 x 34 1/2 po - Shaker 3 po - Chêne blanc,0,0,visible,"Armoire de bas de coin Dilamco, dimensions 45 x 45 x 24 x 34 1/2 po. Finition Shaker disponible selon les variantes.","Module Dilamco armoire de bas de coin (B-C90-45-45), dimensions 45 x 45 x 24 x 34 1/2 po. Cabinet en contreplaqué avec fini intérieur en placage de bouleau. Porte HDF avec moulure en bouleau. Fini extérieur assorti à la porte selon la finition choisie. Prix, disponibilité, panneaux de finition, fillers et installation à confirmer avant publication.",,,taxable,1,,0,0,0,Armoires de cuisine > Armoires de bas > Coin 90 degres,"Dilamco, armoires, Shaker, catalogue technique",,sku:B-C90-45-45,4,Type de module,Armoire de bas de coin,1,0,,Largeur,45,1,0,,Largeur B,45,1,0,,Profondeur,24,1,0,,Hauteur,34 1/2,1,0,,Hauteur de plafond,,0,0,,Type de coin,Coin 90 degres,1,0,,Style de porte,Shaker,1,0,,Moulure,3 po,1,0,,Couleur,Chêne blanc,1,0,,B-C90-45-45,Armoire de bas de coin,Armoires de cuisine > Armoires de bas > Coin 90 degres,,1,45,45,24,34 1/2,,Coin 90 degres,Chêne blanc,3 po,Shaker 3 po - Chêne blanc,Trousse Design p.13
variation,B-C90-45-45-BM1,Armoire de bas de coin Coin 90 degres - 45 x 45 x 24 x 34 1/2 po - Shaker 1 po - Bleu marin,0,0,visible,"Armoire de bas de coin Dilamco, dimensions 45 x 45 x 24 x 34 1/2 po. Finition Shaker disponible selon les variantes.","Module Dilamco armoire de bas de coin (B-C90-45-45), dimensions 45 x 45 x 24 x 34 1/2 po. Cabinet en contreplaqué avec fini intérieur en placage de bouleau. Porte HDF avec moulure en bouleau. Fini extérieur assorti à la porte selon la finition choisie. Prix, disponibilité, panneaux de finition, fillers et installation à confirmer avant publication.",,,taxable,1,,0,0,0,Armoires de cuisine > Armoires de bas > Coin 90 degres,"Dilamco, armoires, Shaker, catalogue technique",,sku:B-C90-45-45,5,Type de module,Armoire de bas de coin,1,0,,Largeur,45,1,0,,Largeur B,45,1,0,,Profondeur,24,1,0,,Hauteur,34 1/2,1,0,,Hauteur de plafond,,0,0,,Type de coin,Coin 90 degres,1,0,,Style de porte,Shaker,1,0,,Moulure,1 po,1,0,,Couleur,Bleu marin,1,0,,B-C90-45-45,Armoire de bas de coin,Armoires de cuisine > Armoires de bas > Coin 90 degres,,1,45,45,24,34 1/2,,Coin 90 degres,Bleu marin,1 po,Shaker 1 po - Bleu marin,Trousse Design p.13
variation,B-C90-45-45-BM3,Armoire de bas de coin Coin 90 degres - 45 x 45 x 24 x 34 1/2 po - Shaker 3 po - Bleu marin,0,0,visible,"Armoire de bas de coin Dilamco, dimensions 45 x 45 x 24 x 34 1/2 po. Finition Shaker disponible selon les variantes.","Module Dilamco armoire de bas de coin (B-C90-45-45), dimensions 45 x 45 x 24 x 34 1/2 po. Cabinet en contreplaqué avec fini intérieur en placage de bouleau. Porte HDF avec moulure en bouleau. Fini extérieur assorti à la porte selon la finition choisie. Prix, disponibilité, panneaux de finition, fillers et installation à confirmer avant publication.",,,taxable,1,,0,0,0,Armoires de cuisine > Armoires de bas > Coin 90 degres,"Dilamco, armoires, Shaker, catalogue technique",,sku:B-C90-45-45,6,Type de module,Armoire de bas de coin,1,0,,Largeur,45,1,0,,Largeur B,45,1,0,,Profondeur,24,1,0,,Hauteur,34 1/2,1,0,,Hauteur de plafond,,0,0,,Type de coin,Coin 90 degres,1,0,,Style de porte,Shaker,1,0,,Moulure,3 po,1,0,,Couleur,Bleu marin,1,0,,B-C90-45-45,Armoire de bas de coin,Armoires de cuisine > Armoires de bas > Coin 90 degres,,1,45,45,24,34 1/2,,Coin 90 degres,Bleu marin,3 po,Shaker 3 po - Bleu marin,Trousse Design p.13
variable,B-C45-33-33,Armoire de bas de coin Coin 45 degres - 33 x 33 x 24 x 34 1/2 po,0,0,visible,"Armoire de bas de coin Dilamco, dimensions 33 x 33 x 24 x 34 1/2 po. Finition Shaker disponible selon les variantes.","Module Dilamco armoire de bas de coin (B-C45-33-33), dimensions 33 x 33 x 24 x 34 1/2 po. Cabinet en contreplaqué avec fini intérieur en placage de bouleau. Porte HDF avec moulure en bouleau. Fini extérieur assorti à la porte selon la finition choisie. Prix, disponibilité, panneaux de finition, fillers et installation à confirmer avant publication.",,,taxable,1,,0,0,0,Armoires de cuisine > Armoires de bas > Coin 45 degres,"Dilamco, armoires, Shaker, catalogue technique",,,0,Type de module,Armoire de bas de coin,1,0,,Largeur,33,1,0,,Largeur B,33,1,0,,Profondeur,24,1,0,,Hauteur,34 1/2,1,0,,Hauteur de plafond,,0,0,,Type de coin,Coin 45 degres,1,0,,Style de porte,Shaker,1,0,Shaker,Moulure,1 po | 3 po,1,0,1 po,Couleur,Blanc Pur | Chêne blanc | Bleu marin,1,0,Blanc Pur,B-C45-33-33,Armoire de bas de coin,Armoires de cuisine > Armoires de bas > Coin 45 degres,,1,33,33,24,34 1/2,,Coin 45 degres,,,,Trousse Design p.14
variation,B-C45-33-33-BP1,Armoire de bas de coin Coin 45 degres - 33 x 33 x 24 x 34 1/2 po - Shaker 1 po - Blanc Pur,0,0,visible,"Armoire de bas de coin Dilamco, dimensions 33 x 33 x 24 x 34 1/2 po. Finition Shaker disponible selon les variantes.","Module Dilamco armoire de bas de coin (B-C45-33-33), dimensions 33 x 33 x 24 x 34 1/2 po. Cabinet en contreplaqué avec fini intérieur en placage de bouleau. Porte HDF avec moulure en bouleau. Fini extérieur assorti à la porte selon la finition choisie. Prix, disponibilité, panneaux de finition, fillers et installation à confirmer avant publication.",,,taxable,1,,0,0,0,Armoires de cuisine > Armoires de bas > Coin 45 degres,"Dilamco, armoires, Shaker, catalogue technique",,sku:B-C45-33-33,1,Type de module,Armoire de bas de coin,1,0,,Largeur,33,1,0,,Largeur B,33,1,0,,Profondeur,24,1,0,,Hauteur,34 1/2,1,0,,Hauteur de plafond,,0,0,,Type de coin,Coin 45 degres,1,0,,Style de porte,Shaker,1,0,,Moulure,1 po,1,0,,Couleur,Blanc Pur,1,0,,B-C45-33-33,Armoire de bas de coin,Armoires de cuisine > Armoires de bas > Coin 45 degres,,1,33,33,24,34 1/2,,Coin 45 degres,Blanc Pur,1 po,Shaker 1 po - Blanc Pur,Trousse Design p.14
variation,B-C45-33-33-BP3,Armoire de bas de coin Coin 45 degres - 33 x 33 x 24 x 34 1/2 po - Shaker 3 po - Blanc Pur,0,0,visible,"Armoire de bas de coin Dilamco, dimensions 33 x 33 x 24 x 34 1/2 po. Finition Shaker disponible selon les variantes.","Module Dilamco armoire de bas de coin (B-C45-33-33), dimensions 33 x 33 x 24 x 34 1/2 po. Cabinet en contreplaqué avec fini intérieur en placage de bouleau. Porte HDF avec moulure en bouleau. Fini extérieur assorti à la porte selon la finition choisie. Prix, disponibilité, panneaux de finition, fillers et installation à confirmer avant publication.",,,taxable,1,,0,0,0,Armoires de cuisine > Armoires de bas > Coin 45 degres,"Dilamco, armoires, Shaker, catalogue technique",,sku:B-C45-33-33,2,Type de module,Armoire de bas de coin,1,0,,Largeur,33,1,0,,Largeur B,33,1,0,,Profondeur,24,1,0,,Hauteur,34 1/2,1,0,,Hauteur de plafond,,0,0,,Type de coin,Coin 45 degres,1,0,,Style de porte,Shaker,1,0,,Moulure,3 po,1,0,,Couleur,Blanc Pur,1,0,,B-C45-33-33,Armoire de bas de coin,Armoires de cuisine > Armoires de bas > Coin 45 degres,,1,33,33,24,34 1/2,,Coin 45 degres,Blanc Pur,3 po,Shaker 3 po - Blanc Pur,Trousse Design p.14
variation,B-C45-33-33-CB1,Armoire de bas de coin Coin 45 degres - 33 x 33 x 24 x 34 1/2 po - Shaker 1 po - Chêne blanc,0,0,visible,"Armoire de bas de coin Dilamco, dimensions 33 x 33 x 24 x 34 1/2 po. Finition Shaker disponible selon les variantes.","Module Dilamco armoire de bas de coin (B-C45-33-33), dimensions 33 x 33 x 24 x 34 1/2 po. Cabinet en contreplaqué avec fini intérieur en placage de bouleau. Porte HDF avec moulure en bouleau. Fini extérieur assorti à la porte selon la finition choisie. Prix, disponibilité, panneaux de finition, fillers et installation à confirmer avant publication.",,,taxable,1,,0,0,0,Armoires de cuisine > Armoires de bas > Coin 45 degres,"Dilamco, armoires, Shaker, catalogue technique",,sku:B-C45-33-33,3,Type de module,Armoire de bas de coin,1,0,,Largeur,33,1,0,,Largeur B,33,1,0,,Profondeur,24,1,0,,Hauteur,34 1/2,1,0,,Hauteur de plafond,,0,0,,Type de coin,Coin 45 degres,1,0,,Style de porte,Shaker,1,0,,Moulure,1 po,1,0,,Couleur,Chêne blanc,1,0,,B-C45-33-33,Armoire de bas de coin,Armoires de cuisine > Armoires de bas > Coin 45 degres,,1,33,33,24,34 1/2,,Coin 45 degres,Chêne blanc,1 po,Shaker 1 po - Chêne blanc,Trousse Design p.14
variation,B-C45-33-33-CB3,Armoire de bas de coin Coin 45 degres - 33 x 33 x 24 x 34 1/2 po - Shaker 3 po - Chêne blanc,0,0,visible,"Armoire de bas de coin Dilamco, dimensions 33 x 33 x 24 x 34 1/2 po. Finition Shaker disponible selon les variantes.","Module Dilamco armoire de bas de coin (B-C45-33-33), dimensions 33 x 33 x 24 x 34 1/2 po. Cabinet en contreplaqué avec fini intérieur en placage de bouleau. Porte HDF avec moulure en bouleau. Fini extérieur assorti à la porte selon la finition choisie. Prix, disponibilité, panneaux de finition, fillers et installation à confirmer avant publication.",,,taxable,1,,0,0,0,Armoires de cuisine > Armoires de bas > Coin 45 degres,"Dilamco, armoires, Shaker, catalogue technique",,sku:B-C45-33-33,4,Type de module,Armoire de bas de coin,1,0,,Largeur,33,1,0,,Largeur B,33,1,0,,Profondeur,24,1,0,,Hauteur,34 1/2,1,0,,Hauteur de plafond,,0,0,,Type de coin,Coin 45 degres,1,0,,Style de porte,Shaker,1,0,,Moulure,3 po,1,0,,Couleur,Chêne blanc,1,0,,B-C45-33-33,Armoire de bas de coin,Armoires de cuisine > Armoires de bas > Coin 45 degres,,1,33,33,24,34 1/2,,Coin 45 degres,Chêne blanc,3 po,Shaker 3 po - Chêne blanc,Trousse Design p.14
variation,B-C45-33-33-BM1,Armoire de bas de coin Coin 45 degres - 33 x 33 x 24 x 34 1/2 po - Shaker 1 po - Bleu marin,0,0,visible,"Armoire de bas de coin Dilamco, dimensions 33 x 33 x 24 x 34 1/2 po. Finition Shaker disponible selon les variantes.","Module Dilamco armoire de bas de coin (B-C45-33-33), dimensions 33 x 33 x 24 x 34 1/2 po. Cabinet en contreplaqué avec fini intérieur en placage de bouleau. Porte HDF avec moulure en bouleau. Fini extérieur assorti à la porte selon la finition choisie. Prix, disponibilité, panneaux de finition, fillers et installation à confirmer avant publication.",,,taxable,1,,0,0,0,Armoires de cuisine > Armoires de bas > Coin 45 degres,"Dilamco, armoires, Shaker, catalogue technique",,sku:B-C45-33-33,5,Type de module,Armoire de bas de coin,1,0,,Largeur,33,1,0,,Largeur B,33,1,0,,Profondeur,24,1,0,,Hauteur,34 1/2,1,0,,Hauteur de plafond,,0,0,,Type de coin,Coin 45 degres,1,0,,Style de porte,Shaker,1,0,,Moulure,1 po,1,0,,Couleur,Bleu marin,1,0,,B-C45-33-33,Armoire de bas de coin,Armoires de cuisine > Armoires de bas > Coin 45 degres,,1,33,33,24,34 1/2,,Coin 45 degres,Bleu marin,1 po,Shaker 1 po - Bleu marin,Trousse Design p.14
variation,B-C45-33-33-BM3,Armoire de bas de coin Coin 45 degres - 33 x 33 x 24 x 34 1/2 po - Shaker 3 po - Bleu marin,0,0,visible,"Armoire de bas de coin Dilamco, dimensions 33 x 33 x 24 x 34 1/2 po. Finition Shaker disponible selon les variantes.","Module Dilamco armoire de bas de coin (B-C45-33-33), dimensions 33 x 33 x 24 x 34 1/2 po. Cabinet en contreplaqué avec fini intérieur en placage de bouleau. Porte HDF avec moulure en bouleau. Fini extérieur assorti à la porte selon la finition choisie. Prix, disponibilité, panneaux de finition, fillers et installation à confirmer avant publication.",,,taxable,1,,0,0,0,Armoires de cuisine > Armoires de bas > Coin 45 degres,"Dilamco, armoires, Shaker, catalogue technique",,sku:B-C45-33-33,6,Type de module,Armoire de bas de coin,1,0,,Largeur,33,1,0,,Largeur B,33,1,0,,Profondeur,24,1,0,,Hauteur,34 1/2,1,0,,Hauteur de plafond,,0,0,,Type de coin,Coin 45 degres,1,0,,Style de porte,Shaker,1,0,,Moulure,3 po,1,0,,Couleur,Bleu marin,1,0,,B-C45-33-33,Armoire de bas de coin,Armoires de cuisine > Armoires de bas > Coin 45 degres,,1,33,33,24,34 1/2,,Coin 45 degres,Bleu marin,3 po,Shaker 3 po - Bleu marin,Trousse Design p.14
variable,B-C45-36-36,Armoire de bas de coin Coin 45 degres - 36 x 36 x 24 x 34 1/2 po,0,0,visible,"Armoire de bas de coin Dilamco, dimensions 36 x 36 x 24 x 34 1/2 po. Finition Shaker disponible selon les variantes.","Module Dilamco armoire de bas de coin (B-C45-36-36), dimensions 36 x 36 x 24 x 34 1/2 po. Cabinet en contreplaqué avec fini intérieur en placage de bouleau. Porte HDF avec moulure en bouleau. Fini extérieur assorti à la porte selon la finition choisie. Prix, disponibilité, panneaux de finition, fillers et installation à confirmer avant publication.",,,taxable,1,,0,0,0,Armoires de cuisine > Armoires de bas > Coin 45 degres,"Dilamco, armoires, Shaker, catalogue technique",,,0,Type de module,Armoire de bas de coin,1,0,,Largeur,36,1,0,,Largeur B,36,1,0,,Profondeur,24,1,0,,Hauteur,34 1/2,1,0,,Hauteur de plafond,,0,0,,Type de coin,Coin 45 degres,1,0,,Style de porte,Shaker,1,0,Shaker,Moulure,1 po | 3 po,1,0,1 po,Couleur,Blanc Pur | Chêne blanc | Bleu marin,1,0,Blanc Pur,B-C45-36-36,Armoire de bas de coin,Armoires de cuisine > Armoires de bas > Coin 45 degres,,1,36,36,24,34 1/2,,Coin 45 degres,,,,Trousse Design p.14
variation,B-C45-36-36-BP1,Armoire de bas de coin Coin 45 degres - 36 x 36 x 24 x 34 1/2 po - Shaker 1 po - Blanc Pur,0,0,visible,"Armoire de bas de coin Dilamco, dimensions 36 x 36 x 24 x 34 1/2 po. Finition Shaker disponible selon les variantes.","Module Dilamco armoire de bas de coin (B-C45-36-36), dimensions 36 x 36 x 24 x 34 1/2 po. Cabinet en contreplaqué avec fini intérieur en placage de bouleau. Porte HDF avec moulure en bouleau. Fini extérieur assorti à la porte selon la finition choisie. Prix, disponibilité, panneaux de finition, fillers et installation à confirmer avant publication.",,,taxable,1,,0,0,0,Armoires de cuisine > Armoires de bas > Coin 45 degres,"Dilamco, armoires, Shaker, catalogue technique",,sku:B-C45-36-36,1,Type de module,Armoire de bas de coin,1,0,,Largeur,36,1,0,,Largeur B,36,1,0,,Profondeur,24,1,0,,Hauteur,34 1/2,1,0,,Hauteur de plafond,,0,0,,Type de coin,Coin 45 degres,1,0,,Style de porte,Shaker,1,0,,Moulure,1 po,1,0,,Couleur,Blanc Pur,1,0,,B-C45-36-36,Armoire de bas de coin,Armoires de cuisine > Armoires de bas > Coin 45 degres,,1,36,36,24,34 1/2,,Coin 45 degres,Blanc Pur,1 po,Shaker 1 po - Blanc Pur,Trousse Design p.14
variation,B-C45-36-36-BP3,Armoire de bas de coin Coin 45 degres - 36 x 36 x 24 x 34 1/2 po - Shaker 3 po - Blanc Pur,0,0,visible,"Armoire de bas de coin Dilamco, dimensions 36 x 36 x 24 x 34 1/2 po. Finition Shaker disponible selon les variantes.","Module Dilamco armoire de bas de coin (B-C45-36-36), dimensions 36 x 36 x 24 x 34 1/2 po. Cabinet en contreplaqué avec fini intérieur en placage de bouleau. Porte HDF avec moulure en bouleau. Fini extérieur assorti à la porte selon la finition choisie. Prix, disponibilité, panneaux de finition, fillers et installation à confirmer avant publication.",,,taxable,1,,0,0,0,Armoires de cuisine > Armoires de bas > Coin 45 degres,"Dilamco, armoires, Shaker, catalogue technique",,sku:B-C45-36-36,2,Type de module,Armoire de bas de coin,1,0,,Largeur,36,1,0,,Largeur B,36,1,0,,Profondeur,24,1,0,,Hauteur,34 1/2,1,0,,Hauteur de plafond,,0,0,,Type de coin,Coin 45 degres,1,0,,Style de porte,Shaker,1,0,,Moulure,3 po,1,0,,Couleur,Blanc Pur,1,0,,B-C45-36-36,Armoire de bas de coin,Armoires de cuisine > Armoires de bas > Coin 45 degres,,1,36,36,24,34 1/2,,Coin 45 degres,Blanc Pur,3 po,Shaker 3 po - Blanc Pur,Trousse Design p.14
variation,B-C45-36-36-CB1,Armoire de bas de coin Coin 45 degres - 36 x 36 x 24 x 34 1/2 po - Shaker 1 po - Chêne blanc,0,0,visible,"Armoire de bas de coin Dilamco, dimensions 36 x 36 x 24 x 34 1/2 po. Finition Shaker disponible selon les variantes.","Module Dilamco armoire de bas de coin (B-C45-36-36), dimensions 36 x 36 x 24 x 34 1/2 po. Cabinet en contreplaqué avec fini intérieur en placage de bouleau. Porte HDF avec moulure en bouleau. Fini extérieur assorti à la porte selon la finition choisie. Prix, disponibilité, panneaux de finition, fillers et installation à confirmer avant publication.",,,taxable,1,,0,0,0,Armoires de cuisine > Armoires de bas > Coin 45 degres,"Dilamco, armoires, Shaker, catalogue technique",,sku:B-C45-36-36,3,Type de module,Armoire de bas de coin,1,0,,Largeur,36,1,0,,Largeur B,36,1,0,,Profondeur,24,1,0,,Hauteur,34 1/2,1,0,,Hauteur de plafond,,0,0,,Type de coin,Coin 45 degres,1,0,,Style de porte,Shaker,1,0,,Moulure,1 po,1,0,,Couleur,Chêne blanc,1,0,,B-C45-36-36,Armoire de bas de coin,Armoires de cuisine > Armoires de bas > Coin 45 degres,,1,36,36,24,34 1/2,,Coin 45 degres,Chêne blanc,1 po,Shaker 1 po - Chêne blanc,Trousse Design p.14
variation,B-C45-36-36-CB3,Armoire de bas de coin Coin 45 degres - 36 x 36 x 24 x 34 1/2 po - Shaker 3 po - Chêne blanc,0,0,visible,"Armoire de bas de coin Dilamco, dimensions 36 x 36 x 24 x 34 1/2 po. Finition Shaker disponible selon les variantes.","Module Dilamco armoire de bas de coin (B-C45-36-36), dimensions 36 x 36 x 24 x 34 1/2 po. Cabinet en contreplaqué avec fini intérieur en placage de bouleau. Porte HDF avec moulure en bouleau. Fini extérieur assorti à la porte selon la finition choisie. Prix, disponibilité, panneaux de finition, fillers et installation à confirmer avant publication.",,,taxable,1,,0,0,0,Armoires de cuisine > Armoires de bas > Coin 45 degres,"Dilamco, armoires, Shaker, catalogue technique",,sku:B-C45-36-36,4,Type de module,Armoire de bas de coin,1,0,,Largeur,36,1,0,,Largeur B,36,1,0,,Profondeur,24,1,0,,Hauteur,34 1/2,1,0,,Hauteur de plafond,,0,0,,Type de coin,Coin 45 degres,1,0,,Style de porte,Shaker,1,0,,Moulure,3 po,1,0,,Couleur,Chêne blanc,1,0,,B-C45-36-36,Armoire de bas de coin,Armoires de cuisine > Armoires de bas > Coin 45 degres,,1,36,36,24,34 1/2,,Coin 45 degres,Chêne blanc,3 po,Shaker 3 po - Chêne blanc,Trousse Design p.14
variation,B-C45-36-36-BM1,Armoire de bas de coin Coin 45 degres - 36 x 36 x 24 x 34 1/2 po - Shaker 1 po - Bleu marin,0,0,visible,"Armoire de bas de coin Dilamco, dimensions 36 x 36 x 24 x 34 1/2 po. Finition Shaker disponible selon les variantes.","Module Dilamco armoire de bas de coin (B-C45-36-36), dimensions 36 x 36 x 24 x 34 1/2 po. Cabinet en contreplaqué avec fini intérieur en placage de bouleau. Porte HDF avec moulure en bouleau. Fini extérieur assorti à la porte selon la finition choisie. Prix, disponibilité, panneaux de finition, fillers et installation à confirmer avant publication.",,,taxable,1,,0,0,0,Armoires de cuisine > Armoires de bas > Coin 45 degres,"Dilamco, armoires, Shaker, catalogue technique",,sku:B-C45-36-36,5,Type de module,Armoire de bas de coin,1,0,,Largeur,36,1,0,,Largeur B,36,1,0,,Profondeur,24,1,0,,Hauteur,34 1/2,1,0,,Hauteur de plafond,,0,0,,Type de coin,Coin 45 degres,1,0,,Style de porte,Shaker,1,0,,Moulure,1 po,1,0,,Couleur,Bleu marin,1,0,,B-C45-36-36,Armoire de bas de coin,Armoires de cuisine > Armoires de bas > Coin 45 degres,,1,36,36,24,34 1/2,,Coin 45 degres,Bleu marin,1 po,Shaker 1 po - Bleu marin,Trousse Design p.14
variation,B-C45-36-36-BM3,Armoire de bas de coin Coin 45 degres - 36 x 36 x 24 x 34 1/2 po - Shaker 3 po - Bleu marin,0,0,visible,"Armoire de bas de coin Dilamco, dimensions 36 x 36 x 24 x 34 1/2 po. Finition Shaker disponible selon les variantes.","Module Dilamco armoire de bas de coin (B-C45-36-36), dimensions 36 x 36 x 24 x 34 1/2 po. Cabinet en contreplaqué avec fini intérieur en placage de bouleau. Porte HDF avec moulure en bouleau. Fini extérieur assorti à la porte selon la finition choisie. Prix, disponibilité, panneaux de finition, fillers et installation à confirmer avant publication.",,,taxable,1,,0,0,0,Armoires de cuisine > Armoires de bas > Coin 45 degres,"Dilamco, armoires, Shaker, catalogue technique",,sku:B-C45-36-36,6,Type de module,Armoire de bas de coin,1,0,,Largeur,36,1,0,,Largeur B,36,1,0,,Profondeur,24,1,0,,Hauteur,34 1/2,1,0,,Hauteur de plafond,,0,0,,Type de coin,Coin 45 degres,1,0,,Style de porte,Shaker,1,0,,Moulure,3 po,1,0,,Couleur,Bleu marin,1,0,,B-C45-36-36,Armoire de bas de coin,Armoires de cuisine > Armoires de bas > Coin 45 degres,,1,36,36,24,34 1/2,,Coin 45 degres,Bleu marin,3 po,Shaker 3 po - Bleu marin,Trousse Design p.14
variable,B-C45-39-39,Armoire de bas de coin Coin 45 degres - 39 x 39 x 24 x 34 1/2 po,0,0,visible,"Armoire de bas de coin Dilamco, dimensions 39 x 39 x 24 x 34 1/2 po. Finition Shaker disponible selon les variantes.","Module Dilamco armoire de bas de coin (B-C45-39-39), dimensions 39 x 39 x 24 x 34 1/2 po. Cabinet en contreplaqué avec fini intérieur en placage de bouleau. Porte HDF avec moulure en bouleau. Fini extérieur assorti à la porte selon la finition choisie. Prix, disponibilité, panneaux de finition, fillers et installation à confirmer avant publication.",,,taxable,1,,0,0,0,Armoires de cuisine > Armoires de bas > Coin 45 degres,"Dilamco, armoires, Shaker, catalogue technique",,,0,Type de module,Armoire de bas de coin,1,0,,Largeur,39,1,0,,Largeur B,39,1,0,,Profondeur,24,1,0,,Hauteur,34 1/2,1,0,,Hauteur de plafond,,0,0,,Type de coin,Coin 45 degres,1,0,,Style de porte,Shaker,1,0,Shaker,Moulure,1 po | 3 po,1,0,1 po,Couleur,Blanc Pur | Chêne blanc | Bleu marin,1,0,Blanc Pur,B-C45-39-39,Armoire de bas de coin,Armoires de cuisine > Armoires de bas > Coin 45 degres,,1,39,39,24,34 1/2,,Coin 45 degres,,,,Trousse Design p.14
variation,B-C45-39-39-BP1,Armoire de bas de coin Coin 45 degres - 39 x 39 x 24 x 34 1/2 po - Shaker 1 po - Blanc Pur,0,0,visible,"Armoire de bas de coin Dilamco, dimensions 39 x 39 x 24 x 34 1/2 po. Finition Shaker disponible selon les variantes.","Module Dilamco armoire de bas de coin (B-C45-39-39), dimensions 39 x 39 x 24 x 34 1/2 po. Cabinet en contreplaqué avec fini intérieur en placage de bouleau. Porte HDF avec moulure en bouleau. Fini extérieur assorti à la porte selon la finition choisie. Prix, disponibilité, panneaux de finition, fillers et installation à confirmer avant publication.",,,taxable,1,,0,0,0,Armoires de cuisine > Armoires de bas > Coin 45 degres,"Dilamco, armoires, Shaker, catalogue technique",,sku:B-C45-39-39,1,Type de module,Armoire de bas de coin,1,0,,Largeur,39,1,0,,Largeur B,39,1,0,,Profondeur,24,1,0,,Hauteur,34 1/2,1,0,,Hauteur de plafond,,0,0,,Type de coin,Coin 45 degres,1,0,,Style de porte,Shaker,1,0,,Moulure,1 po,1,0,,Couleur,Blanc Pur,1,0,,B-C45-39-39,Armoire de bas de coin,Armoires de cuisine > Armoires de bas > Coin 45 degres,,1,39,39,24,34 1/2,,Coin 45 degres,Blanc Pur,1 po,Shaker 1 po - Blanc Pur,Trousse Design p.14
variation,B-C45-39-39-BP3,Armoire de bas de coin Coin 45 degres - 39 x 39 x 24 x 34 1/2 po - Shaker 3 po - Blanc Pur,0,0,visible,"Armoire de bas de coin Dilamco, dimensions 39 x 39 x 24 x 34 1/2 po. Finition Shaker disponible selon les variantes.","Module Dilamco armoire de bas de coin (B-C45-39-39), dimensions 39 x 39 x 24 x 34 1/2 po. Cabinet en contreplaqué avec fini intérieur en placage de bouleau. Porte HDF avec moulure en bouleau. Fini extérieur assorti à la porte selon la finition choisie. Prix, disponibilité, panneaux de finition, fillers et installation à confirmer avant publication.",,,taxable,1,,0,0,0,Armoires de cuisine > Armoires de bas > Coin 45 degres,"Dilamco, armoires, Shaker, catalogue technique",,sku:B-C45-39-39,2,Type de module,Armoire de bas de coin,1,0,,Largeur,39,1,0,,Largeur B,39,1,0,,Profondeur,24,1,0,,Hauteur,34 1/2,1,0,,Hauteur de plafond,,0,0,,Type de coin,Coin 45 degres,1,0,,Style de porte,Shaker,1,0,,Moulure,3 po,1,0,,Couleur,Blanc Pur,1,0,,B-C45-39-39,Armoire de bas de coin,Armoires de cuisine > Armoires de bas > Coin 45 degres,,1,39,39,24,34 1/2,,Coin 45 degres,Blanc Pur,3 po,Shaker 3 po - Blanc Pur,Trousse Design p.14
variation,B-C45-39-39-CB1,Armoire de bas de coin Coin 45 degres - 39 x 39 x 24 x 34 1/2 po - Shaker 1 po - Chêne blanc,0,0,visible,"Armoire de bas de coin Dilamco, dimensions 39 x 39 x 24 x 34 1/2 po. Finition Shaker disponible selon les variantes.","Module Dilamco armoire de bas de coin (B-C45-39-39), dimensions 39 x 39 x 24 x 34 1/2 po. Cabinet en contreplaqué avec fini intérieur en placage de bouleau. Porte HDF avec moulure en bouleau. Fini extérieur assorti à la porte selon la finition choisie. Prix, disponibilité, panneaux de finition, fillers et installation à confirmer avant publication.",,,taxable,1,,0,0,0,Armoires de cuisine > Armoires de bas > Coin 45 degres,"Dilamco, armoires, Shaker, catalogue technique",,sku:B-C45-39-39,3,Type de module,Armoire de bas de coin,1,0,,Largeur,39,1,0,,Largeur B,39,1,0,,Profondeur,24,1,0,,Hauteur,34 1/2,1,0,,Hauteur de plafond,,0,0,,Type de coin,Coin 45 degres,1,0,,Style de porte,Shaker,1,0,,Moulure,1 po,1,0,,Couleur,Chêne blanc,1,0,,B-C45-39-39,Armoire de bas de coin,Armoires de cuisine > Armoires de bas > Coin 45 degres,,1,39,39,24,34 1/2,,Coin 45 degres,Chêne blanc,1 po,Shaker 1 po - Chêne blanc,Trousse Design p.14
variation,B-C45-39-39-CB3,Armoire de bas de coin Coin 45 degres - 39 x 39 x 24 x 34 1/2 po - Shaker 3 po - Chêne blanc,0,0,visible,"Armoire de bas de coin Dilamco, dimensions 39 x 39 x 24 x 34 1/2 po. Finition Shaker disponible selon les variantes.","Module Dilamco armoire de bas de coin (B-C45-39-39), dimensions 39 x 39 x 24 x 34 1/2 po. Cabinet en contreplaqué avec fini intérieur en placage de bouleau. Porte HDF avec moulure en bouleau. Fini extérieur assorti à la porte selon la finition choisie. Prix, disponibilité, panneaux de finition, fillers et installation à confirmer avant publication.",,,taxable,1,,0,0,0,Armoires de cuisine > Armoires de bas > Coin 45 degres,"Dilamco, armoires, Shaker, catalogue technique",,sku:B-C45-39-39,4,Type de module,Armoire de bas de coin,1,0,,Largeur,39,1,0,,Largeur B,39,1,0,,Profondeur,24,1,0,,Hauteur,34 1/2,1,0,,Hauteur de plafond,,0,0,,Type de coin,Coin 45 degres,1,0,,Style de porte,Shaker,1,0,,Moulure,3 po,1,0,,Couleur,Chêne blanc,1,0,,B-C45-39-39,Armoire de bas de coin,Armoires de cuisine > Armoires de bas > Coin 45 degres,,1,39,39,24,34 1/2,,Coin 45 degres,Chêne blanc,3 po,Shaker 3 po - Chêne blanc,Trousse Design p.14
variation,B-C45-39-39-BM1,Armoire de bas de coin Coin 45 degres - 39 x 39 x 24 x 34 1/2 po - Shaker 1 po - Bleu marin,0,0,visible,"Armoire de bas de coin Dilamco, dimensions 39 x 39 x 24 x 34 1/2 po. Finition Shaker disponible selon les variantes.","Module Dilamco armoire de bas de coin (B-C45-39-39), dimensions 39 x 39 x 24 x 34 1/2 po. Cabinet en contreplaqué avec fini intérieur en placage de bouleau. Porte HDF avec moulure en bouleau. Fini extérieur assorti à la porte selon la finition choisie. Prix, disponibilité, panneaux de finition, fillers et installation à confirmer avant publication.",,,taxable,1,,0,0,0,Armoires de cuisine > Armoires de bas > Coin 45 degres,"Dilamco, armoires, Shaker, catalogue technique",,sku:B-C45-39-39,5,Type de module,Armoire de bas de coin,1,0,,Largeur,39,1,0,,Largeur B,39,1,0,,Profondeur,24,1,0,,Hauteur,34 1/2,1,0,,Hauteur de plafond,,0,0,,Type de coin,Coin 45 degres,1,0,,Style de porte,Shaker,1,0,,Moulure,1 po,1,0,,Couleur,Bleu marin,1,0,,B-C45-39-39,Armoire de bas de coin,Armoires de cuisine > Armoires de bas > Coin 45 degres,,1,39,39,24,34 1/2,,Coin 45 degres,Bleu marin,1 po,Shaker 1 po - Bleu marin,Trousse Design p.14
variation,B-C45-39-39-BM3,Armoire de bas de coin Coin 45 degres - 39 x 39 x 24 x 34 1/2 po - Shaker 3 po - Bleu marin,0,0,visible,"Armoire de bas de coin Dilamco, dimensions 39 x 39 x 24 x 34 1/2 po. Finition Shaker disponible selon les variantes.","Module Dilamco armoire de bas de coin (B-C45-39-39), dimensions 39 x 39 x 24 x 34 1/2 po. Cabinet en contreplaqué avec fini intérieur en placage de bouleau. Porte HDF avec moulure en bouleau. Fini extérieur assorti à la porte selon la finition choisie. Prix, disponibilité, panneaux de finition, fillers et installation à confirmer avant publication.",,,taxable,1,,0,0,0,Armoires de cuisine > Armoires de bas > Coin 45 degres,"Dilamco, armoires, Shaker, catalogue technique",,sku:B-C45-39-39,6,Type de module,Armoire de bas de coin,1,0,,Largeur,39,1,0,,Largeur B,39,1,0,,Profondeur,24,1,0,,Hauteur,34 1/2,1,0,,Hauteur de plafond,,0,0,,Type de coin,Coin 45 degres,1,0,,Style de porte,Shaker,1,0,,Moulure,3 po,1,0,,Couleur,Bleu marin,1,0,,B-C45-39-39,Armoire de bas de coin,Armoires de cuisine > Armoires de bas > Coin 45 degres,,1,39,39,24,34 1/2,,Coin 45 degres,Bleu marin,3 po,Shaker 3 po - Bleu marin,Trousse Design p.14
variable,B-C45-42-42,Armoire de bas de coin Coin 45 degres - 42 x 42 x 24 x 34 1/2 po,0,0,visible,"Armoire de bas de coin Dilamco, dimensions 42 x 42 x 24 x 34 1/2 po. Finition Shaker disponible selon les variantes.","Module Dilamco armoire de bas de coin (B-C45-42-42), dimensions 42 x 42 x 24 x 34 1/2 po. Cabinet en contreplaqué avec fini intérieur en placage de bouleau. Porte HDF avec moulure en bouleau. Fini extérieur assorti à la porte selon la finition choisie. Prix, disponibilité, panneaux de finition, fillers et installation à confirmer avant publication.",,,taxable,1,,0,0,0,Armoires de cuisine > Armoires de bas > Coin 45 degres,"Dilamco, armoires, Shaker, catalogue technique",,,0,Type de module,Armoire de bas de coin,1,0,,Largeur,42,1,0,,Largeur B,42,1,0,,Profondeur,24,1,0,,Hauteur,34 1/2,1,0,,Hauteur de plafond,,0,0,,Type de coin,Coin 45 degres,1,0,,Style de porte,Shaker,1,0,Shaker,Moulure,1 po | 3 po,1,0,1 po,Couleur,Blanc Pur | Chêne blanc | Bleu marin,1,0,Blanc Pur,B-C45-42-42,Armoire de bas de coin,Armoires de cuisine > Armoires de bas > Coin 45 degres,,1,42,42,24,34 1/2,,Coin 45 degres,,,,Trousse Design p.14
variation,B-C45-42-42-BP1,Armoire de bas de coin Coin 45 degres - 42 x 42 x 24 x 34 1/2 po - Shaker 1 po - Blanc Pur,0,0,visible,"Armoire de bas de coin Dilamco, dimensions 42 x 42 x 24 x 34 1/2 po. Finition Shaker disponible selon les variantes.","Module Dilamco armoire de bas de coin (B-C45-42-42), dimensions 42 x 42 x 24 x 34 1/2 po. Cabinet en contreplaqué avec fini intérieur en placage de bouleau. Porte HDF avec moulure en bouleau. Fini extérieur assorti à la porte selon la finition choisie. Prix, disponibilité, panneaux de finition, fillers et installation à confirmer avant publication.",,,taxable,1,,0,0,0,Armoires de cuisine > Armoires de bas > Coin 45 degres,"Dilamco, armoires, Shaker, catalogue technique",,sku:B-C45-42-42,1,Type de module,Armoire de bas de coin,1,0,,Largeur,42,1,0,,Largeur B,42,1,0,,Profondeur,24,1,0,,Hauteur,34 1/2,1,0,,Hauteur de plafond,,0,0,,Type de coin,Coin 45 degres,1,0,,Style de porte,Shaker,1,0,,Moulure,1 po,1,0,,Couleur,Blanc Pur,1,0,,B-C45-42-42,Armoire de bas de coin,Armoires de cuisine > Armoires de bas > Coin 45 degres,,1,42,42,24,34 1/2,,Coin 45 degres,Blanc Pur,1 po,Shaker 1 po - Blanc Pur,Trousse Design p.14
variation,B-C45-42-42-BP3,Armoire de bas de coin Coin 45 degres - 42 x 42 x 24 x 34 1/2 po - Shaker 3 po - Blanc Pur,0,0,visible,"Armoire de bas de coin Dilamco, dimensions 42 x 42 x 24 x 34 1/2 po. Finition Shaker disponible selon les variantes.","Module Dilamco armoire de bas de coin (B-C45-42-42), dimensions 42 x 42 x 24 x 34 1/2 po. Cabinet en contreplaqué avec fini intérieur en placage de bouleau. Porte HDF avec moulure en bouleau. Fini extérieur assorti à la porte selon la finition choisie. Prix, disponibilité, panneaux de finition, fillers et installation à confirmer avant publication.",,,taxable,1,,0,0,0,Armoires de cuisine > Armoires de bas > Coin 45 degres,"Dilamco, armoires, Shaker, catalogue technique",,sku:B-C45-42-42,2,Type de module,Armoire de bas de coin,1,0,,Largeur,42,1,0,,Largeur B,42,1,0,,Profondeur,24,1,0,,Hauteur,34 1/2,1,0,,Hauteur de plafond,,0,0,,Type de coin,Coin 45 degres,1,0,,Style de porte,Shaker,1,0,,Moulure,3 po,1,0,,Couleur,Blanc Pur,1,0,,B-C45-42-42,Armoire de bas de coin,Armoires de cuisine > Armoires de bas > Coin 45 degres,,1,42,42,24,34 1/2,,Coin 45 degres,Blanc Pur,3 po,Shaker 3 po - Blanc Pur,Trousse Design p.14
variation,B-C45-42-42-CB1,Armoire de bas de coin Coin 45 degres - 42 x 42 x 24 x 34 1/2 po - Shaker 1 po - Chêne blanc,0,0,visible,"Armoire de bas de coin Dilamco, dimensions 42 x 42 x 24 x 34 1/2 po. Finition Shaker disponible selon les variantes.","Module Dilamco armoire de bas de coin (B-C45-42-42), dimensions 42 x 42 x 24 x 34 1/2 po. Cabinet en contreplaqué avec fini intérieur en placage de bouleau. Porte HDF avec moulure en bouleau. Fini extérieur assorti à la porte selon la finition choisie. Prix, disponibilité, panneaux de finition, fillers et installation à confirmer avant publication.",,,taxable,1,,0,0,0,Armoires de cuisine > Armoires de bas > Coin 45 degres,"Dilamco, armoires, Shaker, catalogue technique",,sku:B-C45-42-42,3,Type de module,Armoire de bas de coin,1,0,,Largeur,42,1,0,,Largeur B,42,1,0,,Profondeur,24,1,0,,Hauteur,34 1/2,1,0,,Hauteur de plafond,,0,0,,Type de coin,Coin 45 degres,1,0,,Style de porte,Shaker,1,0,,Moulure,1 po,1,0,,Couleur,Chêne blanc,1,0,,B-C45-42-42,Armoire de bas de coin,Armoires de cuisine > Armoires de bas > Coin 45 degres,,1,42,42,24,34 1/2,,Coin 45 degres,Chêne blanc,1 po,Shaker 1 po - Chêne blanc,Trousse Design p.14
variation,B-C45-42-42-CB3,Armoire de bas de coin Coin 45 degres - 42 x 42 x 24 x 34 1/2 po - Shaker 3 po - Chêne blanc,0,0,visible,"Armoire de bas de coin Dilamco, dimensions 42 x 42 x 24 x 34 1/2 po. Finition Shaker disponible selon les variantes.","Module Dilamco armoire de bas de coin (B-C45-42-42), dimensions 42 x 42 x 24 x 34 1/2 po. Cabinet en contreplaqué avec fini intérieur en placage de bouleau. Porte HDF avec moulure en bouleau. Fini extérieur assorti à la porte selon la finition choisie. Prix, disponibilité, panneaux de finition, fillers et installation à confirmer avant publication.",,,taxable,1,,0,0,0,Armoires de cuisine > Armoires de bas > Coin 45 degres,"Dilamco, armoires, Shaker, catalogue technique",,sku:B-C45-42-42,4,Type de module,Armoire de bas de coin,1,0,,Largeur,42,1,0,,Largeur B,42,1,0,,Profondeur,24,1,0,,Hauteur,34 1/2,1,0,,Hauteur de plafond,,0,0,,Type de coin,Coin 45 degres,1,0,,Style de porte,Shaker,1,0,,Moulure,3 po,1,0,,Couleur,Chêne blanc,1,0,,B-C45-42-42,Armoire de bas de coin,Armoires de cuisine > Armoires de bas > Coin 45 degres,,1,42,42,24,34 1/2,,Coin 45 degres,Chêne blanc,3 po,Shaker 3 po - Chêne blanc,Trousse Design p.14
variation,B-C45-42-42-BM1,Armoire de bas de coin Coin 45 degres - 42 x 42 x 24 x 34 1/2 po - Shaker 1 po - Bleu marin,0,0,visible,"Armoire de bas de coin Dilamco, dimensions 42 x 42 x 24 x 34 1/2 po. Finition Shaker disponible selon les variantes.","Module Dilamco armoire de bas de coin (B-C45-42-42), dimensions 42 x 42 x 24 x 34 1/2 po. Cabinet en contreplaqué avec fini intérieur en placage de bouleau. Porte HDF avec moulure en bouleau. Fini extérieur assorti à la porte selon la finition choisie. Prix, disponibilité, panneaux de finition, fillers et installation à confirmer avant publication.",,,taxable,1,,0,0,0,Armoires de cuisine > Armoires de bas > Coin 45 degres,"Dilamco, armoires, Shaker, catalogue technique",,sku:B-C45-42-42,5,Type de module,Armoire de bas de coin,1,0,,Largeur,42,1,0,,Largeur B,42,1,0,,Profondeur,24,1,0,,Hauteur,34 1/2,1,0,,Hauteur de plafond,,0,0,,Type de coin,Coin 45 degres,1,0,,Style de porte,Shaker,1,0,,Moulure,1 po,1,0,,Couleur,Bleu marin,1,0,,B-C45-42-42,Armoire de bas de coin,Armoires de cuisine > Armoires de bas > Coin 45 degres,,1,42,42,24,34 1/2,,Coin 45 degres,Bleu marin,1 po,Shaker 1 po - Bleu marin,Trousse Design p.14
variation,B-C45-42-42-BM3,Armoire de bas de coin Coin 45 degres - 42 x 42 x 24 x 34 1/2 po - Shaker 3 po - Bleu marin,0,0,visible,"Armoire de bas de coin Dilamco, dimensions 42 x 42 x 24 x 34 1/2 po. Finition Shaker disponible selon les variantes.","Module Dilamco armoire de bas de coin (B-C45-42-42), dimensions 42 x 42 x 24 x 34 1/2 po. Cabinet en contreplaqué avec fini intérieur en placage de bouleau. Porte HDF avec moulure en bouleau. Fini extérieur assorti à la porte selon la finition choisie. Prix, disponibilité, panneaux de finition, fillers et installation à confirmer avant publication.",,,taxable,1,,0,0,0,Armoires de cuisine > Armoires de bas > Coin 45 degres,"Dilamco, armoires, Shaker, catalogue technique",,sku:B-C45-42-42,6,Type de module,Armoire de bas de coin,1,0,,Largeur,42,1,0,,Largeur B,42,1,0,,Profondeur,24,1,0,,Hauteur,34 1/2,1,0,,Hauteur de plafond,,0,0,,Type de coin,Coin 45 degres,1,0,,Style de porte,Shaker,1,0,,Moulure,3 po,1,0,,Couleur,Bleu marin,1,0,,B-C45-42-42,Armoire de bas de coin,Armoires de cuisine > Armoires de bas > Coin 45 degres,,1,42,42,24,34 1/2,,Coin 45 degres,Bleu marin,3 po,Shaker 3 po - Bleu marin,Trousse Design p.14
variable,B-C45-45-45,Armoire de bas de coin Coin 45 degres - 45 x 45 x 24 x 34 1/2 po,0,0,visible,"Armoire de bas de coin Dilamco, dimensions 45 x 45 x 24 x 34 1/2 po. Finition Shaker disponible selon les variantes.","Module Dilamco armoire de bas de coin (B-C45-45-45), dimensions 45 x 45 x 24 x 34 1/2 po. Cabinet en contreplaqué avec fini intérieur en placage de bouleau. Porte HDF avec moulure en bouleau. Fini extérieur assorti à la porte selon la finition choisie. Prix, disponibilité, panneaux de finition, fillers et installation à confirmer avant publication.",,,taxable,1,,0,0,0,Armoires de cuisine > Armoires de bas > Coin 45 degres,"Dilamco, armoires, Shaker, catalogue technique",,,0,Type de module,Armoire de bas de coin,1,0,,Largeur,45,1,0,,Largeur B,45,1,0,,Profondeur,24,1,0,,Hauteur,34 1/2,1,0,,Hauteur de plafond,,0,0,,Type de coin,Coin 45 degres,1,0,,Style de porte,Shaker,1,0,Shaker,Moulure,1 po | 3 po,1,0,1 po,Couleur,Blanc Pur | Chêne blanc | Bleu marin,1,0,Blanc Pur,B-C45-45-45,Armoire de bas de coin,Armoires de cuisine > Armoires de bas > Coin 45 degres,,1,45,45,24,34 1/2,,Coin 45 degres,,,,Trousse Design p.14
variation,B-C45-45-45-BP1,Armoire de bas de coin Coin 45 degres - 45 x 45 x 24 x 34 1/2 po - Shaker 1 po - Blanc Pur,0,0,visible,"Armoire de bas de coin Dilamco, dimensions 45 x 45 x 24 x 34 1/2 po. Finition Shaker disponible selon les variantes.","Module Dilamco armoire de bas de coin (B-C45-45-45), dimensions 45 x 45 x 24 x 34 1/2 po. Cabinet en contreplaqué avec fini intérieur en placage de bouleau. Porte HDF avec moulure en bouleau. Fini extérieur assorti à la porte selon la finition choisie. Prix, disponibilité, panneaux de finition, fillers et installation à confirmer avant publication.",,,taxable,1,,0,0,0,Armoires de cuisine > Armoires de bas > Coin 45 degres,"Dilamco, armoires, Shaker, catalogue technique",,sku:B-C45-45-45,1,Type de module,Armoire de bas de coin,1,0,,Largeur,45,1,0,,Largeur B,45,1,0,,Profondeur,24,1,0,,Hauteur,34 1/2,1,0,,Hauteur de plafond,,0,0,,Type de coin,Coin 45 degres,1,0,,Style de porte,Shaker,1,0,,Moulure,1 po,1,0,,Couleur,Blanc Pur,1,0,,B-C45-45-45,Armoire de bas de coin,Armoires de cuisine > Armoires de bas > Coin 45 degres,,1,45,45,24,34 1/2,,Coin 45 degres,Blanc Pur,1 po,Shaker 1 po - Blanc Pur,Trousse Design p.14
variation,B-C45-45-45-BP3,Armoire de bas de coin Coin 45 degres - 45 x 45 x 24 x 34 1/2 po - Shaker 3 po - Blanc Pur,0,0,visible,"Armoire de bas de coin Dilamco, dimensions 45 x 45 x 24 x 34 1/2 po. Finition Shaker disponible selon les variantes.","Module Dilamco armoire de bas de coin (B-C45-45-45), dimensions 45 x 45 x 24 x 34 1/2 po. Cabinet en contreplaqué avec fini intérieur en placage de bouleau. Porte HDF avec moulure en bouleau. Fini extérieur assorti à la porte selon la finition choisie. Prix, disponibilité, panneaux de finition, fillers et installation à confirmer avant publication.",,,taxable,1,,0,0,0,Armoires de cuisine > Armoires de bas > Coin 45 degres,"Dilamco, armoires, Shaker, catalogue technique",,sku:B-C45-45-45,2,Type de module,Armoire de bas de coin,1,0,,Largeur,45,1,0,,Largeur B,45,1,0,,Profondeur,24,1,0,,Hauteur,34 1/2,1,0,,Hauteur de plafond,,0,0,,Type de coin,Coin 45 degres,1,0,,Style de porte,Shaker,1,0,,Moulure,3 po,1,0,,Couleur,Blanc Pur,1,0,,B-C45-45-45,Armoire de bas de coin,Armoires de cuisine > Armoires de bas > Coin 45 degres,,1,45,45,24,34 1/2,,Coin 45 degres,Blanc Pur,3 po,Shaker 3 po - Blanc Pur,Trousse Design p.14
variation,B-C45-45-45-CB1,Armoire de bas de coin Coin 45 degres - 45 x 45 x 24 x 34 1/2 po - Shaker 1 po - Chêne blanc,0,0,visible,"Armoire de bas de coin Dilamco, dimensions 45 x 45 x 24 x 34 1/2 po. Finition Shaker disponible selon les variantes.","Module Dilamco armoire de bas de coin (B-C45-45-45), dimensions 45 x 45 x 24 x 34 1/2 po. Cabinet en contreplaqué avec fini intérieur en placage de bouleau. Porte HDF avec moulure en bouleau. Fini extérieur assorti à la porte selon la finition choisie. Prix, disponibilité, panneaux de finition, fillers et installation à confirmer avant publication.",,,taxable,1,,0,0,0,Armoires de cuisine > Armoires de bas > Coin 45 degres,"Dilamco, armoires, Shaker, catalogue technique",,sku:B-C45-45-45,3,Type de module,Armoire de bas de coin,1,0,,Largeur,45,1,0,,Largeur B,45,1,0,,Profondeur,24,1,0,,Hauteur,34 1/2,1,0,,Hauteur de plafond,,0,0,,Type de coin,Coin 45 degres,1,0,,Style de porte,Shaker,1,0,,Moulure,1 po,1,0,,Couleur,Chêne blanc,1,0,,B-C45-45-45,Armoire de bas de coin,Armoires de cuisine > Armoires de bas > Coin 45 degres,,1,45,45,24,34 1/2,,Coin 45 degres,Chêne blanc,1 po,Shaker 1 po - Chêne blanc,Trousse Design p.14
variation,B-C45-45-45-CB3,Armoire de bas de coin Coin 45 degres - 45 x 45 x 24 x 34 1/2 po - Shaker 3 po - Chêne blanc,0,0,visible,"Armoire de bas de coin Dilamco, dimensions 45 x 45 x 24 x 34 1/2 po. Finition Shaker disponible selon les variantes.","Module Dilamco armoire de bas de coin (B-C45-45-45), dimensions 45 x 45 x 24 x 34 1/2 po. Cabinet en contreplaqué avec fini intérieur en placage de bouleau. Porte HDF avec moulure en bouleau. Fini extérieur assorti à la porte selon la finition choisie. Prix, disponibilité, panneaux de finition, fillers et installation à confirmer avant publication.",,,taxable,1,,0,0,0,Armoires de cuisine > Armoires de bas > Coin 45 degres,"Dilamco, armoires, Shaker, catalogue technique",,sku:B-C45-45-45,4,Type de module,Armoire de bas de coin,1,0,,Largeur,45,1,0,,Largeur B,45,1,0,,Profondeur,24,1,0,,Hauteur,34 1/2,1,0,,Hauteur de plafond,,0,0,,Type de coin,Coin 45 degres,1,0,,Style de porte,Shaker,1,0,,Moulure,3 po,1,0,,Couleur,Chêne blanc,1,0,,B-C45-45-45,Armoire de bas de coin,Armoires de cuisine > Armoires de bas > Coin 45 degres,,1,45,45,24,34 1/2,,Coin 45 degres,Chêne blanc,3 po,Shaker 3 po - Chêne blanc,Trousse Design p.14
variation,B-C45-45-45-BM1,Armoire de bas de coin Coin 45 degres - 45 x 45 x 24 x 34 1/2 po - Shaker 1 po - Bleu marin,0,0,visible,"Armoire de bas de coin Dilamco, dimensions 45 x 45 x 24 x 34 1/2 po. Finition Shaker disponible selon les variantes.","Module Dilamco armoire de bas de coin (B-C45-45-45), dimensions 45 x 45 x 24 x 34 1/2 po. Cabinet en contreplaqué avec fini intérieur en placage de bouleau. Porte HDF avec moulure en bouleau. Fini extérieur assorti à la porte selon la finition choisie. Prix, disponibilité, panneaux de finition, fillers et installation à confirmer avant publication.",,,taxable,1,,0,0,0,Armoires de cuisine > Armoires de bas > Coin 45 degres,"Dilamco, armoires, Shaker, catalogue technique",,sku:B-C45-45-45,5,Type de module,Armoire de bas de coin,1,0,,Largeur,45,1,0,,Largeur B,45,1,0,,Profondeur,24,1,0,,Hauteur,34 1/2,1,0,,Hauteur de plafond,,0,0,,Type de coin,Coin 45 degres,1,0,,Style de porte,Shaker,1,0,,Moulure,1 po,1,0,,Couleur,Bleu marin,1,0,,B-C45-45-45,Armoire de bas de coin,Armoires de cuisine > Armoires de bas > Coin 45 degres,,1,45,45,24,34 1/2,,Coin 45 degres,Bleu marin,1 po,Shaker 1 po - Bleu marin,Trousse Design p.14
variation,B-C45-45-45-BM3,Armoire de bas de coin Coin 45 degres - 45 x 45 x 24 x 34 1/2 po - Shaker 3 po - Bleu marin,0,0,visible,"Armoire de bas de coin Dilamco, dimensions 45 x 45 x 24 x 34 1/2 po. Finition Shaker disponible selon les variantes.","Module Dilamco armoire de bas de coin (B-C45-45-45), dimensions 45 x 45 x 24 x 34 1/2 po. Cabinet en contreplaqué avec fini intérieur en placage de bouleau. Porte HDF avec moulure en bouleau. Fini extérieur assorti à la porte selon la finition choisie. Prix, disponibilité, panneaux de finition, fillers et installation à confirmer avant publication.",,,taxable,1,,0,0,0,Armoires de cuisine > Armoires de bas > Coin 45 degres,"Dilamco, armoires, Shaker, catalogue technique",,sku:B-C45-45-45,6,Type de module,Armoire de bas de coin,1,0,,Largeur,45,1,0,,Largeur B,45,1,0,,Profondeur,24,1,0,,Hauteur,34 1/2,1,0,,Hauteur de plafond,,0,0,,Type de coin,Coin 45 degres,1,0,,Style de porte,Shaker,1,0,,Moulure,3 po,1,0,,Couleur,Bleu marin,1,0,,B-C45-45-45,Armoire de bas de coin,Armoires de cuisine > Armoires de bas > Coin 45 degres,,1,45,45,24,34 1/2,,Coin 45 degres,Bleu marin,3 po,Shaker 3 po - Bleu marin,Trousse Design p.14
variable,P-C90-24-24-24-84,Garde-manger de coin Coin 90 degres - 24 x 24 x 24 x 84 po,0,0,visible,"Garde-manger de coin Dilamco, dimensions 24 x 24 x 24 x 84 po. Finition Shaker disponible selon les variantes.","Module Dilamco garde-manger de coin (P-C90-24-24-24-84), dimensions 24 x 24 x 24 x 84 po. Cabinet en contreplaqué avec fini intérieur en placage de bouleau. Porte HDF avec moulure en bouleau. Fini extérieur assorti à la porte selon la finition choisie. Prix, disponibilité, panneaux de finition, fillers et installation à confirmer avant publication.",,,taxable,1,,0,0,0,Armoires de cuisine > Garde-manger > Coin 90 degres,"Dilamco, armoires, Shaker, catalogue technique",,,0,Type de module,Garde-manger de coin,1,0,,Largeur,24,1,0,,Largeur B,24,1,0,,Profondeur,24,1,0,,Hauteur,84,1,0,,Hauteur de plafond,,0,0,,Type de coin,Coin 90 degres,1,0,,Style de porte,Shaker,1,0,Shaker,Moulure,1 po | 3 po,1,0,1 po,Couleur,Blanc Pur,1,0,Blanc Pur,P-C90-24-24-24-84,Garde-manger de coin,Armoires de cuisine > Garde-manger > Coin 90 degres,,1,24,24,24,84,,Coin 90 degres,,,,Trousse Design p.15
variation,P-C90-24-24-24-84-BP1,Garde-manger de coin Coin 90 degres - 24 x 24 x 24 x 84 po - Shaker 1 po - Blanc Pur,0,0,visible,"Garde-manger de coin Dilamco, dimensions 24 x 24 x 24 x 84 po. Finition Shaker disponible selon les variantes.","Module Dilamco garde-manger de coin (P-C90-24-24-24-84), dimensions 24 x 24 x 24 x 84 po. Cabinet en contreplaqué avec fini intérieur en placage de bouleau. Porte HDF avec moulure en bouleau. Fini extérieur assorti à la porte selon la finition choisie. Prix, disponibilité, panneaux de finition, fillers et installation à confirmer avant publication.",,,taxable,1,,0,0,0,Armoires de cuisine > Garde-manger > Coin 90 degres,"Dilamco, armoires, Shaker, catalogue technique",,sku:P-C90-24-24-24-84,1,Type de module,Garde-manger de coin,1,0,,Largeur,24,1,0,,Largeur B,24,1,0,,Profondeur,24,1,0,,Hauteur,84,1,0,,Hauteur de plafond,,0,0,,Type de coin,Coin 90 degres,1,0,,Style de porte,Shaker,1,0,,Moulure,1 po,1,0,,Couleur,Blanc Pur,1,0,,P-C90-24-24-24-84,Garde-manger de coin,Armoires de cuisine > Garde-manger > Coin 90 degres,,1,24,24,24,84,,Coin 90 degres,Blanc Pur,1 po,Shaker 1 po - Blanc Pur,Trousse Design p.15
variation,P-C90-24-24-24-84-BP3,Garde-manger de coin Coin 90 degres - 24 x 24 x 24 x 84 po - Shaker 3 po - Blanc Pur,0,0,visible,"Garde-manger de coin Dilamco, dimensions 24 x 24 x 24 x 84 po. Finition Shaker disponible selon les variantes.","Module Dilamco garde-manger de coin (P-C90-24-24-24-84), dimensions 24 x 24 x 24 x 84 po. Cabinet en contreplaqué avec fini intérieur en placage de bouleau. Porte HDF avec moulure en bouleau. Fini extérieur assorti à la porte selon la finition choisie. Prix, disponibilité, panneaux de finition, fillers et installation à confirmer avant publication.",,,taxable,1,,0,0,0,Armoires de cuisine > Garde-manger > Coin 90 degres,"Dilamco, armoires, Shaker, catalogue technique",,sku:P-C90-24-24-24-84,2,Type de module,Garde-manger de coin,1,0,,Largeur,24,1,0,,Largeur B,24,1,0,,Profondeur,24,1,0,,Hauteur,84,1,0,,Hauteur de plafond,,0,0,,Type de coin,Coin 90 degres,1,0,,Style de porte,Shaker,1,0,,Moulure,3 po,1,0,,Couleur,Blanc Pur,1,0,,P-C90-24-24-24-84,Garde-manger de coin,Armoires de cuisine > Garde-manger > Coin 90 degres,,1,24,24,24,84,,Coin 90 degres,Blanc Pur,3 po,Shaker 3 po - Blanc Pur,Trousse Design p.15
variable,P-C90-27-27-24-84,Garde-manger de coin Coin 90 degres - 27 x 27 x 24 x 84 po,0,0,visible,"Garde-manger de coin Dilamco, dimensions 27 x 27 x 24 x 84 po. Finition Shaker disponible selon les variantes.","Module Dilamco garde-manger de coin (P-C90-27-27-24-84), dimensions 27 x 27 x 24 x 84 po. Cabinet en contreplaqué avec fini intérieur en placage de bouleau. Porte HDF avec moulure en bouleau. Fini extérieur assorti à la porte selon la finition choisie. Prix, disponibilité, panneaux de finition, fillers et installation à confirmer avant publication.",,,taxable,1,,0,0,0,Armoires de cuisine > Garde-manger > Coin 90 degres,"Dilamco, armoires, Shaker, catalogue technique",,,0,Type de module,Garde-manger de coin,1,0,,Largeur,27,1,0,,Largeur B,27,1,0,,Profondeur,24,1,0,,Hauteur,84,1,0,,Hauteur de plafond,,0,0,,Type de coin,Coin 90 degres,1,0,,Style de porte,Shaker,1,0,Shaker,Moulure,1 po | 3 po,1,0,1 po,Couleur,Blanc Pur,1,0,Blanc Pur,P-C90-27-27-24-84,Garde-manger de coin,Armoires de cuisine > Garde-manger > Coin 90 degres,,1,27,27,24,84,,Coin 90 degres,,,,Trousse Design p.15
variation,P-C90-27-27-24-84-BP1,Garde-manger de coin Coin 90 degres - 27 x 27 x 24 x 84 po - Shaker 1 po - Blanc Pur,0,0,visible,"Garde-manger de coin Dilamco, dimensions 27 x 27 x 24 x 84 po. Finition Shaker disponible selon les variantes.","Module Dilamco garde-manger de coin (P-C90-27-27-24-84), dimensions 27 x 27 x 24 x 84 po. Cabinet en contreplaqué avec fini intérieur en placage de bouleau. Porte HDF avec moulure en bouleau. Fini extérieur assorti à la porte selon la finition choisie. Prix, disponibilité, panneaux de finition, fillers et installation à confirmer avant publication.",,,taxable,1,,0,0,0,Armoires de cuisine > Garde-manger > Coin 90 degres,"Dilamco, armoires, Shaker, catalogue technique",,sku:P-C90-27-27-24-84,1,Type de module,Garde-manger de coin,1,0,,Largeur,27,1,0,,Largeur B,27,1,0,,Profondeur,24,1,0,,Hauteur,84,1,0,,Hauteur de plafond,,0,0,,Type de coin,Coin 90 degres,1,0,,Style de porte,Shaker,1,0,,Moulure,1 po,1,0,,Couleur,Blanc Pur,1,0,,P-C90-27-27-24-84,Garde-manger de coin,Armoires de cuisine > Garde-manger > Coin 90 degres,,1,27,27,24,84,,Coin 90 degres,Blanc Pur,1 po,Shaker 1 po - Blanc Pur,Trousse Design p.15
variation,P-C90-27-27-24-84-BP3,Garde-manger de coin Coin 90 degres - 27 x 27 x 24 x 84 po - Shaker 3 po - Blanc Pur,0,0,visible,"Garde-manger de coin Dilamco, dimensions 27 x 27 x 24 x 84 po. Finition Shaker disponible selon les variantes.","Module Dilamco garde-manger de coin (P-C90-27-27-24-84), dimensions 27 x 27 x 24 x 84 po. Cabinet en contreplaqué avec fini intérieur en placage de bouleau. Porte HDF avec moulure en bouleau. Fini extérieur assorti à la porte selon la finition choisie. Prix, disponibilité, panneaux de finition, fillers et installation à confirmer avant publication.",,,taxable,1,,0,0,0,Armoires de cuisine > Garde-manger > Coin 90 degres,"Dilamco, armoires, Shaker, catalogue technique",,sku:P-C90-27-27-24-84,2,Type de module,Garde-manger de coin,1,0,,Largeur,27,1,0,,Largeur B,27,1,0,,Profondeur,24,1,0,,Hauteur,84,1,0,,Hauteur de plafond,,0,0,,Type de coin,Coin 90 degres,1,0,,Style de porte,Shaker,1,0,,Moulure,3 po,1,0,,Couleur,Blanc Pur,1,0,,P-C90-27-27-24-84,Garde-manger de coin,Armoires de cuisine > Garde-manger > Coin 90 degres,,1,27,27,24,84,,Coin 90 degres,Blanc Pur,3 po,Shaker 3 po - Blanc Pur,Trousse Design p.15
variable,P-C90-30-30-24-84,Garde-manger de coin Coin 90 degres - 30 x 30 x 24 x 84 po,0,0,visible,"Garde-manger de coin Dilamco, dimensions 30 x 30 x 24 x 84 po. Finition Shaker disponible selon les variantes.","Module Dilamco garde-manger de coin (P-C90-30-30-24-84), dimensions 30 x 30 x 24 x 84 po. Cabinet en contreplaqué avec fini intérieur en placage de bouleau. Porte HDF avec moulure en bouleau. Fini extérieur assorti à la porte selon la finition choisie. Prix, disponibilité, panneaux de finition, fillers et installation à confirmer avant publication.",,,taxable,1,,0,0,0,Armoires de cuisine > Garde-manger > Coin 90 degres,"Dilamco, armoires, Shaker, catalogue technique",,,0,Type de module,Garde-manger de coin,1,0,,Largeur,30,1,0,,Largeur B,30,1,0,,Profondeur,24,1,0,,Hauteur,84,1,0,,Hauteur de plafond,,0,0,,Type de coin,Coin 90 degres,1,0,,Style de porte,Shaker,1,0,Shaker,Moulure,1 po | 3 po,1,0,1 po,Couleur,Blanc Pur,1,0,Blanc Pur,P-C90-30-30-24-84,Garde-manger de coin,Armoires de cuisine > Garde-manger > Coin 90 degres,,1,30,30,24,84,,Coin 90 degres,,,,Trousse Design p.15
variation,P-C90-30-30-24-84-BP1,Garde-manger de coin Coin 90 degres - 30 x 30 x 24 x 84 po - Shaker 1 po - Blanc Pur,0,0,visible,"Garde-manger de coin Dilamco, dimensions 30 x 30 x 24 x 84 po. Finition Shaker disponible selon les variantes.","Module Dilamco garde-manger de coin (P-C90-30-30-24-84), dimensions 30 x 30 x 24 x 84 po. Cabinet en contreplaqué avec fini intérieur en placage de bouleau. Porte HDF avec moulure en bouleau. Fini extérieur assorti à la porte selon la finition choisie. Prix, disponibilité, panneaux de finition, fillers et installation à confirmer avant publication.",,,taxable,1,,0,0,0,Armoires de cuisine > Garde-manger > Coin 90 degres,"Dilamco, armoires, Shaker, catalogue technique",,sku:P-C90-30-30-24-84,1,Type de module,Garde-manger de coin,1,0,,Largeur,30,1,0,,Largeur B,30,1,0,,Profondeur,24,1,0,,Hauteur,84,1,0,,Hauteur de plafond,,0,0,,Type de coin,Coin 90 degres,1,0,,Style de porte,Shaker,1,0,,Moulure,1 po,1,0,,Couleur,Blanc Pur,1,0,,P-C90-30-30-24-84,Garde-manger de coin,Armoires de cuisine > Garde-manger > Coin 90 degres,,1,30,30,24,84,,Coin 90 degres,Blanc Pur,1 po,Shaker 1 po - Blanc Pur,Trousse Design p.15
variation,P-C90-30-30-24-84-BP3,Garde-manger de coin Coin 90 degres - 30 x 30 x 24 x 84 po - Shaker 3 po - Blanc Pur,0,0,visible,"Garde-manger de coin Dilamco, dimensions 30 x 30 x 24 x 84 po. Finition Shaker disponible selon les variantes.","Module Dilamco garde-manger de coin (P-C90-30-30-24-84), dimensions 30 x 30 x 24 x 84 po. Cabinet en contreplaqué avec fini intérieur en placage de bouleau. Porte HDF avec moulure en bouleau. Fini extérieur assorti à la porte selon la finition choisie. Prix, disponibilité, panneaux de finition, fillers et installation à confirmer avant publication.",,,taxable,1,,0,0,0,Armoires de cuisine > Garde-manger > Coin 90 degres,"Dilamco, armoires, Shaker, catalogue technique",,sku:P-C90-30-30-24-84,2,Type de module,Garde-manger de coin,1,0,,Largeur,30,1,0,,Largeur B,30,1,0,,Profondeur,24,1,0,,Hauteur,84,1,0,,Hauteur de plafond,,0,0,,Type de coin,Coin 90 degres,1,0,,Style de porte,Shaker,1,0,,Moulure,3 po,1,0,,Couleur,Blanc Pur,1,0,,P-C90-30-30-24-84,Garde-manger de coin,Armoires de cuisine > Garde-manger > Coin 90 degres,,1,30,30,24,84,,Coin 90 degres,Blanc Pur,3 po,Shaker 3 po - Blanc Pur,Trousse Design p.15
variable,P-C90-24-24-24-90,Garde-manger de coin Coin 90 degres - 24 x 24 x 24 x 90 po,0,0,visible,"Garde-manger de coin Dilamco, dimensions 24 x 24 x 24 x 90 po. Finition Shaker disponible selon les variantes.","Module Dilamco garde-manger de coin (P-C90-24-24-24-90), dimensions 24 x 24 x 24 x 90 po. Cabinet en contreplaqué avec fini intérieur en placage de bouleau. Porte HDF avec moulure en bouleau. Fini extérieur assorti à la porte selon la finition choisie. Prix, disponibilité, panneaux de finition, fillers et installation à confirmer avant publication.",,,taxable,1,,0,0,0,Armoires de cuisine > Garde-manger > Coin 90 degres,"Dilamco, armoires, Shaker, catalogue technique",,,0,Type de module,Garde-manger de coin,1,0,,Largeur,24,1,0,,Largeur B,24,1,0,,Profondeur,24,1,0,,Hauteur,90,1,0,,Hauteur de plafond,,0,0,,Type de coin,Coin 90 degres,1,0,,Style de porte,Shaker,1,0,Shaker,Moulure,1 po | 3 po,1,0,1 po,Couleur,Blanc Pur,1,0,Blanc Pur,P-C90-24-24-24-90,Garde-manger de coin,Armoires de cuisine > Garde-manger > Coin 90 degres,,1,24,24,24,90,,Coin 90 degres,,,,Trousse Design p.15
variation,P-C90-24-24-24-90-BP1,Garde-manger de coin Coin 90 degres - 24 x 24 x 24 x 90 po - Shaker 1 po - Blanc Pur,0,0,visible,"Garde-manger de coin Dilamco, dimensions 24 x 24 x 24 x 90 po. Finition Shaker disponible selon les variantes.","Module Dilamco garde-manger de coin (P-C90-24-24-24-90), dimensions 24 x 24 x 24 x 90 po. Cabinet en contreplaqué avec fini intérieur en placage de bouleau. Porte HDF avec moulure en bouleau. Fini extérieur assorti à la porte selon la finition choisie. Prix, disponibilité, panneaux de finition, fillers et installation à confirmer avant publication.",,,taxable,1,,0,0,0,Armoires de cuisine > Garde-manger > Coin 90 degres,"Dilamco, armoires, Shaker, catalogue technique",,sku:P-C90-24-24-24-90,1,Type de module,Garde-manger de coin,1,0,,Largeur,24,1,0,,Largeur B,24,1,0,,Profondeur,24,1,0,,Hauteur,90,1,0,,Hauteur de plafond,,0,0,,Type de coin,Coin 90 degres,1,0,,Style de porte,Shaker,1,0,,Moulure,1 po,1,0,,Couleur,Blanc Pur,1,0,,P-C90-24-24-24-90,Garde-manger de coin,Armoires de cuisine > Garde-manger > Coin 90 degres,,1,24,24,24,90,,Coin 90 degres,Blanc Pur,1 po,Shaker 1 po - Blanc Pur,Trousse Design p.15
variation,P-C90-24-24-24-90-BP3,Garde-manger de coin Coin 90 degres - 24 x 24 x 24 x 90 po - Shaker 3 po - Blanc Pur,0,0,visible,"Garde-manger de coin Dilamco, dimensions 24 x 24 x 24 x 90 po. Finition Shaker disponible selon les variantes.","Module Dilamco garde-manger de coin (P-C90-24-24-24-90), dimensions 24 x 24 x 24 x 90 po. Cabinet en contreplaqué avec fini intérieur en placage de bouleau. Porte HDF avec moulure en bouleau. Fini extérieur assorti à la porte selon la finition choisie. Prix, disponibilité, panneaux de finition, fillers et installation à confirmer avant publication.",,,taxable,1,,0,0,0,Armoires de cuisine > Garde-manger > Coin 90 degres,"Dilamco, armoires, Shaker, catalogue technique",,sku:P-C90-24-24-24-90,2,Type de module,Garde-manger de coin,1,0,,Largeur,24,1,0,,Largeur B,24,1,0,,Profondeur,24,1,0,,Hauteur,90,1,0,,Hauteur de plafond,,0,0,,Type de coin,Coin 90 degres,1,0,,Style de porte,Shaker,1,0,,Moulure,3 po,1,0,,Couleur,Blanc Pur,1,0,,P-C90-24-24-24-90,Garde-manger de coin,Armoires de cuisine > Garde-manger > Coin 90 degres,,1,24,24,24,90,,Coin 90 degres,Blanc Pur,3 po,Shaker 3 po - Blanc Pur,Trousse Design p.15
variable,P-C90-27-27-24-90,Garde-manger de coin Coin 90 degres - 27 x 27 x 24 x 90 po,0,0,visible,"Garde-manger de coin Dilamco, dimensions 27 x 27 x 24 x 90 po. Finition Shaker disponible selon les variantes.","Module Dilamco garde-manger de coin (P-C90-27-27-24-90), dimensions 27 x 27 x 24 x 90 po. Cabinet en contreplaqué avec fini intérieur en placage de bouleau. Porte HDF avec moulure en bouleau. Fini extérieur assorti à la porte selon la finition choisie. Prix, disponibilité, panneaux de finition, fillers et installation à confirmer avant publication.",,,taxable,1,,0,0,0,Armoires de cuisine > Garde-manger > Coin 90 degres,"Dilamco, armoires, Shaker, catalogue technique",,,0,Type de module,Garde-manger de coin,1,0,,Largeur,27,1,0,,Largeur B,27,1,0,,Profondeur,24,1,0,,Hauteur,90,1,0,,Hauteur de plafond,,0,0,,Type de coin,Coin 90 degres,1,0,,Style de porte,Shaker,1,0,Shaker,Moulure,1 po | 3 po,1,0,1 po,Couleur,Blanc Pur,1,0,Blanc Pur,P-C90-27-27-24-90,Garde-manger de coin,Armoires de cuisine > Garde-manger > Coin 90 degres,,1,27,27,24,90,,Coin 90 degres,,,,Trousse Design p.15
variation,P-C90-27-27-24-90-BP1,Garde-manger de coin Coin 90 degres - 27 x 27 x 24 x 90 po - Shaker 1 po - Blanc Pur,0,0,visible,"Garde-manger de coin Dilamco, dimensions 27 x 27 x 24 x 90 po. Finition Shaker disponible selon les variantes.","Module Dilamco garde-manger de coin (P-C90-27-27-24-90), dimensions 27 x 27 x 24 x 90 po. Cabinet en contreplaqué avec fini intérieur en placage de bouleau. Porte HDF avec moulure en bouleau. Fini extérieur assorti à la porte selon la finition choisie. Prix, disponibilité, panneaux de finition, fillers et installation à confirmer avant publication.",,,taxable,1,,0,0,0,Armoires de cuisine > Garde-manger > Coin 90 degres,"Dilamco, armoires, Shaker, catalogue technique",,sku:P-C90-27-27-24-90,1,Type de module,Garde-manger de coin,1,0,,Largeur,27,1,0,,Largeur B,27,1,0,,Profondeur,24,1,0,,Hauteur,90,1,0,,Hauteur de plafond,,0,0,,Type de coin,Coin 90 degres,1,0,,Style de porte,Shaker,1,0,,Moulure,1 po,1,0,,Couleur,Blanc Pur,1,0,,P-C90-27-27-24-90,Garde-manger de coin,Armoires de cuisine > Garde-manger > Coin 90 degres,,1,27,27,24,90,,Coin 90 degres,Blanc Pur,1 po,Shaker 1 po - Blanc Pur,Trousse Design p.15
variation,P-C90-27-27-24-90-BP3,Garde-manger de coin Coin 90 degres - 27 x 27 x 24 x 90 po - Shaker 3 po - Blanc Pur,0,0,visible,"Garde-manger de coin Dilamco, dimensions 27 x 27 x 24 x 90 po. Finition Shaker disponible selon les variantes.","Module Dilamco garde-manger de coin (P-C90-27-27-24-90), dimensions 27 x 27 x 24 x 90 po. Cabinet en contreplaqué avec fini intérieur en placage de bouleau. Porte HDF avec moulure en bouleau. Fini extérieur assorti à la porte selon la finition choisie. Prix, disponibilité, panneaux de finition, fillers et installation à confirmer avant publication.",,,taxable,1,,0,0,0,Armoires de cuisine > Garde-manger > Coin 90 degres,"Dilamco, armoires, Shaker, catalogue technique",,sku:P-C90-27-27-24-90,2,Type de module,Garde-manger de coin,1,0,,Largeur,27,1,0,,Largeur B,27,1,0,,Profondeur,24,1,0,,Hauteur,90,1,0,,Hauteur de plafond,,0,0,,Type de coin,Coin 90 degres,1,0,,Style de porte,Shaker,1,0,,Moulure,3 po,1,0,,Couleur,Blanc Pur,1,0,,P-C90-27-27-24-90,Garde-manger de coin,Armoires de cuisine > Garde-manger > Coin 90 degres,,1,27,27,24,90,,Coin 90 degres,Blanc Pur,3 po,Shaker 3 po - Blanc Pur,Trousse Design p.15
variable,P-C90-30-30-24-90,Garde-manger de coin Coin 90 degres - 30 x 30 x 24 x 90 po,0,0,visible,"Garde-manger de coin Dilamco, dimensions 30 x 30 x 24 x 90 po. Finition Shaker disponible selon les variantes.","Module Dilamco garde-manger de coin (P-C90-30-30-24-90), dimensions 30 x 30 x 24 x 90 po. Cabinet en contreplaqué avec fini intérieur en placage de bouleau. Porte HDF avec moulure en bouleau. Fini extérieur assorti à la porte selon la finition choisie. Prix, disponibilité, panneaux de finition, fillers et installation à confirmer avant publication.",,,taxable,1,,0,0,0,Armoires de cuisine > Garde-manger > Coin 90 degres,"Dilamco, armoires, Shaker, catalogue technique",,,0,Type de module,Garde-manger de coin,1,0,,Largeur,30,1,0,,Largeur B,30,1,0,,Profondeur,24,1,0,,Hauteur,90,1,0,,Hauteur de plafond,,0,0,,Type de coin,Coin 90 degres,1,0,,Style de porte,Shaker,1,0,Shaker,Moulure,1 po | 3 po,1,0,1 po,Couleur,Blanc Pur,1,0,Blanc Pur,P-C90-30-30-24-90,Garde-manger de coin,Armoires de cuisine > Garde-manger > Coin 90 degres,,1,30,30,24,90,,Coin 90 degres,,,,Trousse Design p.15
variation,P-C90-30-30-24-90-BP1,Garde-manger de coin Coin 90 degres - 30 x 30 x 24 x 90 po - Shaker 1 po - Blanc Pur,0,0,visible,"Garde-manger de coin Dilamco, dimensions 30 x 30 x 24 x 90 po. Finition Shaker disponible selon les variantes.","Module Dilamco garde-manger de coin (P-C90-30-30-24-90), dimensions 30 x 30 x 24 x 90 po. Cabinet en contreplaqué avec fini intérieur en placage de bouleau. Porte HDF avec moulure en bouleau. Fini extérieur assorti à la porte selon la finition choisie. Prix, disponibilité, panneaux de finition, fillers et installation à confirmer avant publication.",,,taxable,1,,0,0,0,Armoires de cuisine > Garde-manger > Coin 90 degres,"Dilamco, armoires, Shaker, catalogue technique",,sku:P-C90-30-30-24-90,1,Type de module,Garde-manger de coin,1,0,,Largeur,30,1,0,,Largeur B,30,1,0,,Profondeur,24,1,0,,Hauteur,90,1,0,,Hauteur de plafond,,0,0,,Type de coin,Coin 90 degres,1,0,,Style de porte,Shaker,1,0,,Moulure,1 po,1,0,,Couleur,Blanc Pur,1,0,,P-C90-30-30-24-90,Garde-manger de coin,Armoires de cuisine > Garde-manger > Coin 90 degres,,1,30,30,24,90,,Coin 90 degres,Blanc Pur,1 po,Shaker 1 po - Blanc Pur,Trousse Design p.15
variation,P-C90-30-30-24-90-BP3,Garde-manger de coin Coin 90 degres - 30 x 30 x 24 x 90 po - Shaker 3 po - Blanc Pur,0,0,visible,"Garde-manger de coin Dilamco, dimensions 30 x 30 x 24 x 90 po. Finition Shaker disponible selon les variantes.","Module Dilamco garde-manger de coin (P-C90-30-30-24-90), dimensions 30 x 30 x 24 x 90 po. Cabinet en contreplaqué avec fini intérieur en placage de bouleau. Porte HDF avec moulure en bouleau. Fini extérieur assorti à la porte selon la finition choisie. Prix, disponibilité, panneaux de finition, fillers et installation à confirmer avant publication.",,,taxable,1,,0,0,0,Armoires de cuisine > Garde-manger > Coin 90 degres,"Dilamco, armoires, Shaker, catalogue technique",,sku:P-C90-30-30-24-90,2,Type de module,Garde-manger de coin,1,0,,Largeur,30,1,0,,Largeur B,30,1,0,,Profondeur,24,1,0,,Hauteur,90,1,0,,Hauteur de plafond,,0,0,,Type de coin,Coin 90 degres,1,0,,Style de porte,Shaker,1,0,,Moulure,3 po,1,0,,Couleur,Blanc Pur,1,0,,P-C90-30-30-24-90,Garde-manger de coin,Armoires de cuisine > Garde-manger > Coin 90 degres,,1,30,30,24,90,,Coin 90 degres,Blanc Pur,3 po,Shaker 3 po - Blanc Pur,Trousse Design p.15
variable,P-C90-24-24-24-96,Garde-manger de coin Coin 90 degres - 24 x 24 x 24 x 96 po,0,0,visible,"Garde-manger de coin Dilamco, dimensions 24 x 24 x 24 x 96 po. Finition Shaker disponible selon les variantes.","Module Dilamco garde-manger de coin (P-C90-24-24-24-96), dimensions 24 x 24 x 24 x 96 po. Cabinet en contreplaqué avec fini intérieur en placage de bouleau. Porte HDF avec moulure en bouleau. Fini extérieur assorti à la porte selon la finition choisie. Prix, disponibilité, panneaux de finition, fillers et installation à confirmer avant publication.",,,taxable,1,,0,0,0,Armoires de cuisine > Garde-manger > Coin 90 degres,"Dilamco, armoires, Shaker, catalogue technique",,,0,Type de module,Garde-manger de coin,1,0,,Largeur,24,1,0,,Largeur B,24,1,0,,Profondeur,24,1,0,,Hauteur,96,1,0,,Hauteur de plafond,,0,0,,Type de coin,Coin 90 degres,1,0,,Style de porte,Shaker,1,0,Shaker,Moulure,1 po | 3 po,1,0,1 po,Couleur,Blanc Pur,1,0,Blanc Pur,P-C90-24-24-24-96,Garde-manger de coin,Armoires de cuisine > Garde-manger > Coin 90 degres,,1,24,24,24,96,,Coin 90 degres,,,,Trousse Design p.15
variation,P-C90-24-24-24-96-BP1,Garde-manger de coin Coin 90 degres - 24 x 24 x 24 x 96 po - Shaker 1 po - Blanc Pur,0,0,visible,"Garde-manger de coin Dilamco, dimensions 24 x 24 x 24 x 96 po. Finition Shaker disponible selon les variantes.","Module Dilamco garde-manger de coin (P-C90-24-24-24-96), dimensions 24 x 24 x 24 x 96 po. Cabinet en contreplaqué avec fini intérieur en placage de bouleau. Porte HDF avec moulure en bouleau. Fini extérieur assorti à la porte selon la finition choisie. Prix, disponibilité, panneaux de finition, fillers et installation à confirmer avant publication.",,,taxable,1,,0,0,0,Armoires de cuisine > Garde-manger > Coin 90 degres,"Dilamco, armoires, Shaker, catalogue technique",,sku:P-C90-24-24-24-96,1,Type de module,Garde-manger de coin,1,0,,Largeur,24,1,0,,Largeur B,24,1,0,,Profondeur,24,1,0,,Hauteur,96,1,0,,Hauteur de plafond,,0,0,,Type de coin,Coin 90 degres,1,0,,Style de porte,Shaker,1,0,,Moulure,1 po,1,0,,Couleur,Blanc Pur,1,0,,P-C90-24-24-24-96,Garde-manger de coin,Armoires de cuisine > Garde-manger > Coin 90 degres,,1,24,24,24,96,,Coin 90 degres,Blanc Pur,1 po,Shaker 1 po - Blanc Pur,Trousse Design p.15
variation,P-C90-24-24-24-96-BP3,Garde-manger de coin Coin 90 degres - 24 x 24 x 24 x 96 po - Shaker 3 po - Blanc Pur,0,0,visible,"Garde-manger de coin Dilamco, dimensions 24 x 24 x 24 x 96 po. Finition Shaker disponible selon les variantes.","Module Dilamco garde-manger de coin (P-C90-24-24-24-96), dimensions 24 x 24 x 24 x 96 po. Cabinet en contreplaqué avec fini intérieur en placage de bouleau. Porte HDF avec moulure en bouleau. Fini extérieur assorti à la porte selon la finition choisie. Prix, disponibilité, panneaux de finition, fillers et installation à confirmer avant publication.",,,taxable,1,,0,0,0,Armoires de cuisine > Garde-manger > Coin 90 degres,"Dilamco, armoires, Shaker, catalogue technique",,sku:P-C90-24-24-24-96,2,Type de module,Garde-manger de coin,1,0,,Largeur,24,1,0,,Largeur B,24,1,0,,Profondeur,24,1,0,,Hauteur,96,1,0,,Hauteur de plafond,,0,0,,Type de coin,Coin 90 degres,1,0,,Style de porte,Shaker,1,0,,Moulure,3 po,1,0,,Couleur,Blanc Pur,1,0,,P-C90-24-24-24-96,Garde-manger de coin,Armoires de cuisine > Garde-manger > Coin 90 degres,,1,24,24,24,96,,Coin 90 degres,Blanc Pur,3 po,Shaker 3 po - Blanc Pur,Trousse Design p.15
variable,P-C90-27-27-24-96,Garde-manger de coin Coin 90 degres - 27 x 27 x 24 x 96 po,0,0,visible,"Garde-manger de coin Dilamco, dimensions 27 x 27 x 24 x 96 po. Finition Shaker disponible selon les variantes.","Module Dilamco garde-manger de coin (P-C90-27-27-24-96), dimensions 27 x 27 x 24 x 96 po. Cabinet en contreplaqué avec fini intérieur en placage de bouleau. Porte HDF avec moulure en bouleau. Fini extérieur assorti à la porte selon la finition choisie. Prix, disponibilité, panneaux de finition, fillers et installation à confirmer avant publication.",,,taxable,1,,0,0,0,Armoires de cuisine > Garde-manger > Coin 90 degres,"Dilamco, armoires, Shaker, catalogue technique",,,0,Type de module,Garde-manger de coin,1,0,,Largeur,27,1,0,,Largeur B,27,1,0,,Profondeur,24,1,0,,Hauteur,96,1,0,,Hauteur de plafond,,0,0,,Type de coin,Coin 90 degres,1,0,,Style de porte,Shaker,1,0,Shaker,Moulure,1 po | 3 po,1,0,1 po,Couleur,Blanc Pur,1,0,Blanc Pur,P-C90-27-27-24-96,Garde-manger de coin,Armoires de cuisine > Garde-manger > Coin 90 degres,,1,27,27,24,96,,Coin 90 degres,,,,Trousse Design p.15
variation,P-C90-27-27-24-96-BP1,Garde-manger de coin Coin 90 degres - 27 x 27 x 24 x 96 po - Shaker 1 po - Blanc Pur,0,0,visible,"Garde-manger de coin Dilamco, dimensions 27 x 27 x 24 x 96 po. Finition Shaker disponible selon les variantes.","Module Dilamco garde-manger de coin (P-C90-27-27-24-96), dimensions 27 x 27 x 24 x 96 po. Cabinet en contreplaqué avec fini intérieur en placage de bouleau. Porte HDF avec moulure en bouleau. Fini extérieur assorti à la porte selon la finition choisie. Prix, disponibilité, panneaux de finition, fillers et installation à confirmer avant publication.",,,taxable,1,,0,0,0,Armoires de cuisine > Garde-manger > Coin 90 degres,"Dilamco, armoires, Shaker, catalogue technique",,sku:P-C90-27-27-24-96,1,Type de module,Garde-manger de coin,1,0,,Largeur,27,1,0,,Largeur B,27,1,0,,Profondeur,24,1,0,,Hauteur,96,1,0,,Hauteur de plafond,,0,0,,Type de coin,Coin 90 degres,1,0,,Style de porte,Shaker,1,0,,Moulure,1 po,1,0,,Couleur,Blanc Pur,1,0,,P-C90-27-27-24-96,Garde-manger de coin,Armoires de cuisine > Garde-manger > Coin 90 degres,,1,27,27,24,96,,Coin 90 degres,Blanc Pur,1 po,Shaker 1 po - Blanc Pur,Trousse Design p.15
variation,P-C90-27-27-24-96-BP3,Garde-manger de coin Coin 90 degres - 27 x 27 x 24 x 96 po - Shaker 3 po - Blanc Pur,0,0,visible,"Garde-manger de coin Dilamco, dimensions 27 x 27 x 24 x 96 po. Finition Shaker disponible selon les variantes.","Module Dilamco garde-manger de coin (P-C90-27-27-24-96), dimensions 27 x 27 x 24 x 96 po. Cabinet en contreplaqué avec fini intérieur en placage de bouleau. Porte HDF avec moulure en bouleau. Fini extérieur assorti à la porte selon la finition choisie. Prix, disponibilité, panneaux de finition, fillers et installation à confirmer avant publication.",,,taxable,1,,0,0,0,Armoires de cuisine > Garde-manger > Coin 90 degres,"Dilamco, armoires, Shaker, catalogue technique",,sku:P-C90-27-27-24-96,2,Type de module,Garde-manger de coin,1,0,,Largeur,27,1,0,,Largeur B,27,1,0,,Profondeur,24,1,0,,Hauteur,96,1,0,,Hauteur de plafond,,0,0,,Type de coin,Coin 90 degres,1,0,,Style de porte,Shaker,1,0,,Moulure,3 po,1,0,,Couleur,Blanc Pur,1,0,,P-C90-27-27-24-96,Garde-manger de coin,Armoires de cuisine > Garde-manger > Coin 90 degres,,1,27,27,24,96,,Coin 90 degres,Blanc Pur,3 po,Shaker 3 po - Blanc Pur,Trousse Design p.15
variable,P-C90-30-30-24-96,Garde-manger de coin Coin 90 degres - 30 x 30 x 24 x 96 po,0,0,visible,"Garde-manger de coin Dilamco, dimensions 30 x 30 x 24 x 96 po. Finition Shaker disponible selon les variantes.","Module Dilamco garde-manger de coin (P-C90-30-30-24-96), dimensions 30 x 30 x 24 x 96 po. Cabinet en contreplaqué avec fini intérieur en placage de bouleau. Porte HDF avec moulure en bouleau. Fini extérieur assorti à la porte selon la finition choisie. Prix, disponibilité, panneaux de finition, fillers et installation à confirmer avant publication.",,,taxable,1,,0,0,0,Armoires de cuisine > Garde-manger > Coin 90 degres,"Dilamco, armoires, Shaker, catalogue technique",,,0,Type de module,Garde-manger de coin,1,0,,Largeur,30,1,0,,Largeur B,30,1,0,,Profondeur,24,1,0,,Hauteur,96,1,0,,Hauteur de plafond,,0,0,,Type de coin,Coin 90 degres,1,0,,Style de porte,Shaker,1,0,Shaker,Moulure,1 po | 3 po,1,0,1 po,Couleur,Blanc Pur,1,0,Blanc Pur,P-C90-30-30-24-96,Garde-manger de coin,Armoires de cuisine > Garde-manger > Coin 90 degres,,1,30,30,24,96,,Coin 90 degres,,,,Trousse Design p.15
variation,P-C90-30-30-24-96-BP1,Garde-manger de coin Coin 90 degres - 30 x 30 x 24 x 96 po - Shaker 1 po - Blanc Pur,0,0,visible,"Garde-manger de coin Dilamco, dimensions 30 x 30 x 24 x 96 po. Finition Shaker disponible selon les variantes.","Module Dilamco garde-manger de coin (P-C90-30-30-24-96), dimensions 30 x 30 x 24 x 96 po. Cabinet en contreplaqué avec fini intérieur en placage de bouleau. Porte HDF avec moulure en bouleau. Fini extérieur assorti à la porte selon la finition choisie. Prix, disponibilité, panneaux de finition, fillers et installation à confirmer avant publication.",,,taxable,1,,0,0,0,Armoires de cuisine > Garde-manger > Coin 90 degres,"Dilamco, armoires, Shaker, catalogue technique",,sku:P-C90-30-30-24-96,1,Type de module,Garde-manger de coin,1,0,,Largeur,30,1,0,,Largeur B,30,1,0,,Profondeur,24,1,0,,Hauteur,96,1,0,,Hauteur de plafond,,0,0,,Type de coin,Coin 90 degres,1,0,,Style de porte,Shaker,1,0,,Moulure,1 po,1,0,,Couleur,Blanc Pur,1,0,,P-C90-30-30-24-96,Garde-manger de coin,Armoires de cuisine > Garde-manger > Coin 90 degres,,1,30,30,24,96,,Coin 90 degres,Blanc Pur,1 po,Shaker 1 po - Blanc Pur,Trousse Design p.15
variation,P-C90-30-30-24-96-BP3,Garde-manger de coin Coin 90 degres - 30 x 30 x 24 x 96 po - Shaker 3 po - Blanc Pur,0,0,visible,"Garde-manger de coin Dilamco, dimensions 30 x 30 x 24 x 96 po. Finition Shaker disponible selon les variantes.","Module Dilamco garde-manger de coin (P-C90-30-30-24-96), dimensions 30 x 30 x 24 x 96 po. Cabinet en contreplaqué avec fini intérieur en placage de bouleau. Porte HDF avec moulure en bouleau. Fini extérieur assorti à la porte selon la finition choisie. Prix, disponibilité, panneaux de finition, fillers et installation à confirmer avant publication.",,,taxable,1,,0,0,0,Armoires de cuisine > Garde-manger > Coin 90 degres,"Dilamco, armoires, Shaker, catalogue technique",,sku:P-C90-30-30-24-96,2,Type de module,Garde-manger de coin,1,0,,Largeur,30,1,0,,Largeur B,30,1,0,,Profondeur,24,1,0,,Hauteur,96,1,0,,Hauteur de plafond,,0,0,,Type de coin,Coin 90 degres,1,0,,Style de porte,Shaker,1,0,,Moulure,3 po,1,0,,Couleur,Blanc Pur,1,0,,P-C90-30-30-24-96,Garde-manger de coin,Armoires de cuisine > Garde-manger > Coin 90 degres,,1,30,30,24,96,,Coin 90 degres,Blanc Pur,3 po,Shaker 3 po - Blanc Pur,Trousse Design p.15
variable,P-C90-24-24-24-108,Garde-manger de coin Coin 90 degres - 24 x 24 x 24 x 108 po,0,0,visible,"Garde-manger de coin Dilamco, dimensions 24 x 24 x 24 x 108 po. Finition Shaker disponible selon les variantes.","Module Dilamco garde-manger de coin (P-C90-24-24-24-108), dimensions 24 x 24 x 24 x 108 po. Cabinet en contreplaqué avec fini intérieur en placage de bouleau. Porte HDF avec moulure en bouleau. Fini extérieur assorti à la porte selon la finition choisie. Prix, disponibilité, panneaux de finition, fillers et installation à confirmer avant publication.",,,taxable,1,,0,0,0,Armoires de cuisine > Garde-manger > Coin 90 degres,"Dilamco, armoires, Shaker, catalogue technique",,,0,Type de module,Garde-manger de coin,1,0,,Largeur,24,1,0,,Largeur B,24,1,0,,Profondeur,24,1,0,,Hauteur,108,1,0,,Hauteur de plafond,,0,0,,Type de coin,Coin 90 degres,1,0,,Style de porte,Shaker,1,0,Shaker,Moulure,1 po | 3 po,1,0,1 po,Couleur,Blanc Pur,1,0,Blanc Pur,P-C90-24-24-24-108,Garde-manger de coin,Armoires de cuisine > Garde-manger > Coin 90 degres,,1,24,24,24,108,,Coin 90 degres,,,,Trousse Design p.15
variation,P-C90-24-24-24-108-BP1,Garde-manger de coin Coin 90 degres - 24 x 24 x 24 x 108 po - Shaker 1 po - Blanc Pur,0,0,visible,"Garde-manger de coin Dilamco, dimensions 24 x 24 x 24 x 108 po. Finition Shaker disponible selon les variantes.","Module Dilamco garde-manger de coin (P-C90-24-24-24-108), dimensions 24 x 24 x 24 x 108 po. Cabinet en contreplaqué avec fini intérieur en placage de bouleau. Porte HDF avec moulure en bouleau. Fini extérieur assorti à la porte selon la finition choisie. Prix, disponibilité, panneaux de finition, fillers et installation à confirmer avant publication.",,,taxable,1,,0,0,0,Armoires de cuisine > Garde-manger > Coin 90 degres,"Dilamco, armoires, Shaker, catalogue technique",,sku:P-C90-24-24-24-108,1,Type de module,Garde-manger de coin,1,0,,Largeur,24,1,0,,Largeur B,24,1,0,,Profondeur,24,1,0,,Hauteur,108,1,0,,Hauteur de plafond,,0,0,,Type de coin,Coin 90 degres,1,0,,Style de porte,Shaker,1,0,,Moulure,1 po,1,0,,Couleur,Blanc Pur,1,0,,P-C90-24-24-24-108,Garde-manger de coin,Armoires de cuisine > Garde-manger > Coin 90 degres,,1,24,24,24,108,,Coin 90 degres,Blanc Pur,1 po,Shaker 1 po - Blanc Pur,Trousse Design p.15
variation,P-C90-24-24-24-108-BP3,Garde-manger de coin Coin 90 degres - 24 x 24 x 24 x 108 po - Shaker 3 po - Blanc Pur,0,0,visible,"Garde-manger de coin Dilamco, dimensions 24 x 24 x 24 x 108 po. Finition Shaker disponible selon les variantes.","Module Dilamco garde-manger de coin (P-C90-24-24-24-108), dimensions 24 x 24 x 24 x 108 po. Cabinet en contreplaqué avec fini intérieur en placage de bouleau. Porte HDF avec moulure en bouleau. Fini extérieur assorti à la porte selon la finition choisie. Prix, disponibilité, panneaux de finition, fillers et installation à confirmer avant publication.",,,taxable,1,,0,0,0,Armoires de cuisine > Garde-manger > Coin 90 degres,"Dilamco, armoires, Shaker, catalogue technique",,sku:P-C90-24-24-24-108,2,Type de module,Garde-manger de coin,1,0,,Largeur,24,1,0,,Largeur B,24,1,0,,Profondeur,24,1,0,,Hauteur,108,1,0,,Hauteur de plafond,,0,0,,Type de coin,Coin 90 degres,1,0,,Style de porte,Shaker,1,0,,Moulure,3 po,1,0,,Couleur,Blanc Pur,1,0,,P-C90-24-24-24-108,Garde-manger de coin,Armoires de cuisine > Garde-manger > Coin 90 degres,,1,24,24,24,108,,Coin 90 degres,Blanc Pur,3 po,Shaker 3 po - Blanc Pur,Trousse Design p.15
variable,P-C90-27-27-24-108,Garde-manger de coin Coin 90 degres - 27 x 27 x 24 x 108 po,0,0,visible,"Garde-manger de coin Dilamco, dimensions 27 x 27 x 24 x 108 po. Finition Shaker disponible selon les variantes.","Module Dilamco garde-manger de coin (P-C90-27-27-24-108), dimensions 27 x 27 x 24 x 108 po. Cabinet en contreplaqué avec fini intérieur en placage de bouleau. Porte HDF avec moulure en bouleau. Fini extérieur assorti à la porte selon la finition choisie. Prix, disponibilité, panneaux de finition, fillers et installation à confirmer avant publication.",,,taxable,1,,0,0,0,Armoires de cuisine > Garde-manger > Coin 90 degres,"Dilamco, armoires, Shaker, catalogue technique",,,0,Type de module,Garde-manger de coin,1,0,,Largeur,27,1,0,,Largeur B,27,1,0,,Profondeur,24,1,0,,Hauteur,108,1,0,,Hauteur de plafond,,0,0,,Type de coin,Coin 90 degres,1,0,,Style de porte,Shaker,1,0,Shaker,Moulure,1 po | 3 po,1,0,1 po,Couleur,Blanc Pur,1,0,Blanc Pur,P-C90-27-27-24-108,Garde-manger de coin,Armoires de cuisine > Garde-manger > Coin 90 degres,,1,27,27,24,108,,Coin 90 degres,,,,Trousse Design p.15
variation,P-C90-27-27-24-108-BP1,Garde-manger de coin Coin 90 degres - 27 x 27 x 24 x 108 po - Shaker 1 po - Blanc Pur,0,0,visible,"Garde-manger de coin Dilamco, dimensions 27 x 27 x 24 x 108 po. Finition Shaker disponible selon les variantes.","Module Dilamco garde-manger de coin (P-C90-27-27-24-108), dimensions 27 x 27 x 24 x 108 po. Cabinet en contreplaqué avec fini intérieur en placage de bouleau. Porte HDF avec moulure en bouleau. Fini extérieur assorti à la porte selon la finition choisie. Prix, disponibilité, panneaux de finition, fillers et installation à confirmer avant publication.",,,taxable,1,,0,0,0,Armoires de cuisine > Garde-manger > Coin 90 degres,"Dilamco, armoires, Shaker, catalogue technique",,sku:P-C90-27-27-24-108,1,Type de module,Garde-manger de coin,1,0,,Largeur,27,1,0,,Largeur B,27,1,0,,Profondeur,24,1,0,,Hauteur,108,1,0,,Hauteur de plafond,,0,0,,Type de coin,Coin 90 degres,1,0,,Style de porte,Shaker,1,0,,Moulure,1 po,1,0,,Couleur,Blanc Pur,1,0,,P-C90-27-27-24-108,Garde-manger de coin,Armoires de cuisine > Garde-manger > Coin 90 degres,,1,27,27,24,108,,Coin 90 degres,Blanc Pur,1 po,Shaker 1 po - Blanc Pur,Trousse Design p.15
variation,P-C90-27-27-24-108-BP3,Garde-manger de coin Coin 90 degres - 27 x 27 x 24 x 108 po - Shaker 3 po - Blanc Pur,0,0,visible,"Garde-manger de coin Dilamco, dimensions 27 x 27 x 24 x 108 po. Finition Shaker disponible selon les variantes.","Module Dilamco garde-manger de coin (P-C90-27-27-24-108), dimensions 27 x 27 x 24 x 108 po. Cabinet en contreplaqué avec fini intérieur en placage de bouleau. Porte HDF avec moulure en bouleau. Fini extérieur assorti à la porte selon la finition choisie. Prix, disponibilité, panneaux de finition, fillers et installation à confirmer avant publication.",,,taxable,1,,0,0,0,Armoires de cuisine > Garde-manger > Coin 90 degres,"Dilamco, armoires, Shaker, catalogue technique",,sku:P-C90-27-27-24-108,2,Type de module,Garde-manger de coin,1,0,,Largeur,27,1,0,,Largeur B,27,1,0,,Profondeur,24,1,0,,Hauteur,108,1,0,,Hauteur de plafond,,0,0,,Type de coin,Coin 90 degres,1,0,,Style de porte,Shaker,1,0,,Moulure,3 po,1,0,,Couleur,Blanc Pur,1,0,,P-C90-27-27-24-108,Garde-manger de coin,Armoires de cuisine > Garde-manger > Coin 90 degres,,1,27,27,24,108,,Coin 90 degres,Blanc Pur,3 po,Shaker 3 po - Blanc Pur,Trousse Design p.15
variable,P-C90-30-30-24-108,Garde-manger de coin Coin 90 degres - 30 x 30 x 24 x 108 po,0,0,visible,"Garde-manger de coin Dilamco, dimensions 30 x 30 x 24 x 108 po. Finition Shaker disponible selon les variantes.","Module Dilamco garde-manger de coin (P-C90-30-30-24-108), dimensions 30 x 30 x 24 x 108 po. Cabinet en contreplaqué avec fini intérieur en placage de bouleau. Porte HDF avec moulure en bouleau. Fini extérieur assorti à la porte selon la finition choisie. Prix, disponibilité, panneaux de finition, fillers et installation à confirmer avant publication.",,,taxable,1,,0,0,0,Armoires de cuisine > Garde-manger > Coin 90 degres,"Dilamco, armoires, Shaker, catalogue technique",,,0,Type de module,Garde-manger de coin,1,0,,Largeur,30,1,0,,Largeur B,30,1,0,,Profondeur,24,1,0,,Hauteur,108,1,0,,Hauteur de plafond,,0,0,,Type de coin,Coin 90 degres,1,0,,Style de porte,Shaker,1,0,Shaker,Moulure,1 po | 3 po,1,0,1 po,Couleur,Blanc Pur,1,0,Blanc Pur,P-C90-30-30-24-108,Garde-manger de coin,Armoires de cuisine > Garde-manger > Coin 90 degres,,1,30,30,24,108,,Coin 90 degres,,,,Trousse Design p.15
variation,P-C90-30-30-24-108-BP1,Garde-manger de coin Coin 90 degres - 30 x 30 x 24 x 108 po - Shaker 1 po - Blanc Pur,0,0,visible,"Garde-manger de coin Dilamco, dimensions 30 x 30 x 24 x 108 po. Finition Shaker disponible selon les variantes.","Module Dilamco garde-manger de coin (P-C90-30-30-24-108), dimensions 30 x 30 x 24 x 108 po. Cabinet en contreplaqué avec fini intérieur en placage de bouleau. Porte HDF avec moulure en bouleau. Fini extérieur assorti à la porte selon la finition choisie. Prix, disponibilité, panneaux de finition, fillers et installation à confirmer avant publication.",,,taxable,1,,0,0,0,Armoires de cuisine > Garde-manger > Coin 90 degres,"Dilamco, armoires, Shaker, catalogue technique",,sku:P-C90-30-30-24-108,1,Type de module,Garde-manger de coin,1,0,,Largeur,30,1,0,,Largeur B,30,1,0,,Profondeur,24,1,0,,Hauteur,108,1,0,,Hauteur de plafond,,0,0,,Type de coin,Coin 90 degres,1,0,,Style de porte,Shaker,1,0,,Moulure,1 po,1,0,,Couleur,Blanc Pur,1,0,,P-C90-30-30-24-108,Garde-manger de coin,Armoires de cuisine > Garde-manger > Coin 90 degres,,1,30,30,24,108,,Coin 90 degres,Blanc Pur,1 po,Shaker 1 po - Blanc Pur,Trousse Design p.15
variation,P-C90-30-30-24-108-BP3,Garde-manger de coin Coin 90 degres - 30 x 30 x 24 x 108 po - Shaker 3 po - Blanc Pur,0,0,visible,"Garde-manger de coin Dilamco, dimensions 30 x 30 x 24 x 108 po. Finition Shaker disponible selon les variantes.","Module Dilamco garde-manger de coin (P-C90-30-30-24-108), dimensions 30 x 30 x 24 x 108 po. Cabinet en contreplaqué avec fini intérieur en placage de bouleau. Porte HDF avec moulure en bouleau. Fini extérieur assorti à la porte selon la finition choisie. Prix, disponibilité, panneaux de finition, fillers et installation à confirmer avant publication.",,,taxable,1,,0,0,0,Armoires de cuisine > Garde-manger > Coin 90 degres,"Dilamco, armoires, Shaker, catalogue technique",,sku:P-C90-30-30-24-108,2,Type de module,Garde-manger de coin,1,0,,Largeur,30,1,0,,Largeur B,30,1,0,,Profondeur,24,1,0,,Hauteur,108,1,0,,Hauteur de plafond,,0,0,,Type de coin,Coin 90 degres,1,0,,Style de porte,Shaker,1,0,,Moulure,3 po,1,0,,Couleur,Blanc Pur,1,0,,P-C90-30-30-24-108,Garde-manger de coin,Armoires de cuisine > Garde-manger > Coin 90 degres,,1,30,30,24,108,,Coin 90 degres,Blanc Pur,3 po,Shaker 3 po - Blanc Pur,Trousse Design p.15
variable,P-C45-24-24-24-84,Garde-manger de coin Coin 45 degres - 24 x 24 x 24 x 84 po,0,0,visible,"Garde-manger de coin Dilamco, dimensions 24 x 24 x 24 x 84 po. Finition Shaker disponible selon les variantes.","Module Dilamco garde-manger de coin (P-C45-24-24-24-84), dimensions 24 x 24 x 24 x 84 po. Cabinet en contreplaqué avec fini intérieur en placage de bouleau. Porte HDF avec moulure en bouleau. Fini extérieur assorti à la porte selon la finition choisie. Prix, disponibilité, panneaux de finition, fillers et installation à confirmer avant publication.",,,taxable,1,,0,0,0,Armoires de cuisine > Garde-manger > Coin 45 degres,"Dilamco, armoires, Shaker, catalogue technique",,,0,Type de module,Garde-manger de coin,1,0,,Largeur,24,1,0,,Largeur B,24,1,0,,Profondeur,24,1,0,,Hauteur,84,1,0,,Hauteur de plafond,,0,0,,Type de coin,Coin 45 degres,1,0,,Style de porte,Shaker,1,0,Shaker,Moulure,1 po | 3 po,1,0,1 po,Couleur,Blanc Pur,1,0,Blanc Pur,P-C45-24-24-24-84,Garde-manger de coin,Armoires de cuisine > Garde-manger > Coin 45 degres,,1,24,24,24,84,,Coin 45 degres,,,,Trousse Design p.16
variation,P-C45-24-24-24-84-BP1,Garde-manger de coin Coin 45 degres - 24 x 24 x 24 x 84 po - Shaker 1 po - Blanc Pur,0,0,visible,"Garde-manger de coin Dilamco, dimensions 24 x 24 x 24 x 84 po. Finition Shaker disponible selon les variantes.","Module Dilamco garde-manger de coin (P-C45-24-24-24-84), dimensions 24 x 24 x 24 x 84 po. Cabinet en contreplaqué avec fini intérieur en placage de bouleau. Porte HDF avec moulure en bouleau. Fini extérieur assorti à la porte selon la finition choisie. Prix, disponibilité, panneaux de finition, fillers et installation à confirmer avant publication.",,,taxable,1,,0,0,0,Armoires de cuisine > Garde-manger > Coin 45 degres,"Dilamco, armoires, Shaker, catalogue technique",,sku:P-C45-24-24-24-84,1,Type de module,Garde-manger de coin,1,0,,Largeur,24,1,0,,Largeur B,24,1,0,,Profondeur,24,1,0,,Hauteur,84,1,0,,Hauteur de plafond,,0,0,,Type de coin,Coin 45 degres,1,0,,Style de porte,Shaker,1,0,,Moulure,1 po,1,0,,Couleur,Blanc Pur,1,0,,P-C45-24-24-24-84,Garde-manger de coin,Armoires de cuisine > Garde-manger > Coin 45 degres,,1,24,24,24,84,,Coin 45 degres,Blanc Pur,1 po,Shaker 1 po - Blanc Pur,Trousse Design p.16
variation,P-C45-24-24-24-84-BP3,Garde-manger de coin Coin 45 degres - 24 x 24 x 24 x 84 po - Shaker 3 po - Blanc Pur,0,0,visible,"Garde-manger de coin Dilamco, dimensions 24 x 24 x 24 x 84 po. Finition Shaker disponible selon les variantes.","Module Dilamco garde-manger de coin (P-C45-24-24-24-84), dimensions 24 x 24 x 24 x 84 po. Cabinet en contreplaqué avec fini intérieur en placage de bouleau. Porte HDF avec moulure en bouleau. Fini extérieur assorti à la porte selon la finition choisie. Prix, disponibilité, panneaux de finition, fillers et installation à confirmer avant publication.",,,taxable,1,,0,0,0,Armoires de cuisine > Garde-manger > Coin 45 degres,"Dilamco, armoires, Shaker, catalogue technique",,sku:P-C45-24-24-24-84,2,Type de module,Garde-manger de coin,1,0,,Largeur,24,1,0,,Largeur B,24,1,0,,Profondeur,24,1,0,,Hauteur,84,1,0,,Hauteur de plafond,,0,0,,Type de coin,Coin 45 degres,1,0,,Style de porte,Shaker,1,0,,Moulure,3 po,1,0,,Couleur,Blanc Pur,1,0,,P-C45-24-24-24-84,Garde-manger de coin,Armoires de cuisine > Garde-manger > Coin 45 degres,,1,24,24,24,84,,Coin 45 degres,Blanc Pur,3 po,Shaker 3 po - Blanc Pur,Trousse Design p.16
variable,P-C45-27-27-24-84,Garde-manger de coin Coin 45 degres - 27 x 27 x 24 x 84 po,0,0,visible,"Garde-manger de coin Dilamco, dimensions 27 x 27 x 24 x 84 po. Finition Shaker disponible selon les variantes.","Module Dilamco garde-manger de coin (P-C45-27-27-24-84), dimensions 27 x 27 x 24 x 84 po. Cabinet en contreplaqué avec fini intérieur en placage de bouleau. Porte HDF avec moulure en bouleau. Fini extérieur assorti à la porte selon la finition choisie. Prix, disponibilité, panneaux de finition, fillers et installation à confirmer avant publication.",,,taxable,1,,0,0,0,Armoires de cuisine > Garde-manger > Coin 45 degres,"Dilamco, armoires, Shaker, catalogue technique",,,0,Type de module,Garde-manger de coin,1,0,,Largeur,27,1,0,,Largeur B,27,1,0,,Profondeur,24,1,0,,Hauteur,84,1,0,,Hauteur de plafond,,0,0,,Type de coin,Coin 45 degres,1,0,,Style de porte,Shaker,1,0,Shaker,Moulure,1 po | 3 po,1,0,1 po,Couleur,Blanc Pur,1,0,Blanc Pur,P-C45-27-27-24-84,Garde-manger de coin,Armoires de cuisine > Garde-manger > Coin 45 degres,,1,27,27,24,84,,Coin 45 degres,,,,Trousse Design p.16
variation,P-C45-27-27-24-84-BP1,Garde-manger de coin Coin 45 degres - 27 x 27 x 24 x 84 po - Shaker 1 po - Blanc Pur,0,0,visible,"Garde-manger de coin Dilamco, dimensions 27 x 27 x 24 x 84 po. Finition Shaker disponible selon les variantes.","Module Dilamco garde-manger de coin (P-C45-27-27-24-84), dimensions 27 x 27 x 24 x 84 po. Cabinet en contreplaqué avec fini intérieur en placage de bouleau. Porte HDF avec moulure en bouleau. Fini extérieur assorti à la porte selon la finition choisie. Prix, disponibilité, panneaux de finition, fillers et installation à confirmer avant publication.",,,taxable,1,,0,0,0,Armoires de cuisine > Garde-manger > Coin 45 degres,"Dilamco, armoires, Shaker, catalogue technique",,sku:P-C45-27-27-24-84,1,Type de module,Garde-manger de coin,1,0,,Largeur,27,1,0,,Largeur B,27,1,0,,Profondeur,24,1,0,,Hauteur,84,1,0,,Hauteur de plafond,,0,0,,Type de coin,Coin 45 degres,1,0,,Style de porte,Shaker,1,0,,Moulure,1 po,1,0,,Couleur,Blanc Pur,1,0,,P-C45-27-27-24-84,Garde-manger de coin,Armoires de cuisine > Garde-manger > Coin 45 degres,,1,27,27,24,84,,Coin 45 degres,Blanc Pur,1 po,Shaker 1 po - Blanc Pur,Trousse Design p.16
variation,P-C45-27-27-24-84-BP3,Garde-manger de coin Coin 45 degres - 27 x 27 x 24 x 84 po - Shaker 3 po - Blanc Pur,0,0,visible,"Garde-manger de coin Dilamco, dimensions 27 x 27 x 24 x 84 po. Finition Shaker disponible selon les variantes.","Module Dilamco garde-manger de coin (P-C45-27-27-24-84), dimensions 27 x 27 x 24 x 84 po. Cabinet en contreplaqué avec fini intérieur en placage de bouleau. Porte HDF avec moulure en bouleau. Fini extérieur assorti à la porte selon la finition choisie. Prix, disponibilité, panneaux de finition, fillers et installation à confirmer avant publication.",,,taxable,1,,0,0,0,Armoires de cuisine > Garde-manger > Coin 45 degres,"Dilamco, armoires, Shaker, catalogue technique",,sku:P-C45-27-27-24-84,2,Type de module,Garde-manger de coin,1,0,,Largeur,27,1,0,,Largeur B,27,1,0,,Profondeur,24,1,0,,Hauteur,84,1,0,,Hauteur de plafond,,0,0,,Type de coin,Coin 45 degres,1,0,,Style de porte,Shaker,1,0,,Moulure,3 po,1,0,,Couleur,Blanc Pur,1,0,,P-C45-27-27-24-84,Garde-manger de coin,Armoires de cuisine > Garde-manger > Coin 45 degres,,1,27,27,24,84,,Coin 45 degres,Blanc Pur,3 po,Shaker 3 po - Blanc Pur,Trousse Design p.16
variable,P-C45-30-30-24-84,Garde-manger de coin Coin 45 degres - 30 x 30 x 24 x 84 po,0,0,visible,"Garde-manger de coin Dilamco, dimensions 30 x 30 x 24 x 84 po. Finition Shaker disponible selon les variantes.","Module Dilamco garde-manger de coin (P-C45-30-30-24-84), dimensions 30 x 30 x 24 x 84 po. Cabinet en contreplaqué avec fini intérieur en placage de bouleau. Porte HDF avec moulure en bouleau. Fini extérieur assorti à la porte selon la finition choisie. Prix, disponibilité, panneaux de finition, fillers et installation à confirmer avant publication.",,,taxable,1,,0,0,0,Armoires de cuisine > Garde-manger > Coin 45 degres,"Dilamco, armoires, Shaker, catalogue technique",,,0,Type de module,Garde-manger de coin,1,0,,Largeur,30,1,0,,Largeur B,30,1,0,,Profondeur,24,1,0,,Hauteur,84,1,0,,Hauteur de plafond,,0,0,,Type de coin,Coin 45 degres,1,0,,Style de porte,Shaker,1,0,Shaker,Moulure,1 po | 3 po,1,0,1 po,Couleur,Blanc Pur,1,0,Blanc Pur,P-C45-30-30-24-84,Garde-manger de coin,Armoires de cuisine > Garde-manger > Coin 45 degres,,1,30,30,24,84,,Coin 45 degres,,,,Trousse Design p.16
variation,P-C45-30-30-24-84-BP1,Garde-manger de coin Coin 45 degres - 30 x 30 x 24 x 84 po - Shaker 1 po - Blanc Pur,0,0,visible,"Garde-manger de coin Dilamco, dimensions 30 x 30 x 24 x 84 po. Finition Shaker disponible selon les variantes.","Module Dilamco garde-manger de coin (P-C45-30-30-24-84), dimensions 30 x 30 x 24 x 84 po. Cabinet en contreplaqué avec fini intérieur en placage de bouleau. Porte HDF avec moulure en bouleau. Fini extérieur assorti à la porte selon la finition choisie. Prix, disponibilité, panneaux de finition, fillers et installation à confirmer avant publication.",,,taxable,1,,0,0,0,Armoires de cuisine > Garde-manger > Coin 45 degres,"Dilamco, armoires, Shaker, catalogue technique",,sku:P-C45-30-30-24-84,1,Type de module,Garde-manger de coin,1,0,,Largeur,30,1,0,,Largeur B,30,1,0,,Profondeur,24,1,0,,Hauteur,84,1,0,,Hauteur de plafond,,0,0,,Type de coin,Coin 45 degres,1,0,,Style de porte,Shaker,1,0,,Moulure,1 po,1,0,,Couleur,Blanc Pur,1,0,,P-C45-30-30-24-84,Garde-manger de coin,Armoires de cuisine > Garde-manger > Coin 45 degres,,1,30,30,24,84,,Coin 45 degres,Blanc Pur,1 po,Shaker 1 po - Blanc Pur,Trousse Design p.16
variation,P-C45-30-30-24-84-BP3,Garde-manger de coin Coin 45 degres - 30 x 30 x 24 x 84 po - Shaker 3 po - Blanc Pur,0,0,visible,"Garde-manger de coin Dilamco, dimensions 30 x 30 x 24 x 84 po. Finition Shaker disponible selon les variantes.","Module Dilamco garde-manger de coin (P-C45-30-30-24-84), dimensions 30 x 30 x 24 x 84 po. Cabinet en contreplaqué avec fini intérieur en placage de bouleau. Porte HDF avec moulure en bouleau. Fini extérieur assorti à la porte selon la finition choisie. Prix, disponibilité, panneaux de finition, fillers et installation à confirmer avant publication.",,,taxable,1,,0,0,0,Armoires de cuisine > Garde-manger > Coin 45 degres,"Dilamco, armoires, Shaker, catalogue technique",,sku:P-C45-30-30-24-84,2,Type de module,Garde-manger de coin,1,0,,Largeur,30,1,0,,Largeur B,30,1,0,,Profondeur,24,1,0,,Hauteur,84,1,0,,Hauteur de plafond,,0,0,,Type de coin,Coin 45 degres,1,0,,Style de porte,Shaker,1,0,,Moulure,3 po,1,0,,Couleur,Blanc Pur,1,0,,P-C45-30-30-24-84,Garde-manger de coin,Armoires de cuisine > Garde-manger > Coin 45 degres,,1,30,30,24,84,,Coin 45 degres,Blanc Pur,3 po,Shaker 3 po - Blanc Pur,Trousse Design p.16
variable,P-C45-24-24-24-90,Garde-manger de coin Coin 45 degres - 24 x 24 x 24 x 90 po,0,0,visible,"Garde-manger de coin Dilamco, dimensions 24 x 24 x 24 x 90 po. Finition Shaker disponible selon les variantes.","Module Dilamco garde-manger de coin (P-C45-24-24-24-90), dimensions 24 x 24 x 24 x 90 po. Cabinet en contreplaqué avec fini intérieur en placage de bouleau. Porte HDF avec moulure en bouleau. Fini extérieur assorti à la porte selon la finition choisie. Prix, disponibilité, panneaux de finition, fillers et installation à confirmer avant publication.",,,taxable,1,,0,0,0,Armoires de cuisine > Garde-manger > Coin 45 degres,"Dilamco, armoires, Shaker, catalogue technique",,,0,Type de module,Garde-manger de coin,1,0,,Largeur,24,1,0,,Largeur B,24,1,0,,Profondeur,24,1,0,,Hauteur,90,1,0,,Hauteur de plafond,,0,0,,Type de coin,Coin 45 degres,1,0,,Style de porte,Shaker,1,0,Shaker,Moulure,1 po | 3 po,1,0,1 po,Couleur,Blanc Pur,1,0,Blanc Pur,P-C45-24-24-24-90,Garde-manger de coin,Armoires de cuisine > Garde-manger > Coin 45 degres,,1,24,24,24,90,,Coin 45 degres,,,,Trousse Design p.16
variation,P-C45-24-24-24-90-BP1,Garde-manger de coin Coin 45 degres - 24 x 24 x 24 x 90 po - Shaker 1 po - Blanc Pur,0,0,visible,"Garde-manger de coin Dilamco, dimensions 24 x 24 x 24 x 90 po. Finition Shaker disponible selon les variantes.","Module Dilamco garde-manger de coin (P-C45-24-24-24-90), dimensions 24 x 24 x 24 x 90 po. Cabinet en contreplaqué avec fini intérieur en placage de bouleau. Porte HDF avec moulure en bouleau. Fini extérieur assorti à la porte selon la finition choisie. Prix, disponibilité, panneaux de finition, fillers et installation à confirmer avant publication.",,,taxable,1,,0,0,0,Armoires de cuisine > Garde-manger > Coin 45 degres,"Dilamco, armoires, Shaker, catalogue technique",,sku:P-C45-24-24-24-90,1,Type de module,Garde-manger de coin,1,0,,Largeur,24,1,0,,Largeur B,24,1,0,,Profondeur,24,1,0,,Hauteur,90,1,0,,Hauteur de plafond,,0,0,,Type de coin,Coin 45 degres,1,0,,Style de porte,Shaker,1,0,,Moulure,1 po,1,0,,Couleur,Blanc Pur,1,0,,P-C45-24-24-24-90,Garde-manger de coin,Armoires de cuisine > Garde-manger > Coin 45 degres,,1,24,24,24,90,,Coin 45 degres,Blanc Pur,1 po,Shaker 1 po - Blanc Pur,Trousse Design p.16
variation,P-C45-24-24-24-90-BP3,Garde-manger de coin Coin 45 degres - 24 x 24 x 24 x 90 po - Shaker 3 po - Blanc Pur,0,0,visible,"Garde-manger de coin Dilamco, dimensions 24 x 24 x 24 x 90 po. Finition Shaker disponible selon les variantes.","Module Dilamco garde-manger de coin (P-C45-24-24-24-90), dimensions 24 x 24 x 24 x 90 po. Cabinet en contreplaqué avec fini intérieur en placage de bouleau. Porte HDF avec moulure en bouleau. Fini extérieur assorti à la porte selon la finition choisie. Prix, disponibilité, panneaux de finition, fillers et installation à confirmer avant publication.",,,taxable,1,,0,0,0,Armoires de cuisine > Garde-manger > Coin 45 degres,"Dilamco, armoires, Shaker, catalogue technique",,sku:P-C45-24-24-24-90,2,Type de module,Garde-manger de coin,1,0,,Largeur,24,1,0,,Largeur B,24,1,0,,Profondeur,24,1,0,,Hauteur,90,1,0,,Hauteur de plafond,,0,0,,Type de coin,Coin 45 degres,1,0,,Style de porte,Shaker,1,0,,Moulure,3 po,1,0,,Couleur,Blanc Pur,1,0,,P-C45-24-24-24-90,Garde-manger de coin,Armoires de cuisine > Garde-manger > Coin 45 degres,,1,24,24,24,90,,Coin 45 degres,Blanc Pur,3 po,Shaker 3 po - Blanc Pur,Trousse Design p.16
variable,P-C45-27-27-24-90,Garde-manger de coin Coin 45 degres - 27 x 27 x 24 x 90 po,0,0,visible,"Garde-manger de coin Dilamco, dimensions 27 x 27 x 24 x 90 po. Finition Shaker disponible selon les variantes.","Module Dilamco garde-manger de coin (P-C45-27-27-24-90), dimensions 27 x 27 x 24 x 90 po. Cabinet en contreplaqué avec fini intérieur en placage de bouleau. Porte HDF avec moulure en bouleau. Fini extérieur assorti à la porte selon la finition choisie. Prix, disponibilité, panneaux de finition, fillers et installation à confirmer avant publication.",,,taxable,1,,0,0,0,Armoires de cuisine > Garde-manger > Coin 45 degres,"Dilamco, armoires, Shaker, catalogue technique",,,0,Type de module,Garde-manger de coin,1,0,,Largeur,27,1,0,,Largeur B,27,1,0,,Profondeur,24,1,0,,Hauteur,90,1,0,,Hauteur de plafond,,0,0,,Type de coin,Coin 45 degres,1,0,,Style de porte,Shaker,1,0,Shaker,Moulure,1 po | 3 po,1,0,1 po,Couleur,Blanc Pur,1,0,Blanc Pur,P-C45-27-27-24-90,Garde-manger de coin,Armoires de cuisine > Garde-manger > Coin 45 degres,,1,27,27,24,90,,Coin 45 degres,,,,Trousse Design p.16
variation,P-C45-27-27-24-90-BP1,Garde-manger de coin Coin 45 degres - 27 x 27 x 24 x 90 po - Shaker 1 po - Blanc Pur,0,0,visible,"Garde-manger de coin Dilamco, dimensions 27 x 27 x 24 x 90 po. Finition Shaker disponible selon les variantes.","Module Dilamco garde-manger de coin (P-C45-27-27-24-90), dimensions 27 x 27 x 24 x 90 po. Cabinet en contreplaqué avec fini intérieur en placage de bouleau. Porte HDF avec moulure en bouleau. Fini extérieur assorti à la porte selon la finition choisie. Prix, disponibilité, panneaux de finition, fillers et installation à confirmer avant publication.",,,taxable,1,,0,0,0,Armoires de cuisine > Garde-manger > Coin 45 degres,"Dilamco, armoires, Shaker, catalogue technique",,sku:P-C45-27-27-24-90,1,Type de module,Garde-manger de coin,1,0,,Largeur,27,1,0,,Largeur B,27,1,0,,Profondeur,24,1,0,,Hauteur,90,1,0,,Hauteur de plafond,,0,0,,Type de coin,Coin 45 degres,1,0,,Style de porte,Shaker,1,0,,Moulure,1 po,1,0,,Couleur,Blanc Pur,1,0,,P-C45-27-27-24-90,Garde-manger de coin,Armoires de cuisine > Garde-manger > Coin 45 degres,,1,27,27,24,90,,Coin 45 degres,Blanc Pur,1 po,Shaker 1 po - Blanc Pur,Trousse Design p.16
variation,P-C45-27-27-24-90-BP3,Garde-manger de coin Coin 45 degres - 27 x 27 x 24 x 90 po - Shaker 3 po - Blanc Pur,0,0,visible,"Garde-manger de coin Dilamco, dimensions 27 x 27 x 24 x 90 po. Finition Shaker disponible selon les variantes.","Module Dilamco garde-manger de coin (P-C45-27-27-24-90), dimensions 27 x 27 x 24 x 90 po. Cabinet en contreplaqué avec fini intérieur en placage de bouleau. Porte HDF avec moulure en bouleau. Fini extérieur assorti à la porte selon la finition choisie. Prix, disponibilité, panneaux de finition, fillers et installation à confirmer avant publication.",,,taxable,1,,0,0,0,Armoires de cuisine > Garde-manger > Coin 45 degres,"Dilamco, armoires, Shaker, catalogue technique",,sku:P-C45-27-27-24-90,2,Type de module,Garde-manger de coin,1,0,,Largeur,27,1,0,,Largeur B,27,1,0,,Profondeur,24,1,0,,Hauteur,90,1,0,,Hauteur de plafond,,0,0,,Type de coin,Coin 45 degres,1,0,,Style de porte,Shaker,1,0,,Moulure,3 po,1,0,,Couleur,Blanc Pur,1,0,,P-C45-27-27-24-90,Garde-manger de coin,Armoires de cuisine > Garde-manger > Coin 45 degres,,1,27,27,24,90,,Coin 45 degres,Blanc Pur,3 po,Shaker 3 po - Blanc Pur,Trousse Design p.16
variable,P-C45-30-30-24-90,Garde-manger de coin Coin 45 degres - 30 x 30 x 24 x 90 po,0,0,visible,"Garde-manger de coin Dilamco, dimensions 30 x 30 x 24 x 90 po. Finition Shaker disponible selon les variantes.","Module Dilamco garde-manger de coin (P-C45-30-30-24-90), dimensions 30 x 30 x 24 x 90 po. Cabinet en contreplaqué avec fini intérieur en placage de bouleau. Porte HDF avec moulure en bouleau. Fini extérieur assorti à la porte selon la finition choisie. Prix, disponibilité, panneaux de finition, fillers et installation à confirmer avant publication.",,,taxable,1,,0,0,0,Armoires de cuisine > Garde-manger > Coin 45 degres,"Dilamco, armoires, Shaker, catalogue technique",,,0,Type de module,Garde-manger de coin,1,0,,Largeur,30,1,0,,Largeur B,30,1,0,,Profondeur,24,1,0,,Hauteur,90,1,0,,Hauteur de plafond,,0,0,,Type de coin,Coin 45 degres,1,0,,Style de porte,Shaker,1,0,Shaker,Moulure,1 po | 3 po,1,0,1 po,Couleur,Blanc Pur,1,0,Blanc Pur,P-C45-30-30-24-90,Garde-manger de coin,Armoires de cuisine > Garde-manger > Coin 45 degres,,1,30,30,24,90,,Coin 45 degres,,,,Trousse Design p.16
variation,P-C45-30-30-24-90-BP1,Garde-manger de coin Coin 45 degres - 30 x 30 x 24 x 90 po - Shaker 1 po - Blanc Pur,0,0,visible,"Garde-manger de coin Dilamco, dimensions 30 x 30 x 24 x 90 po. Finition Shaker disponible selon les variantes.","Module Dilamco garde-manger de coin (P-C45-30-30-24-90), dimensions 30 x 30 x 24 x 90 po. Cabinet en contreplaqué avec fini intérieur en placage de bouleau. Porte HDF avec moulure en bouleau. Fini extérieur assorti à la porte selon la finition choisie. Prix, disponibilité, panneaux de finition, fillers et installation à confirmer avant publication.",,,taxable,1,,0,0,0,Armoires de cuisine > Garde-manger > Coin 45 degres,"Dilamco, armoires, Shaker, catalogue technique",,sku:P-C45-30-30-24-90,1,Type de module,Garde-manger de coin,1,0,,Largeur,30,1,0,,Largeur B,30,1,0,,Profondeur,24,1,0,,Hauteur,90,1,0,,Hauteur de plafond,,0,0,,Type de coin,Coin 45 degres,1,0,,Style de porte,Shaker,1,0,,Moulure,1 po,1,0,,Couleur,Blanc Pur,1,0,,P-C45-30-30-24-90,Garde-manger de coin,Armoires de cuisine > Garde-manger > Coin 45 degres,,1,30,30,24,90,,Coin 45 degres,Blanc Pur,1 po,Shaker 1 po - Blanc Pur,Trousse Design p.16
variation,P-C45-30-30-24-90-BP3,Garde-manger de coin Coin 45 degres - 30 x 30 x 24 x 90 po - Shaker 3 po - Blanc Pur,0,0,visible,"Garde-manger de coin Dilamco, dimensions 30 x 30 x 24 x 90 po. Finition Shaker disponible selon les variantes.","Module Dilamco garde-manger de coin (P-C45-30-30-24-90), dimensions 30 x 30 x 24 x 90 po. Cabinet en contreplaqué avec fini intérieur en placage de bouleau. Porte HDF avec moulure en bouleau. Fini extérieur assorti à la porte selon la finition choisie. Prix, disponibilité, panneaux de finition, fillers et installation à confirmer avant publication.",,,taxable,1,,0,0,0,Armoires de cuisine > Garde-manger > Coin 45 degres,"Dilamco, armoires, Shaker, catalogue technique",,sku:P-C45-30-30-24-90,2,Type de module,Garde-manger de coin,1,0,,Largeur,30,1,0,,Largeur B,30,1,0,,Profondeur,24,1,0,,Hauteur,90,1,0,,Hauteur de plafond,,0,0,,Type de coin,Coin 45 degres,1,0,,Style de porte,Shaker,1,0,,Moulure,3 po,1,0,,Couleur,Blanc Pur,1,0,,P-C45-30-30-24-90,Garde-manger de coin,Armoires de cuisine > Garde-manger > Coin 45 degres,,1,30,30,24,90,,Coin 45 degres,Blanc Pur,3 po,Shaker 3 po - Blanc Pur,Trousse Design p.16
variable,P-C45-24-24-24-96,Garde-manger de coin Coin 45 degres - 24 x 24 x 24 x 96 po,0,0,visible,"Garde-manger de coin Dilamco, dimensions 24 x 24 x 24 x 96 po. Finition Shaker disponible selon les variantes.","Module Dilamco garde-manger de coin (P-C45-24-24-24-96), dimensions 24 x 24 x 24 x 96 po. Cabinet en contreplaqué avec fini intérieur en placage de bouleau. Porte HDF avec moulure en bouleau. Fini extérieur assorti à la porte selon la finition choisie. Prix, disponibilité, panneaux de finition, fillers et installation à confirmer avant publication.",,,taxable,1,,0,0,0,Armoires de cuisine > Garde-manger > Coin 45 degres,"Dilamco, armoires, Shaker, catalogue technique",,,0,Type de module,Garde-manger de coin,1,0,,Largeur,24,1,0,,Largeur B,24,1,0,,Profondeur,24,1,0,,Hauteur,96,1,0,,Hauteur de plafond,,0,0,,Type de coin,Coin 45 degres,1,0,,Style de porte,Shaker,1,0,Shaker,Moulure,1 po | 3 po,1,0,1 po,Couleur,Blanc Pur,1,0,Blanc Pur,P-C45-24-24-24-96,Garde-manger de coin,Armoires de cuisine > Garde-manger > Coin 45 degres,,1,24,24,24,96,,Coin 45 degres,,,,Trousse Design p.16
variation,P-C45-24-24-24-96-BP1,Garde-manger de coin Coin 45 degres - 24 x 24 x 24 x 96 po - Shaker 1 po - Blanc Pur,0,0,visible,"Garde-manger de coin Dilamco, dimensions 24 x 24 x 24 x 96 po. Finition Shaker disponible selon les variantes.","Module Dilamco garde-manger de coin (P-C45-24-24-24-96), dimensions 24 x 24 x 24 x 96 po. Cabinet en contreplaqué avec fini intérieur en placage de bouleau. Porte HDF avec moulure en bouleau. Fini extérieur assorti à la porte selon la finition choisie. Prix, disponibilité, panneaux de finition, fillers et installation à confirmer avant publication.",,,taxable,1,,0,0,0,Armoires de cuisine > Garde-manger > Coin 45 degres,"Dilamco, armoires, Shaker, catalogue technique",,sku:P-C45-24-24-24-96,1,Type de module,Garde-manger de coin,1,0,,Largeur,24,1,0,,Largeur B,24,1,0,,Profondeur,24,1,0,,Hauteur,96,1,0,,Hauteur de plafond,,0,0,,Type de coin,Coin 45 degres,1,0,,Style de porte,Shaker,1,0,,Moulure,1 po,1,0,,Couleur,Blanc Pur,1,0,,P-C45-24-24-24-96,Garde-manger de coin,Armoires de cuisine > Garde-manger > Coin 45 degres,,1,24,24,24,96,,Coin 45 degres,Blanc Pur,1 po,Shaker 1 po - Blanc Pur,Trousse Design p.16
variation,P-C45-24-24-24-96-BP3,Garde-manger de coin Coin 45 degres - 24 x 24 x 24 x 96 po - Shaker 3 po - Blanc Pur,0,0,visible,"Garde-manger de coin Dilamco, dimensions 24 x 24 x 24 x 96 po. Finition Shaker disponible selon les variantes.","Module Dilamco garde-manger de coin (P-C45-24-24-24-96), dimensions 24 x 24 x 24 x 96 po. Cabinet en contreplaqué avec fini intérieur en placage de bouleau. Porte HDF avec moulure en bouleau. Fini extérieur assorti à la porte selon la finition choisie. Prix, disponibilité, panneaux de finition, fillers et installation à confirmer avant publication.",,,taxable,1,,0,0,0,Armoires de cuisine > Garde-manger > Coin 45 degres,"Dilamco, armoires, Shaker, catalogue technique",,sku:P-C45-24-24-24-96,2,Type de module,Garde-manger de coin,1,0,,Largeur,24,1,0,,Largeur B,24,1,0,,Profondeur,24,1,0,,Hauteur,96,1,0,,Hauteur de plafond,,0,0,,Type de coin,Coin 45 degres,1,0,,Style de porte,Shaker,1,0,,Moulure,3 po,1,0,,Couleur,Blanc Pur,1,0,,P-C45-24-24-24-96,Garde-manger de coin,Armoires de cuisine > Garde-manger > Coin 45 degres,,1,24,24,24,96,,Coin 45 degres,Blanc Pur,3 po,Shaker 3 po - Blanc Pur,Trousse Design p.16
variable,P-C45-27-27-24-96,Garde-manger de coin Coin 45 degres - 27 x 27 x 24 x 96 po,0,0,visible,"Garde-manger de coin Dilamco, dimensions 27 x 27 x 24 x 96 po. Finition Shaker disponible selon les variantes.","Module Dilamco garde-manger de coin (P-C45-27-27-24-96), dimensions 27 x 27 x 24 x 96 po. Cabinet en contreplaqué avec fini intérieur en placage de bouleau. Porte HDF avec moulure en bouleau. Fini extérieur assorti à la porte selon la finition choisie. Prix, disponibilité, panneaux de finition, fillers et installation à confirmer avant publication.",,,taxable,1,,0,0,0,Armoires de cuisine > Garde-manger > Coin 45 degres,"Dilamco, armoires, Shaker, catalogue technique",,,0,Type de module,Garde-manger de coin,1,0,,Largeur,27,1,0,,Largeur B,27,1,0,,Profondeur,24,1,0,,Hauteur,96,1,0,,Hauteur de plafond,,0,0,,Type de coin,Coin 45 degres,1,0,,Style de porte,Shaker,1,0,Shaker,Moulure,1 po | 3 po,1,0,1 po,Couleur,Blanc Pur,1,0,Blanc Pur,P-C45-27-27-24-96,Garde-manger de coin,Armoires de cuisine > Garde-manger > Coin 45 degres,,1,27,27,24,96,,Coin 45 degres,,,,Trousse Design p.16
variation,P-C45-27-27-24-96-BP1,Garde-manger de coin Coin 45 degres - 27 x 27 x 24 x 96 po - Shaker 1 po - Blanc Pur,0,0,visible,"Garde-manger de coin Dilamco, dimensions 27 x 27 x 24 x 96 po. Finition Shaker disponible selon les variantes.","Module Dilamco garde-manger de coin (P-C45-27-27-24-96), dimensions 27 x 27 x 24 x 96 po. Cabinet en contreplaqué avec fini intérieur en placage de bouleau. Porte HDF avec moulure en bouleau. Fini extérieur assorti à la porte selon la finition choisie. Prix, disponibilité, panneaux de finition, fillers et installation à confirmer avant publication.",,,taxable,1,,0,0,0,Armoires de cuisine > Garde-manger > Coin 45 degres,"Dilamco, armoires, Shaker, catalogue technique",,sku:P-C45-27-27-24-96,1,Type de module,Garde-manger de coin,1,0,,Largeur,27,1,0,,Largeur B,27,1,0,,Profondeur,24,1,0,,Hauteur,96,1,0,,Hauteur de plafond,,0,0,,Type de coin,Coin 45 degres,1,0,,Style de porte,Shaker,1,0,,Moulure,1 po,1,0,,Couleur,Blanc Pur,1,0,,P-C45-27-27-24-96,Garde-manger de coin,Armoires de cuisine > Garde-manger > Coin 45 degres,,1,27,27,24,96,,Coin 45 degres,Blanc Pur,1 po,Shaker 1 po - Blanc Pur,Trousse Design p.16
variation,P-C45-27-27-24-96-BP3,Garde-manger de coin Coin 45 degres - 27 x 27 x 24 x 96 po - Shaker 3 po - Blanc Pur,0,0,visible,"Garde-manger de coin Dilamco, dimensions 27 x 27 x 24 x 96 po. Finition Shaker disponible selon les variantes.","Module Dilamco garde-manger de coin (P-C45-27-27-24-96), dimensions 27 x 27 x 24 x 96 po. Cabinet en contreplaqué avec fini intérieur en placage de bouleau. Porte HDF avec moulure en bouleau. Fini extérieur assorti à la porte selon la finition choisie. Prix, disponibilité, panneaux de finition, fillers et installation à confirmer avant publication.",,,taxable,1,,0,0,0,Armoires de cuisine > Garde-manger > Coin 45 degres,"Dilamco, armoires, Shaker, catalogue technique",,sku:P-C45-27-27-24-96,2,Type de module,Garde-manger de coin,1,0,,Largeur,27,1,0,,Largeur B,27,1,0,,Profondeur,24,1,0,,Hauteur,96,1,0,,Hauteur de plafond,,0,0,,Type de coin,Coin 45 degres,1,0,,Style de porte,Shaker,1,0,,Moulure,3 po,1,0,,Couleur,Blanc Pur,1,0,,P-C45-27-27-24-96,Garde-manger de coin,Armoires de cuisine > Garde-manger > Coin 45 degres,,1,27,27,24,96,,Coin 45 degres,Blanc Pur,3 po,Shaker 3 po - Blanc Pur,Trousse Design p.16
variable,P-C45-30-30-24-96,Garde-manger de coin Coin 45 degres - 30 x 30 x 24 x 96 po,0,0,visible,"Garde-manger de coin Dilamco, dimensions 30 x 30 x 24 x 96 po. Finition Shaker disponible selon les variantes.","Module Dilamco garde-manger de coin (P-C45-30-30-24-96), dimensions 30 x 30 x 24 x 96 po. Cabinet en contreplaqué avec fini intérieur en placage de bouleau. Porte HDF avec moulure en bouleau. Fini extérieur assorti à la porte selon la finition choisie. Prix, disponibilité, panneaux de finition, fillers et installation à confirmer avant publication.",,,taxable,1,,0,0,0,Armoires de cuisine > Garde-manger > Coin 45 degres,"Dilamco, armoires, Shaker, catalogue technique",,,0,Type de module,Garde-manger de coin,1,0,,Largeur,30,1,0,,Largeur B,30,1,0,,Profondeur,24,1,0,,Hauteur,96,1,0,,Hauteur de plafond,,0,0,,Type de coin,Coin 45 degres,1,0,,Style de porte,Shaker,1,0,Shaker,Moulure,1 po | 3 po,1,0,1 po,Couleur,Blanc Pur,1,0,Blanc Pur,P-C45-30-30-24-96,Garde-manger de coin,Armoires de cuisine > Garde-manger > Coin 45 degres,,1,30,30,24,96,,Coin 45 degres,,,,Trousse Design p.16
variation,P-C45-30-30-24-96-BP1,Garde-manger de coin Coin 45 degres - 30 x 30 x 24 x 96 po - Shaker 1 po - Blanc Pur,0,0,visible,"Garde-manger de coin Dilamco, dimensions 30 x 30 x 24 x 96 po. Finition Shaker disponible selon les variantes.","Module Dilamco garde-manger de coin (P-C45-30-30-24-96), dimensions 30 x 30 x 24 x 96 po. Cabinet en contreplaqué avec fini intérieur en placage de bouleau. Porte HDF avec moulure en bouleau. Fini extérieur assorti à la porte selon la finition choisie. Prix, disponibilité, panneaux de finition, fillers et installation à confirmer avant publication.",,,taxable,1,,0,0,0,Armoires de cuisine > Garde-manger > Coin 45 degres,"Dilamco, armoires, Shaker, catalogue technique",,sku:P-C45-30-30-24-96,1,Type de module,Garde-manger de coin,1,0,,Largeur,30,1,0,,Largeur B,30,1,0,,Profondeur,24,1,0,,Hauteur,96,1,0,,Hauteur de plafond,,0,0,,Type de coin,Coin 45 degres,1,0,,Style de porte,Shaker,1,0,,Moulure,1 po,1,0,,Couleur,Blanc Pur,1,0,,P-C45-30-30-24-96,Garde-manger de coin,Armoires de cuisine > Garde-manger > Coin 45 degres,,1,30,30,24,96,,Coin 45 degres,Blanc Pur,1 po,Shaker 1 po - Blanc Pur,Trousse Design p.16
variation,P-C45-30-30-24-96-BP3,Garde-manger de coin Coin 45 degres - 30 x 30 x 24 x 96 po - Shaker 3 po - Blanc Pur,0,0,visible,"Garde-manger de coin Dilamco, dimensions 30 x 30 x 24 x 96 po. Finition Shaker disponible selon les variantes.","Module Dilamco garde-manger de coin (P-C45-30-30-24-96), dimensions 30 x 30 x 24 x 96 po. Cabinet en contreplaqué avec fini intérieur en placage de bouleau. Porte HDF avec moulure en bouleau. Fini extérieur assorti à la porte selon la finition choisie. Prix, disponibilité, panneaux de finition, fillers et installation à confirmer avant publication.",,,taxable,1,,0,0,0,Armoires de cuisine > Garde-manger > Coin 45 degres,"Dilamco, armoires, Shaker, catalogue technique",,sku:P-C45-30-30-24-96,2,Type de module,Garde-manger de coin,1,0,,Largeur,30,1,0,,Largeur B,30,1,0,,Profondeur,24,1,0,,Hauteur,96,1,0,,Hauteur de plafond,,0,0,,Type de coin,Coin 45 degres,1,0,,Style de porte,Shaker,1,0,,Moulure,3 po,1,0,,Couleur,Blanc Pur,1,0,,P-C45-30-30-24-96,Garde-manger de coin,Armoires de cuisine > Garde-manger > Coin 45 degres,,1,30,30,24,96,,Coin 45 degres,Blanc Pur,3 po,Shaker 3 po - Blanc Pur,Trousse Design p.16
variable,P-C45-24-24-24-108,Garde-manger de coin Coin 45 degres - 24 x 24 x 24 x 108 po,0,0,visible,"Garde-manger de coin Dilamco, dimensions 24 x 24 x 24 x 108 po. Finition Shaker disponible selon les variantes.","Module Dilamco garde-manger de coin (P-C45-24-24-24-108), dimensions 24 x 24 x 24 x 108 po. Cabinet en contreplaqué avec fini intérieur en placage de bouleau. Porte HDF avec moulure en bouleau. Fini extérieur assorti à la porte selon la finition choisie. Prix, disponibilité, panneaux de finition, fillers et installation à confirmer avant publication.",,,taxable,1,,0,0,0,Armoires de cuisine > Garde-manger > Coin 45 degres,"Dilamco, armoires, Shaker, catalogue technique",,,0,Type de module,Garde-manger de coin,1,0,,Largeur,24,1,0,,Largeur B,24,1,0,,Profondeur,24,1,0,,Hauteur,108,1,0,,Hauteur de plafond,,0,0,,Type de coin,Coin 45 degres,1,0,,Style de porte,Shaker,1,0,Shaker,Moulure,1 po | 3 po,1,0,1 po,Couleur,Blanc Pur,1,0,Blanc Pur,P-C45-24-24-24-108,Garde-manger de coin,Armoires de cuisine > Garde-manger > Coin 45 degres,,1,24,24,24,108,,Coin 45 degres,,,,Trousse Design p.16
variation,P-C45-24-24-24-108-BP1,Garde-manger de coin Coin 45 degres - 24 x 24 x 24 x 108 po - Shaker 1 po - Blanc Pur,0,0,visible,"Garde-manger de coin Dilamco, dimensions 24 x 24 x 24 x 108 po. Finition Shaker disponible selon les variantes.","Module Dilamco garde-manger de coin (P-C45-24-24-24-108), dimensions 24 x 24 x 24 x 108 po. Cabinet en contreplaqué avec fini intérieur en placage de bouleau. Porte HDF avec moulure en bouleau. Fini extérieur assorti à la porte selon la finition choisie. Prix, disponibilité, panneaux de finition, fillers et installation à confirmer avant publication.",,,taxable,1,,0,0,0,Armoires de cuisine > Garde-manger > Coin 45 degres,"Dilamco, armoires, Shaker, catalogue technique",,sku:P-C45-24-24-24-108,1,Type de module,Garde-manger de coin,1,0,,Largeur,24,1,0,,Largeur B,24,1,0,,Profondeur,24,1,0,,Hauteur,108,1,0,,Hauteur de plafond,,0,0,,Type de coin,Coin 45 degres,1,0,,Style de porte,Shaker,1,0,,Moulure,1 po,1,0,,Couleur,Blanc Pur,1,0,,P-C45-24-24-24-108,Garde-manger de coin,Armoires de cuisine > Garde-manger > Coin 45 degres,,1,24,24,24,108,,Coin 45 degres,Blanc Pur,1 po,Shaker 1 po - Blanc Pur,Trousse Design p.16
variation,P-C45-24-24-24-108-BP3,Garde-manger de coin Coin 45 degres - 24 x 24 x 24 x 108 po - Shaker 3 po - Blanc Pur,0,0,visible,"Garde-manger de coin Dilamco, dimensions 24 x 24 x 24 x 108 po. Finition Shaker disponible selon les variantes.","Module Dilamco garde-manger de coin (P-C45-24-24-24-108), dimensions 24 x 24 x 24 x 108 po. Cabinet en contreplaqué avec fini intérieur en placage de bouleau. Porte HDF avec moulure en bouleau. Fini extérieur assorti à la porte selon la finition choisie. Prix, disponibilité, panneaux de finition, fillers et installation à confirmer avant publication.",,,taxable,1,,0,0,0,Armoires de cuisine > Garde-manger > Coin 45 degres,"Dilamco, armoires, Shaker, catalogue technique",,sku:P-C45-24-24-24-108,2,Type de module,Garde-manger de coin,1,0,,Largeur,24,1,0,,Largeur B,24,1,0,,Profondeur,24,1,0,,Hauteur,108,1,0,,Hauteur de plafond,,0,0,,Type de coin,Coin 45 degres,1,0,,Style de porte,Shaker,1,0,,Moulure,3 po,1,0,,Couleur,Blanc Pur,1,0,,P-C45-24-24-24-108,Garde-manger de coin,Armoires de cuisine > Garde-manger > Coin 45 degres,,1,24,24,24,108,,Coin 45 degres,Blanc Pur,3 po,Shaker 3 po - Blanc Pur,Trousse Design p.16
variable,P-C45-27-27-24-108,Garde-manger de coin Coin 45 degres - 27 x 27 x 24 x 108 po,0,0,visible,"Garde-manger de coin Dilamco, dimensions 27 x 27 x 24 x 108 po. Finition Shaker disponible selon les variantes.","Module Dilamco garde-manger de coin (P-C45-27-27-24-108), dimensions 27 x 27 x 24 x 108 po. Cabinet en contreplaqué avec fini intérieur en placage de bouleau. Porte HDF avec moulure en bouleau. Fini extérieur assorti à la porte selon la finition choisie. Prix, disponibilité, panneaux de finition, fillers et installation à confirmer avant publication.",,,taxable,1,,0,0,0,Armoires de cuisine > Garde-manger > Coin 45 degres,"Dilamco, armoires, Shaker, catalogue technique",,,0,Type de module,Garde-manger de coin,1,0,,Largeur,27,1,0,,Largeur B,27,1,0,,Profondeur,24,1,0,,Hauteur,108,1,0,,Hauteur de plafond,,0,0,,Type de coin,Coin 45 degres,1,0,,Style de porte,Shaker,1,0,Shaker,Moulure,1 po | 3 po,1,0,1 po,Couleur,Blanc Pur,1,0,Blanc Pur,P-C45-27-27-24-108,Garde-manger de coin,Armoires de cuisine > Garde-manger > Coin 45 degres,,1,27,27,24,108,,Coin 45 degres,,,,Trousse Design p.16
variation,P-C45-27-27-24-108-BP1,Garde-manger de coin Coin 45 degres - 27 x 27 x 24 x 108 po - Shaker 1 po - Blanc Pur,0,0,visible,"Garde-manger de coin Dilamco, dimensions 27 x 27 x 24 x 108 po. Finition Shaker disponible selon les variantes.","Module Dilamco garde-manger de coin (P-C45-27-27-24-108), dimensions 27 x 27 x 24 x 108 po. Cabinet en contreplaqué avec fini intérieur en placage de bouleau. Porte HDF avec moulure en bouleau. Fini extérieur assorti à la porte selon la finition choisie. Prix, disponibilité, panneaux de finition, fillers et installation à confirmer avant publication.",,,taxable,1,,0,0,0,Armoires de cuisine > Garde-manger > Coin 45 degres,"Dilamco, armoires, Shaker, catalogue technique",,sku:P-C45-27-27-24-108,1,Type de module,Garde-manger de coin,1,0,,Largeur,27,1,0,,Largeur B,27,1,0,,Profondeur,24,1,0,,Hauteur,108,1,0,,Hauteur de plafond,,0,0,,Type de coin,Coin 45 degres,1,0,,Style de porte,Shaker,1,0,,Moulure,1 po,1,0,,Couleur,Blanc Pur,1,0,,P-C45-27-27-24-108,Garde-manger de coin,Armoires de cuisine > Garde-manger > Coin 45 degres,,1,27,27,24,108,,Coin 45 degres,Blanc Pur,1 po,Shaker 1 po - Blanc Pur,Trousse Design p.16
variation,P-C45-27-27-24-108-BP3,Garde-manger de coin Coin 45 degres - 27 x 27 x 24 x 108 po - Shaker 3 po - Blanc Pur,0,0,visible,"Garde-manger de coin Dilamco, dimensions 27 x 27 x 24 x 108 po. Finition Shaker disponible selon les variantes.","Module Dilamco garde-manger de coin (P-C45-27-27-24-108), dimensions 27 x 27 x 24 x 108 po. Cabinet en contreplaqué avec fini intérieur en placage de bouleau. Porte HDF avec moulure en bouleau. Fini extérieur assorti à la porte selon la finition choisie. Prix, disponibilité, panneaux de finition, fillers et installation à confirmer avant publication.",,,taxable,1,,0,0,0,Armoires de cuisine > Garde-manger > Coin 45 degres,"Dilamco, armoires, Shaker, catalogue technique",,sku:P-C45-27-27-24-108,2,Type de module,Garde-manger de coin,1,0,,Largeur,27,1,0,,Largeur B,27,1,0,,Profondeur,24,1,0,,Hauteur,108,1,0,,Hauteur de plafond,,0,0,,Type de coin,Coin 45 degres,1,0,,Style de porte,Shaker,1,0,,Moulure,3 po,1,0,,Couleur,Blanc Pur,1,0,,P-C45-27-27-24-108,Garde-manger de coin,Armoires de cuisine > Garde-manger > Coin 45 degres,,1,27,27,24,108,,Coin 45 degres,Blanc Pur,3 po,Shaker 3 po - Blanc Pur,Trousse Design p.16
variable,P-C45-30-30-24-108,Garde-manger de coin Coin 45 degres - 30 x 30 x 24 x 108 po,0,0,visible,"Garde-manger de coin Dilamco, dimensions 30 x 30 x 24 x 108 po. Finition Shaker disponible selon les variantes.","Module Dilamco garde-manger de coin (P-C45-30-30-24-108), dimensions 30 x 30 x 24 x 108 po. Cabinet en contreplaqué avec fini intérieur en placage de bouleau. Porte HDF avec moulure en bouleau. Fini extérieur assorti à la porte selon la finition choisie. Prix, disponibilité, panneaux de finition, fillers et installation à confirmer avant publication.",,,taxable,1,,0,0,0,Armoires de cuisine > Garde-manger > Coin 45 degres,"Dilamco, armoires, Shaker, catalogue technique",,,0,Type de module,Garde-manger de coin,1,0,,Largeur,30,1,0,,Largeur B,30,1,0,,Profondeur,24,1,0,,Hauteur,108,1,0,,Hauteur de plafond,,0,0,,Type de coin,Coin 45 degres,1,0,,Style de porte,Shaker,1,0,Shaker,Moulure,1 po | 3 po,1,0,1 po,Couleur,Blanc Pur,1,0,Blanc Pur,P-C45-30-30-24-108,Garde-manger de coin,Armoires de cuisine > Garde-manger > Coin 45 degres,,1,30,30,24,108,,Coin 45 degres,,,,Trousse Design p.16
variation,P-C45-30-30-24-108-BP1,Garde-manger de coin Coin 45 degres - 30 x 30 x 24 x 108 po - Shaker 1 po - Blanc Pur,0,0,visible,"Garde-manger de coin Dilamco, dimensions 30 x 30 x 24 x 108 po. Finition Shaker disponible selon les variantes.","Module Dilamco garde-manger de coin (P-C45-30-30-24-108), dimensions 30 x 30 x 24 x 108 po. Cabinet en contreplaqué avec fini intérieur en placage de bouleau. Porte HDF avec moulure en bouleau. Fini extérieur assorti à la porte selon la finition choisie. Prix, disponibilité, panneaux de finition, fillers et installation à confirmer avant publication.",,,taxable,1,,0,0,0,Armoires de cuisine > Garde-manger > Coin 45 degres,"Dilamco, armoires, Shaker, catalogue technique",,sku:P-C45-30-30-24-108,1,Type de module,Garde-manger de coin,1,0,,Largeur,30,1,0,,Largeur B,30,1,0,,Profondeur,24,1,0,,Hauteur,108,1,0,,Hauteur de plafond,,0,0,,Type de coin,Coin 45 degres,1,0,,Style de porte,Shaker,1,0,,Moulure,1 po,1,0,,Couleur,Blanc Pur,1,0,,P-C45-30-30-24-108,Garde-manger de coin,Armoires de cuisine > Garde-manger > Coin 45 degres,,1,30,30,24,108,,Coin 45 degres,Blanc Pur,1 po,Shaker 1 po - Blanc Pur,Trousse Design p.16
variation,P-C45-30-30-24-108-BP3,Garde-manger de coin Coin 45 degres - 30 x 30 x 24 x 108 po - Shaker 3 po - Blanc Pur,0,0,visible,"Garde-manger de coin Dilamco, dimensions 30 x 30 x 24 x 108 po. Finition Shaker disponible selon les variantes.","Module Dilamco garde-manger de coin (P-C45-30-30-24-108), dimensions 30 x 30 x 24 x 108 po. Cabinet en contreplaqué avec fini intérieur en placage de bouleau. Porte HDF avec moulure en bouleau. Fini extérieur assorti à la porte selon la finition choisie. Prix, disponibilité, panneaux de finition, fillers et installation à confirmer avant publication.",,,taxable,1,,0,0,0,Armoires de cuisine > Garde-manger > Coin 45 degres,"Dilamco, armoires, Shaker, catalogue technique",,sku:P-C45-30-30-24-108,2,Type de module,Garde-manger de coin,1,0,,Largeur,30,1,0,,Largeur B,30,1,0,,Profondeur,24,1,0,,Hauteur,108,1,0,,Hauteur de plafond,,0,0,,Type de coin,Coin 45 degres,1,0,,Style de porte,Shaker,1,0,,Moulure,3 po,1,0,,Couleur,Blanc Pur,1,0,,P-C45-30-30-24-108,Garde-manger de coin,Armoires de cuisine > Garde-manger > Coin 45 degres,,1,30,30,24,108,,Coin 45 degres,Blanc Pur,3 po,Shaker 3 po - Blanc Pur,Trousse Design p.16
